{"started_on": {"$dt": "2021-07-15T20:49:25.051351"}, "duration": 192, "sample_id": 37, "owner": null, "id": 40, "category": "file", "priority": 1, "guest": {"status": "stopped", "name": "cuc", "label": "cuc", "manager": "VirtualBox", "started_on": "2021-07-15 20:49:25", "shutdown_on": "2021-07-15 20:52:37"}, "clock": {"$dt": "2021-07-15T20:49:24.323903"}, "custom": null, "machine": null, "platform": null, "memory": false, "status": "completed", "tags": [], "processing": null, "enforce_timeout": false, "completed_on": {"$dt": "2021-07-15T20:52:37.614592"}, "target": "/home/cuckoo/Desktop/apps/bin/false", "package": "", "route": "none", "timeout": 0, "submit_id": null, "options": {}, "added_on": {"$dt": "2021-07-15T20:49:24.323918"}}