{
    "info": {
        "added": 1626381361.27182, 
        "started": 1626381361.431929, 
        "duration": 191, 
        "ended": 1626381553.414648, 
        "owner": null, 
        "score": 0.0, 
        "id": 37, 
        "category": "file", 
        "git": {
            "head": "13cbe0d9e457be3673304533043e992ead1ea9b2", 
            "fetch_head": "13cbe0d9e457be3673304533043e992ead1ea9b2"
        }, 
        "monitor": "2deb9ccd75d5a7a3fe05b2625b03a8639d6ee36b", 
        "package": "", 
        "route": "none", 
        "custom": null, 
        "machine": {
            "status": "stopped", 
            "name": "cuc", 
            "label": "cuc", 
            "manager": "VirtualBox", 
            "started_on": "2021-07-15 20:36:01", 
            "shutdown_on": "2021-07-15 20:39:13"
        }, 
        "platform": null, 
        "version": "2.0.7", 
        "options": ""
    }, 
    "signatures": [], 
    "target": {
        "category": "file", 
        "file": {
            "yara": [], 
            "sha1": "56f89d347a11adb46baadaa3f6fa1cc566c6c043", 
            "name": "echo", 
            "type": "ELF 64-bit LSB shared object, x86-64, version 1 (SYSV), dynamically linked, interpreter /lib64/ld-linux-x86-64.so.2, for GNU/Linux 3.2.0, BuildID[sha1]=057373f1356c861e0ec5b52c72804c86c6842cd5, stripped", 
            "sha256": "c5ebd611260a9057144fd1d7de48dbefc14e16240895cb896034ae05a94b5750", 
            "urls": [
                "http://gnu.org/licenses/gpl.html", 
                "http://translationproject.org/team/", 
                "http://www.gnu.org/software/coreutils/", 
                "http://www.gnu.org/gethelp/"
            ], 
            "crc32": "7D59EC01", 
            "path": "/home/cuckoo/.cuckoo/storage/binaries/c5ebd611260a9057144fd1d7de48dbefc14e16240895cb896034ae05a94b5750", 
            "ssdeep": null, 
            "size": 35000, 
            "sha512": "a6ae6c7edde6477b7f2052eb863f5bb97b59b6502248a5a4a98fa233b15a6e1434b91a38cda68655b1cde2e4257d04a548511a5962f9a992f0f94c508d314bac", 
            "md5": "518882eba51b05a15463e639892dda37"
        }
    }, 
    "network": {
        "tls": [], 
        "udp": [
            {
                "src": "192.168.56.101", 
                "dst": "224.0.0.251", 
                "offset": 234, 
                "time": 0.3332538604736328, 
                "dport": 5353, 
                "sport": 5353
            }
        ], 
        "dns_servers": [
            "224.0.0.251"
        ], 
        "http": [], 
        "icmp": [], 
        "smtp": [], 
        "tcp": [], 
        "smtp_ex": [], 
        "mitm": [], 
        "hosts": [], 
        "pcap_sha256": "17150968d2f587771ae0c41b8eb273af6deb7f25929dae0f83562c15bd80a2d0", 
        "dns": [
            {
                "type": "PTR", 
                "request": "_ipps._tcp.local", 
                "answers": []
            }
        ], 
        "http_ex": [], 
        "domains": [
            {
                "ip": "", 
                "domain": "_ipps._tcp.local"
            }
        ], 
        "dead_hosts": [], 
        "sorted_pcap_sha256": "789721caedc5468deec0ee2793a834b68ff2b70b020c7588ac1ae03ea8a3fafc", 
        "irc": [], 
        "https_ex": []
    }, 
    "behavior": {
        "generic": [
            {
                "process_path": null, 
                "process_name": "echo", 
                "pid": 1598, 
                "summary": {}, 
                "first_seen": 1626374164.930018, 
                "ppid": 1597
            }
        ], 
        "processes": [
            {
                "calls": [
                    {
                        "status": "", 
                        "raw": "Thu Jul 15 18:36:04 2021.930018 echo@7f102effa0a9[1598] execve(\"/tmp/echo\", [\"/tmp/echo\"], [\"LC_TIME=de_CH.UTF-8\", \"HOME=/root\", \"LC_MONETARY=de_CH.UTF-8\", \"LOGNAME=root\", \"PATH=/usr/bin:/bin\", \"LC_ADDRESS=de_CH.UTF-8\", \"LANG=en_US.UTF-8\", \"LC_TELEPHONE=de_CH.UTF-8\", \"LC_NAME=de_CH.UTF-8\", \"SHELL=/bin/sh\", \"LC_MEASUREMENT=de_CH.UTF-8\", \"LC_IDENTIFICATION=de_CH.UTF-8\", \"PWD=/tmpRDxCmS\", \"LC_NUMERIC=de_CH.UTF-8\", \"LC_PAPER=de_CH.UTF-8\"])\n", 
                        "api": "execve", 
                        "return_value": "", 
                        "instruction_pointer": "7f102effa0a9", 
                        "time": 1626374164.930018, 
                        "process_name": "echo", 
                        "pid": 1598, 
                        "arguments": {
                            "p2": [
                                "LC_TIME=de_CH.UTF-8", 
                                "HOME=/root", 
                                "LC_MONETARY=de_CH.UTF-8", 
                                "LOGNAME=root", 
                                "PATH=/usr/bin:/bin", 
                                "LC_ADDRESS=de_CH.UTF-8", 
                                "LANG=en_US.UTF-8", 
                                "LC_TELEPHONE=de_CH.UTF-8", 
                                "LC_NAME=de_CH.UTF-8", 
                                "SHELL=/bin/sh", 
                                "LC_MEASUREMENT=de_CH.UTF-8", 
                                "LC_IDENTIFICATION=de_CH.UTF-8", 
                                "PWD=/tmpRDxCmS", 
                                "LC_NUMERIC=de_CH.UTF-8", 
                                "LC_PAPER=de_CH.UTF-8"
                            ], 
                            "p0": "/tmp/echo", 
                            "p1": [
                                "/tmp/echo"
                            ]
                        }
                    }, 
                    {
                        "status": "", 
                        "raw": "Thu Jul 15 18:36:04 2021.930217 echo@7f102effa0a9[1598] brk(0x0) = 94774373281792\n", 
                        "api": "brk", 
                        "return_value": "94774373281792", 
                        "instruction_pointer": "7f102effa0a9", 
                        "time": 1626374164.930217, 
                        "process_name": "echo", 
                        "pid": 1598, 
                        "arguments": {
                            "p0": "0x0"
                        }
                    }, 
                    {
                        "status": "ENOENT", 
                        "raw": "Thu Jul 15 18:36:04 2021.930253 echo@7f102efed96e[1598] access(\"/etc/ld.so.nohwcap\", F_OK) = -2 (ENOENT)\n", 
                        "api": "access", 
                        "return_value": "-2", 
                        "instruction_pointer": "7f102efed96e", 
                        "time": 1626374164.930253, 
                        "process_name": "echo", 
                        "pid": 1598, 
                        "arguments": {
                            "p0": "/etc/ld.so.nohwcap", 
                            "p1": "F_OK"
                        }
                    }, 
                    {
                        "status": "ENOENT", 
                        "raw": "Thu Jul 15 18:36:04 2021.930272 echo@7f102effb007[1598] access(\"/etc/ld.so.preload\", R_OK) = -2 (ENOENT)\n", 
                        "api": "access", 
                        "return_value": "-2", 
                        "instruction_pointer": "7f102effb007", 
                        "time": 1626374164.930272, 
                        "process_name": "echo", 
                        "pid": 1598, 
                        "arguments": {
                            "p0": "/etc/ld.so.preload", 
                            "p1": "R_OK"
                        }
                    }, 
                    {
                        "status": "", 
                        "raw": "Thu Jul 15 18:36:04 2021.930286 echo@7f102effaebd[1598] openat(AT_FDCWD, \"/etc/ld.so.cache\", O_RDONLY|O_CLOEXEC) = 6\n", 
                        "api": "openat", 
                        "return_value": "6", 
                        "instruction_pointer": "7f102effaebd", 
                        "time": 1626374164.930286, 
                        "process_name": "echo", 
                        "pid": 1598, 
                        "arguments": {
                            "p2": "O_RDONLY|O_CLOEXEC", 
                            "p0": "AT_FDCWD", 
                            "p1": "/etc/ld.so.cache"
                        }
                    }, 
                    {
                        "status": "", 
                        "raw": "Thu Jul 15 18:36:04 2021.930299 echo@7f102effae23[1598] fstat(6, 0x7ffd36582780) = 0\n", 
                        "api": "fstat", 
                        "return_value": "0", 
                        "instruction_pointer": "7f102effae23", 
                        "time": 1626374164.930299, 
                        "process_name": "echo", 
                        "pid": 1598, 
                        "arguments": {
                            "p0": "6", 
                            "p1": "0x7ffd36582780"
                        }
                    }, 
                    {
                        "status": "", 
                        "raw": "Thu Jul 15 18:36:04 2021.930310 echo@7f102effb123[1598] mmap2(0x0, 85414, PROT_READ, MAP_PRIVATE, 6, 0) = 0x7f102f1f2000\n", 
                        "api": "mmap2", 
                        "return_value": "0x7f102f1f2000", 
                        "instruction_pointer": "7f102effb123", 
                        "time": 1626374164.93031, 
                        "process_name": "echo", 
                        "pid": 1598, 
                        "arguments": {
                            "p2": "PROT_READ", 
                            "p3": "MAP_PRIVATE", 
                            "p0": "0x0", 
                            "p1": "85414", 
                            "p4": "6", 
                            "p5": "0"
                        }
                    }, 
                    {
                        "status": "", 
                        "raw": "Thu Jul 15 18:36:04 2021.930322 echo@7f102effb0b7[1598] close(6) = 0\n", 
                        "api": "close", 
                        "return_value": "0", 
                        "instruction_pointer": "7f102effb0b7", 
                        "time": 1626374164.930322, 
                        "process_name": "echo", 
                        "pid": 1598, 
                        "arguments": {
                            "p0": "6"
                        }
                    }, 
                    {
                        "status": "ENOENT", 
                        "raw": "Thu Jul 15 18:36:04 2021.930336 echo@7f102eff62d9[1598] access(\"/etc/ld.so.nohwcap\", F_OK) = -2 (ENOENT)\n", 
                        "api": "access", 
                        "return_value": "-2", 
                        "instruction_pointer": "7f102eff62d9", 
                        "time": 1626374164.930336, 
                        "process_name": "echo", 
                        "pid": 1598, 
                        "arguments": {
                            "p0": "/etc/ld.so.nohwcap", 
                            "p1": "F_OK"
                        }
                    }, 
                    {
                        "status": "", 
                        "raw": "Thu Jul 15 18:36:04 2021.930353 echo@7f102effaebd[1598] openat(AT_FDCWD, \"/lib/x86_64-linux-gnu/libc.so.6\", O_RDONLY|O_CLOEXEC) = 6\n", 
                        "api": "openat", 
                        "return_value": "6", 
                        "instruction_pointer": "7f102effaebd", 
                        "time": 1626374164.930353, 
                        "process_name": "echo", 
                        "pid": 1598, 
                        "arguments": {
                            "p2": "O_RDONLY|O_CLOEXEC", 
                            "p0": "AT_FDCWD", 
                            "p1": "/lib/x86_64-linux-gnu/libc.so.6"
                        }
                    }, 
                    {
                        "status": "", 
                        "raw": "Thu Jul 15 18:36:04 2021.930368 echo@7f102effaf84[1598] read(6, 0x7ffd36582948, 832) = 832\n", 
                        "api": "read", 
                        "return_value": "832", 
                        "instruction_pointer": "7f102effaf84", 
                        "time": 1626374164.930368, 
                        "process_name": "echo", 
                        "pid": 1598, 
                        "arguments": {
                            "p2": "832", 
                            "p0": "6", 
                            "p1": "0x7ffd36582948"
                        }
                    }, 
                    {
                        "status": "", 
                        "raw": "Thu Jul 15 18:36:04 2021.930378 echo@7f102effae23[1598] fstat(6, 0x7ffd365827e0) = 0\n", 
                        "api": "fstat", 
                        "return_value": "0", 
                        "instruction_pointer": "7f102effae23", 
                        "time": 1626374164.930378, 
                        "process_name": "echo", 
                        "pid": 1598, 
                        "arguments": {
                            "p0": "6", 
                            "p1": "0x7ffd365827e0"
                        }
                    }, 
                    {
                        "status": "", 
                        "raw": "Thu Jul 15 18:36:04 2021.930388 echo@7f102effb123[1598] mmap2(0x0, 8192, PROT_READ|PROT_WRITE, MAP_PRIVATE|MAP_ANONYMOUS, -1, 0) = 0x7f102f1f0000\n", 
                        "api": "mmap2", 
                        "return_value": "0x7f102f1f0000", 
                        "instruction_pointer": "7f102effb123", 
                        "time": 1626374164.930388, 
                        "process_name": "echo", 
                        "pid": 1598, 
                        "arguments": {
                            "p2": "PROT_READ|PROT_WRITE", 
                            "p3": "MAP_PRIVATE|MAP_ANONYMOUS", 
                            "p0": "0x0", 
                            "p1": "8192", 
                            "p4": "-1", 
                            "p5": "0"
                        }
                    }, 
                    {
                        "status": "", 
                        "raw": "Thu Jul 15 18:36:04 2021.930404 echo@7f102effb123[1598] mmap2(0x0, 4131552, PROT_READ|PROT_EXEC, MAP_PRIVATE|MAP_DENYWRITE, 6, 0) = 0x7f102ebed000\n", 
                        "api": "mmap2", 
                        "return_value": "0x7f102ebed000", 
                        "instruction_pointer": "7f102effb123", 
                        "time": 1626374164.930404, 
                        "process_name": "echo", 
                        "pid": 1598, 
                        "arguments": {
                            "p2": "PROT_READ|PROT_EXEC", 
                            "p3": "MAP_PRIVATE|MAP_DENYWRITE", 
                            "p0": "0x0", 
                            "p1": "4131552", 
                            "p4": "6", 
                            "p5": "0"
                        }
                    }, 
                    {
                        "status": "", 
                        "raw": "Thu Jul 15 18:36:04 2021.930416 echo@7f102effb1d7[1598] mprotect(0x7f102edd4000, 2097152, PROT_NONE) = 0\n", 
                        "api": "mprotect", 
                        "return_value": "0", 
                        "instruction_pointer": "7f102effb1d7", 
                        "time": 1626374164.930416, 
                        "process_name": "echo", 
                        "pid": 1598, 
                        "arguments": {
                            "p2": "PROT_NONE", 
                            "p0": "0x7f102edd4000", 
                            "p1": "2097152"
                        }
                    }, 
                    {
                        "status": "", 
                        "raw": "Thu Jul 15 18:36:04 2021.930432 echo@7f102effb123[1598] mmap2(0x7f102efd4000, 24576, PROT_READ|PROT_WRITE, MAP_PRIVATE|MAP_FIXED|MAP_DENYWRITE, 6, 1994752) = 0x7f102efd4000\n", 
                        "api": "mmap2", 
                        "return_value": "0x7f102efd4000", 
                        "instruction_pointer": "7f102effb123", 
                        "time": 1626374164.930432, 
                        "process_name": "echo", 
                        "pid": 1598, 
                        "arguments": {
                            "p2": "PROT_READ|PROT_WRITE", 
                            "p3": "MAP_PRIVATE|MAP_FIXED|MAP_DENYWRITE", 
                            "p0": "0x7f102efd4000", 
                            "p1": "24576", 
                            "p4": "6", 
                            "p5": "1994752"
                        }
                    }, 
                    {
                        "status": "", 
                        "raw": "Thu Jul 15 18:36:04 2021.930450 echo@7f102effb123[1598] mmap2(0x7f102efda000, 15072, PROT_READ|PROT_WRITE, MAP_PRIVATE|MAP_FIXED|MAP_ANONYMOUS, -1, 0) = 0x7f102efda000\n", 
                        "api": "mmap2", 
                        "return_value": "0x7f102efda000", 
                        "instruction_pointer": "7f102effb123", 
                        "time": 1626374164.93045, 
                        "process_name": "echo", 
                        "pid": 1598, 
                        "arguments": {
                            "p2": "PROT_READ|PROT_WRITE", 
                            "p3": "MAP_PRIVATE|MAP_FIXED|MAP_ANONYMOUS", 
                            "p0": "0x7f102efda000", 
                            "p1": "15072", 
                            "p4": "-1", 
                            "p5": "0"
                        }
                    }, 
                    {
                        "status": "", 
                        "raw": "Thu Jul 15 18:36:04 2021.930469 echo@7f102effb0b7[1598] close(6) = 0\n", 
                        "api": "close", 
                        "return_value": "0", 
                        "instruction_pointer": "7f102effb0b7", 
                        "time": 1626374164.930469, 
                        "process_name": "echo", 
                        "pid": 1598, 
                        "arguments": {
                            "p0": "6"
                        }
                    }, 
                    {
                        "status": "", 
                        "raw": "Thu Jul 15 18:36:04 2021.930492 echo@7f102efdf024[1598] arch_prctl(ARCH_SET_FS, 139707486770496) = 0\n", 
                        "api": "arch_prctl", 
                        "return_value": "0", 
                        "instruction_pointer": "7f102efdf024", 
                        "time": 1626374164.930492, 
                        "process_name": "echo", 
                        "pid": 1598, 
                        "arguments": {
                            "p0": "ARCH_SET_FS", 
                            "p1": "139707486770496"
                        }
                    }, 
                    {
                        "status": "", 
                        "raw": "Thu Jul 15 18:36:04 2021.930548 echo@7f102effb1d7[1598] mprotect(0x7f102efd4000, 16384, PROT_READ) = 0\n", 
                        "api": "mprotect", 
                        "return_value": "0", 
                        "instruction_pointer": "7f102effb1d7", 
                        "time": 1626374164.930548, 
                        "process_name": "echo", 
                        "pid": 1598, 
                        "arguments": {
                            "p2": "PROT_READ", 
                            "p0": "0x7f102efd4000", 
                            "p1": "16384"
                        }
                    }, 
                    {
                        "status": "", 
                        "raw": "Thu Jul 15 18:36:04 2021.930575 echo@7f102effb1d7[1598] mprotect(0x563260774000, 4096, PROT_READ) = 0\n", 
                        "api": "mprotect", 
                        "return_value": "0", 
                        "instruction_pointer": "7f102effb1d7", 
                        "time": 1626374164.930575, 
                        "process_name": "echo", 
                        "pid": 1598, 
                        "arguments": {
                            "p2": "PROT_READ", 
                            "p0": "0x563260774000", 
                            "p1": "4096"
                        }
                    }, 
                    {
                        "status": "", 
                        "raw": "Thu Jul 15 18:36:04 2021.930591 echo@7f102effb1d7[1598] mprotect(0x7f102f207000, 4096, PROT_READ) = 0\n", 
                        "api": "mprotect", 
                        "return_value": "0", 
                        "instruction_pointer": "7f102effb1d7", 
                        "time": 1626374164.930591, 
                        "process_name": "echo", 
                        "pid": 1598, 
                        "arguments": {
                            "p2": "PROT_READ", 
                            "p0": "0x7f102f207000", 
                            "p1": "4096"
                        }
                    }, 
                    {
                        "status": "", 
                        "raw": "Thu Jul 15 18:36:04 2021.930606 echo@7f102effb1b7[1598] munmap(0x7f102f1f2000, 85414) = 0\n", 
                        "api": "munmap", 
                        "return_value": "0", 
                        "instruction_pointer": "7f102effb1b7", 
                        "time": 1626374164.930606, 
                        "process_name": "echo", 
                        "pid": 1598, 
                        "arguments": {
                            "p0": "0x7f102f1f2000", 
                            "p1": "85414"
                        }
                    }, 
                    {
                        "status": "", 
                        "raw": "Thu Jul 15 18:36:04 2021.930702 echo@7f102ed031f9[1598] brk(0x0) = 94774373281792\n", 
                        "api": "brk", 
                        "return_value": "94774373281792", 
                        "instruction_pointer": "7f102ed031f9", 
                        "time": 1626374164.930702, 
                        "process_name": "echo", 
                        "pid": 1598, 
                        "arguments": {
                            "p0": "0x0"
                        }
                    }, 
                    {
                        "status": "", 
                        "raw": "Thu Jul 15 18:36:04 2021.930711 echo@7f102ed031f9[1598] brk(0x563260dc8000) = 94774373416960\n", 
                        "api": "brk", 
                        "return_value": "94774373416960", 
                        "instruction_pointer": "7f102ed031f9", 
                        "time": 1626374164.930711, 
                        "process_name": "echo", 
                        "pid": 1598, 
                        "arguments": {
                            "p0": "0x563260dc8000"
                        }
                    }, 
                    {
                        "status": "", 
                        "raw": "Thu Jul 15 18:36:04 2021.930732 echo@7f102ecfce81[1598] openat(AT_FDCWD, \"/usr/lib/locale/locale-archive\", O_RDONLY|O_CLOEXEC) = 6\n", 
                        "api": "openat", 
                        "return_value": "6", 
                        "instruction_pointer": "7f102ecfce81", 
                        "time": 1626374164.930732, 
                        "process_name": "echo", 
                        "pid": 1598, 
                        "arguments": {
                            "p2": "O_RDONLY|O_CLOEXEC", 
                            "p0": "AT_FDCWD", 
                            "p1": "/usr/lib/locale/locale-archive"
                        }
                    }, 
                    {
                        "status": "", 
                        "raw": "Thu Jul 15 18:36:04 2021.930746 echo@7f102ecfc893[1598] fstat(6, 0x7f102efd9ac0) = 0\n", 
                        "api": "fstat", 
                        "return_value": "0", 
                        "instruction_pointer": "7f102ecfc893", 
                        "time": 1626374164.930746, 
                        "process_name": "echo", 
                        "pid": 1598, 
                        "arguments": {
                            "p0": "6", 
                            "p1": "0x7f102efd9ac0"
                        }
                    }, 
                    {
                        "status": "", 
                        "raw": "Thu Jul 15 18:36:04 2021.930756 echo@7f102ed08813[1598] mmap2(0x0, 3339216, PROT_READ, MAP_PRIVATE, 6, 0) = 0x7f102e8bd000\n", 
                        "api": "mmap2", 
                        "return_value": "0x7f102e8bd000", 
                        "instruction_pointer": "7f102ed08813", 
                        "time": 1626374164.930756, 
                        "process_name": "echo", 
                        "pid": 1598, 
                        "arguments": {
                            "p2": "PROT_READ", 
                            "p3": "MAP_PRIVATE", 
                            "p0": "0x0", 
                            "p1": "3339216", 
                            "p4": "6", 
                            "p5": "0"
                        }
                    }, 
                    {
                        "status": "", 
                        "raw": "Thu Jul 15 18:36:04 2021.930773 echo@7f102ecfda17[1598] close(6) = 0\n", 
                        "api": "close", 
                        "return_value": "0", 
                        "instruction_pointer": "7f102ecfda17", 
                        "time": 1626374164.930773, 
                        "process_name": "echo", 
                        "pid": 1598, 
                        "arguments": {
                            "p0": "6"
                        }
                    }, 
                    {
                        "status": "", 
                        "raw": "Thu Jul 15 18:36:04 2021.930822 echo@7f102ecfc893[1598] fstat(1, 0x7ffd36583030) = 0\n", 
                        "api": "fstat", 
                        "return_value": "0", 
                        "instruction_pointer": "7f102ecfc893", 
                        "time": 1626374164.930822, 
                        "process_name": "echo", 
                        "pid": 1598, 
                        "arguments": {
                            "p0": "1", 
                            "p1": "0x7ffd36583030"
                        }
                    }, 
                    {
                        "status": "", 
                        "raw": "Thu Jul 15 18:36:04 2021.930839 echo@7f102ecfd224[1598] write(1, \"\\n\", 1) = 1\n", 
                        "api": "write", 
                        "return_value": "1", 
                        "instruction_pointer": "7f102ecfd224", 
                        "time": 1626374164.930839, 
                        "process_name": "echo", 
                        "pid": 1598, 
                        "arguments": {
                            "p2": "1", 
                            "p0": "1", 
                            "p1": "\n"
                        }
                    }, 
                    {
                        "status": "", 
                        "raw": "Thu Jul 15 18:36:04 2021.930858 echo@7f102ecfda17[1598] close(1) = 0\n", 
                        "api": "close", 
                        "return_value": "0", 
                        "instruction_pointer": "7f102ecfda17", 
                        "time": 1626374164.930858, 
                        "process_name": "echo", 
                        "pid": 1598, 
                        "arguments": {
                            "p0": "1"
                        }
                    }, 
                    {
                        "status": "", 
                        "raw": "Thu Jul 15 18:36:04 2021.930866 echo@7f102ecfda17[1598] close(2) = 0\n", 
                        "api": "close", 
                        "return_value": "0", 
                        "instruction_pointer": "7f102ecfda17", 
                        "time": 1626374164.930866, 
                        "process_name": "echo", 
                        "pid": 1598, 
                        "arguments": {
                            "p0": "2"
                        }
                    }, 
                    {
                        "status": "", 
                        "raw": "Thu Jul 15 18:36:04 2021.930879 echo@7f102ecd1bd6[1598] exit_group(0)\n", 
                        "api": "exit_group", 
                        "return_value": "", 
                        "instruction_pointer": "7f102ecd1bd6", 
                        "time": 1626374164.930879, 
                        "process_name": "echo", 
                        "pid": 1598, 
                        "arguments": {
                            "p0": "0"
                        }
                    }
                ], 
                "pid": 1598, 
                "process_name": "echo", 
                "command_line": "/tmp/echo", 
                "first_seen": 1626374164.930018, 
                "ppid": 1597, 
                "type": "process"
            }
        ], 
        "processtree": [
            {
                "track": true, 
                "pid": 1598, 
                "process_name": "echo", 
                "command_line": "/tmp/echo", 
                "first_seen": 1626374164.930018, 
                "ppid": 1597, 
                "children": []
            }
        ]
    }, 
    "debug": {
        "action": [], 
        "dbgview": [], 
        "errors": [], 
        "log": [
            "2021-07-15 20:36:01,009 [root] DEBUG: Starting analyzer from: /tmpRDxCmS\n", 
            "2021-07-15 20:36:01,009 [root] DEBUG: Storing results at: /tmp/VADDFPHC\n", 
            "2021-07-15 20:36:01,024 [root] DEBUG: BIANCA DEBUG: \n", 
            "2021-07-15 20:36:01,024 [root] DEBUG: No analysis package specified, trying to detect it automagically.\n", 
            "2021-07-15 20:36:01,024 [root] INFO: Automatically selected analysis package \"generic\"\n", 
            "2021-07-15 20:36:01,050 [root] DEBUG: Bianca DEBUG[<class 'modules.auxiliary.stap.STAP'>]\n", 
            "2021-07-15 20:36:01,051 [modules.auxiliary.stap] WARNING: BIANCA DEBUG: IT GOT TO STAP INIT\n", 
            "2021-07-15 20:36:01,051 [modules.auxiliary.stap] WARNING: BIANCA DEBUG: STAP STARTEDDDDDDDDDDDD\n", 
            "2021-07-15 20:36:01,053 [modules.auxiliary.stap] WARNING: BIANCAAAA stap path: /root/.cuckoo/stap_.ko\n", 
            "2021-07-15 20:36:01,053 [modules.auxiliary.stap] WARNING: HELLO DARKNESS MY OLD FRIENDDD\n", 
            "2021-07-15 20:36:01,063 [modules.auxiliary.stap] WARNING: IT STARTED NOW NOW NOW\n", 
            "2021-07-15 20:36:04,925 [modules.auxiliary.stap] DEBUG: STAP aux module startup took 3.87 seconds\n", 
            "2021-07-15 20:36:04,926 [root] DEBUG: Started auxiliary module STAP\n", 
            "2021-07-15 20:36:04,928 [root] INFO: Added new process to list with pid: 1597\n", 
            "2021-07-15 20:36:05,929 [root] INFO: Process with pid 1597 has terminated\n", 
            "2021-07-15 20:36:05,930 [root] INFO: Process list is empty, terminating analysis.\n", 
            "2021-07-15 20:36:06,931 [modules.auxiliary.stap] DEBUG: stap subprocess retval None\n", 
            "2021-07-15 20:36:06,932 [modules.auxiliary.stap] DEBUG: BIANCA SEND FILE FROM STRAP: stap.log -> logs/all.stap\n", 
            "2021-07-15 20:36:06,938 [root] INFO: Analysis completed.\n"
        ], 
        "cuckoo": [
            "2021-07-15 20:36:01,625 [cuckoo.core.scheduler] INFO: Task #37: acquired machine cuc (label=cuc)\n", 
            "2021-07-15 20:36:01,626 [cuckoo.core.resultserver] DEBUG: Now tracking machine 192.168.56.101 for task #37\n", 
            "2021-07-15 20:36:01,626 [cuckoo.core.plugins] DEBUG: Started auxiliary module: Replay\n", 
            "2021-07-15 20:36:01,631 [cuckoo.auxiliary.sniffer] INFO: Started sniffer with PID 29273 (interface=vboxnet0, host=192.168.56.101)\n", 
            "2021-07-15 20:36:01,632 [cuckoo.core.plugins] DEBUG: Started auxiliary module: Sniffer\n", 
            "2021-07-15 20:36:01,773 [cuckoo.machinery.virtualbox] DEBUG: Starting vm cuc\n", 
            "2021-07-15 20:36:01,953 [cuckoo.machinery.virtualbox] DEBUG: Restoring virtual machine cuc to final_3\n", 
            "2021-07-15 20:36:08,461 [cuckoo.core.guest] INFO: Starting analysis #37 on guest (id=cuc, ip=192.168.56.101)\n", 
            "2021-07-15 20:36:09,464 [cuckoo.core.guest] DEBUG: cuc: not ready yet\n", 
            "2021-07-15 20:36:10,467 [cuckoo.core.guest] DEBUG: cuc: not ready yet\n", 
            "2021-07-15 20:36:11,471 [cuckoo.core.guest] DEBUG: cuc: not ready yet\n", 
            "2021-07-15 20:36:11,480 [cuckoo.core.guest] INFO: Guest is running Cuckoo Agent 0.10 (id=cuc, ip=192.168.56.101)\n", 
            "2021-07-15 20:36:11,487 [cuckoo.core.guest] DEBUG: Uploading analyzer to guest (id=cuc, ip=192.168.56.101, monitor=latest, size=31337)\n", 
            "2021-07-15 20:36:11,651 [cuckoo.core.resultserver] DEBUG: Task #37: live log analysis.log initialized.\n", 
            "2021-07-15 20:36:16,652 [cuckoo.core.guest] DEBUG: cuc: analysis #37 still processing\n", 
            "2021-07-15 20:36:17,597 [cuckoo.core.resultserver] DEBUG: Task #37: File upload for 'logs/all.stap'\n", 
            "2021-07-15 20:36:17,601 [cuckoo.core.resultserver] DEBUG: Task #37 uploaded file length: 9873\n", 
            "2021-07-15 20:36:21,683 [cuckoo.core.guest] DEBUG: cuc: analysis #37 still processing\n", 
            "2021-07-15 20:36:26,715 [cuckoo.core.guest] DEBUG: cuc: analysis #37 still processing\n", 
            "2021-07-15 20:36:31,746 [cuckoo.core.guest] DEBUG: cuc: analysis #37 still processing\n", 
            "2021-07-15 20:36:36,774 [cuckoo.core.guest] DEBUG: cuc: analysis #37 still processing\n", 
            "2021-07-15 20:36:41,802 [cuckoo.core.guest] DEBUG: cuc: analysis #37 still processing\n", 
            "2021-07-15 20:36:46,829 [cuckoo.core.guest] DEBUG: cuc: analysis #37 still processing\n", 
            "2021-07-15 20:36:51,855 [cuckoo.core.guest] DEBUG: cuc: analysis #37 still processing\n", 
            "2021-07-15 20:36:56,884 [cuckoo.core.guest] DEBUG: cuc: analysis #37 still processing\n", 
            "2021-07-15 20:37:01,912 [cuckoo.core.guest] DEBUG: cuc: analysis #37 still processing\n", 
            "2021-07-15 20:37:06,946 [cuckoo.core.guest] DEBUG: cuc: analysis #37 still processing\n", 
            "2021-07-15 20:37:11,977 [cuckoo.core.guest] DEBUG: cuc: analysis #37 still processing\n", 
            "2021-07-15 20:37:17,007 [cuckoo.core.guest] DEBUG: cuc: analysis #37 still processing\n", 
            "2021-07-15 20:37:22,039 [cuckoo.core.guest] DEBUG: cuc: analysis #37 still processing\n", 
            "2021-07-15 20:37:27,075 [cuckoo.core.guest] DEBUG: cuc: analysis #37 still processing\n", 
            "2021-07-15 20:37:32,102 [cuckoo.core.guest] DEBUG: cuc: analysis #37 still processing\n", 
            "2021-07-15 20:37:37,147 [cuckoo.core.guest] DEBUG: cuc: analysis #37 still processing\n", 
            "2021-07-15 20:37:42,179 [cuckoo.core.guest] DEBUG: cuc: analysis #37 still processing\n", 
            "2021-07-15 20:37:47,215 [cuckoo.core.guest] DEBUG: cuc: analysis #37 still processing\n", 
            "2021-07-15 20:37:52,242 [cuckoo.core.guest] DEBUG: cuc: analysis #37 still processing\n", 
            "2021-07-15 20:37:57,270 [cuckoo.core.guest] DEBUG: cuc: analysis #37 still processing\n", 
            "2021-07-15 20:38:02,298 [cuckoo.core.guest] DEBUG: cuc: analysis #37 still processing\n", 
            "2021-07-15 20:38:07,325 [cuckoo.core.guest] DEBUG: cuc: analysis #37 still processing\n", 
            "2021-07-15 20:38:12,353 [cuckoo.core.guest] DEBUG: cuc: analysis #37 still processing\n", 
            "2021-07-15 20:38:17,381 [cuckoo.core.guest] DEBUG: cuc: analysis #37 still processing\n", 
            "2021-07-15 20:38:22,408 [cuckoo.core.guest] DEBUG: cuc: analysis #37 still processing\n", 
            "2021-07-15 20:38:27,435 [cuckoo.core.guest] DEBUG: cuc: analysis #37 still processing\n", 
            "2021-07-15 20:38:32,467 [cuckoo.core.guest] DEBUG: cuc: analysis #37 still processing\n", 
            "2021-07-15 20:38:37,513 [cuckoo.core.guest] DEBUG: cuc: analysis #37 still processing\n", 
            "2021-07-15 20:38:42,539 [cuckoo.core.guest] DEBUG: c"
        ]
    }, 
    "strings": [
        "/lib64/ld-linux-x86-64.so.2", 
        "libc.so.6", 
        "fflush", 
        "__printf_chk", 
        "setlocale", 
        "mbrtowc", 
        "strncmp", 
        "strrchr", 
        "dcgettext", 
        "__stack_chk_fail", 
        "iswprint", 
        "realloc", 
        "program_invocation_name", 
        "__ctype_get_mb_cur_max", 
        "calloc", 
        "strlen", 
        "ungetc", 
        "memset", 
        "__errno_location", 
        "memcmp", 
        "__fprintf_chk", 
        "stdout", 
        "memcpy", 
        "fclose", 
        "malloc", 
        "mbsinit", 
        "__uflow", 
        "nl_langinfo", 
        "__ctype_b_loc", 
        "getenv", 
        "__freading", 
        "stderr", 
        "fscanf", 
        "fileno", 
        "fwrite", 
        "__fpending", 
        "program_invocation_short_name", 
        "fdopen", 
        "__cxa_finalize", 
        "bindtextdomain", 
        "strcmp", 
        "__libc_start_main", 
        "fseeko", 
        "__overflow", 
        "fputs_unlocked", 
        "__progname", 
        "__progname_full", 
        "__cxa_atexit", 
        "quote_quoting_options", 
        "Version", 
        "_IO_stdin_used", 
        "quoting_style_vals", 
        "quoting_style_args", 
        "exit_failure", 
        "program_name", 
        "version_etc_copyright", 
        "GLIBC_2.3", 
        "GLIBC_2.3.4", 
        "GLIBC_2.14", 
        "GLIBC_2.4", 
        "GLIBC_2.2.5", 
        "_ITM_deregisterTMCloneTable", 
        "__gmon_start__", 
        "_ITM_registerTMCloneTable", 
        "AUATUS", 
        "G(H;G0r", 
        "[]A\\A]A^A_", 
        "G(H;G0", 
        "G(H9G0", 
        "G(H;G0", 
        "G(H;G0", 
        "D$(u-H", 
        "[]A\\A]A^A_", 
        "AWAVLc", 
        "Hc=DI ", 
        "[]A\\A]A^A_", 
        "8[]A\\A]A^A_", 
        "8[]A\\A]A^A_", 
        "L$8dH3", 
        "T$8dH3", 
        "t$8dH34%(", 
        "L$8dH3", 
        ")D$ t2H", 
        "|$8dH3<%(", 
        "AWAVAUATM", 
        "AQAUATAWAVL", 
        "([]A\\A]A^A_", 
        "[]A\\A]A^A_H", 
        "[]A\\A]A^A_1", 
        "[]A\\A]A^A_", 
        "([]A\\A]A^A_", 
        "ATAWAVL", 
        "([]A\\A]A^A_", 
        "AUATAWAVL", 
        "D$XdH3", 
        "D$xdH3", 
        "TUUUUUUUI", 
        "SUUUUUUUH9", 
        "[]A\\A]", 
        "t9[]A\\", 
        "AUATUSH", 
        "[]A\\A]A^A_", 
        "charset.", 
        "aliafA", 
        "u0[]A\\", 
        "G H9G(u", 
        "[]A\\A]A^A_", 
        "test invocation", 
        "Multi-call invocation", 
        "sha224sum", 
        "sha2 utilities", 
        "sha256sum", 
        "sha384sum", 
        "sha512sum", 
        "%s online help: <%s>", 
        "GNU coreutils", 
        "POSIXLY_CORRECT", 
        "/usr/share/locale", 
        "--help", 
        "--version", 
        "Chet Ramey", 
        "Brian Fox", 
        "Try '%s --help' for more information.", 
        "Usage: %s [SHORT-OPTION]... [STRING]...", 
        "  or:  %s LONG-OPTION", 
        "Echo the STRING(s) to standard output.", 
        "  -n             do not output the trailing newline", 
        "  -e             enable interpretation of backslash escapes", 
        "  -E             disable interpretation of backslash escapes (default)", 
        "      --help     display this help and exit", 
        "      --version  output version information and exit", 
        "If -e is in effect, the following sequences are recognized:", 
        "  \\\\      backslash", 
        "  \\a      alert (BEL)", 
        "  \\b      backspace", 
        "  \\c      produce no further output", 
        "  \\e      escape", 
        "  \\f      form feed", 
        "  \\n      new line", 
        "  \\r      carriage return", 
        "  \\t      horizontal tab", 
        "  \\v      vertical tab", 
        "  \\0NNN   byte with octal value NNN (1 to 3 digits)", 
        "  \\xHH    byte with hexadecimal value HH (1 to 2 digits)", 
        "NOTE: your shell may have its own version of %s, which usually supersedes", 
        "the version described here.  Please refer to your shell's documentation", 
        "for details about the options it supports.", 
        "http://www.gnu.org/software/coreutils/", 
        "Report %s translation bugs to <http://translationproject.org/team/>", 
        "Full documentation at: <%s%s>", 
        "or available locally via: info '(coreutils) %s%s'", 
        "write error", 
        "%s: %s", 
        "A NULL argv[0] was passed through an exec system call.", 
        "/.libs/", 
        "literal", 
        "shell-always", 
        "shell-escape", 
        "shell-escape-always", 
        "c-maybe", 
        "clocale", 
        "%s (%s) %s", 
        "Written by %s.", 
        "Written by %s and %s.", 
        "Written by %s, %s, and %s.", 
        "Report bugs to: %s", 
        "bug-coreutils@gnu.org", 
        "%s home page: <%s>", 
        "License GPLv3+: GNU GPL version 3 or later <http://gnu.org/licenses/gpl.html>.", 
        "This is free software: you are free to change and redistribute it.", 
        "There is NO WARRANTY, to the extent permitted by law.", 
        "Written by %s, %s, %s,", 
        "and %s.", 
        "Written by %s, %s, %s,", 
        "%s, and %s.", 
        "Written by %s, %s, %s,", 
        "%s, %s, and %s.", 
        "Written by %s, %s, %s,", 
        "%s, %s, %s, and %s.", 
        "Written by %s, %s, %s,", 
        "%s, %s, %s, %s,", 
        "and %s.", 
        "Written by %s, %s, %s,", 
        "%s, %s, %s, %s,", 
        "%s, and %s.", 
        "Written by %s, %s, %s,", 
        "%s, %s, %s, %s,", 
        "%s, %s, and others.", 
        "General help using GNU software: <http://www.gnu.org/gethelp/>", 
        "Copyright %s %d Free Software Foundation, Inc.", 
        "memory exhausted", 
        "/usr/lib/x86_64-linux-gnu", 
        "CHARSETALIASDIR", 
        "%50s %50s", 
        "7373f1356c861e0ec5b52c72804c86c6842cd5.debug", 
        ".shstrtab", 
        ".interp", 
        ".note.ABI-tag", 
        ".note.gnu.build-id", 
        ".gnu.hash", 
        ".dynsym", 
        ".dynstr", 
        ".gnu.version", 
        ".gnu.version_r", 
        ".rela.dyn", 
        ".rela.plt", 
        ".plt.got", 
        ".rodata", 
        ".eh_frame_hdr", 
        ".eh_frame", 
        ".init_array", 
        ".fini_array", 
        ".data.rel.ro", 
        ".dynamic", 
        ".gnu_debuglink"
    ], 
    "metadata": {
        "output": {
            "pcap": {
                "basename": "dump.pcap", 
                "sha256": "17150968d2f587771ae0c41b8eb273af6deb7f25929dae0f83562c15bd80a2d0", 
                "dirname": ""
            }
        }
    }
}