{"started_on": {"$dt": "2021-07-15T20:45:08.078283"}, "duration": 192, "sample_id": 36, "owner": null, "id": 39, "category": "file", "priority": 1, "guest": {"status": "stopped", "name": "cuc", "label": "cuc", "manager": "VirtualBox", "started_on": "2021-07-15 20:45:08", "shutdown_on": "2021-07-15 20:48:20"}, "clock": {"$dt": "2021-07-15T20:45:07.750052"}, "custom": null, "machine": null, "platform": null, "memory": false, "status": "completed", "tags": [], "processing": null, "enforce_timeout": false, "completed_on": {"$dt": "2021-07-15T20:48:20.981364"}, "target": "/home/cuckoo/Desktop/apps/bin/egrep", "package": "", "route": "none", "timeout": 0, "submit_id": null, "options": {}, "added_on": {"$dt": "2021-07-15T20:45:07.750070"}}