{"started_on": {"$dt": "2021-07-15T20:36:01.431929"}, "duration": 191, "sample_id": 34, "owner": null, "id": 37, "category": "file", "priority": 1, "guest": {"status": "stopped", "name": "cuc", "label": "cuc", "manager": "VirtualBox", "started_on": "2021-07-15 20:36:01", "shutdown_on": "2021-07-15 20:39:13"}, "clock": {"$dt": "2021-07-15T20:36:01.271804"}, "custom": null, "machine": null, "platform": null, "memory": false, "status": "completed", "tags": [], "processing": null, "enforce_timeout": false, "completed_on": {"$dt": "2021-07-15T20:39:13.414648"}, "target": "/home/cuckoo/Desktop/apps/bin/echo", "package": "", "route": "none", "timeout": 0, "submit_id": null, "options": {}, "added_on": {"$dt": "2021-07-15T20:36:01.271820"}}