{
    "info": {
        "added": 1626378788.681094, 
        "started": 1626378788.836599, 
        "duration": 199, 
        "ended": 1626378988.720699, 
        "owner": null, 
        "score": 0.0, 
        "id": 29, 
        "category": "file", 
        "git": {
            "head": "13cbe0d9e457be3673304533043e992ead1ea9b2", 
            "fetch_head": "13cbe0d9e457be3673304533043e992ead1ea9b2"
        }, 
        "monitor": "2deb9ccd75d5a7a3fe05b2625b03a8639d6ee36b", 
        "package": "", 
        "route": "none", 
        "custom": null, 
        "machine": {
            "status": "stopped", 
            "name": "cuc", 
            "label": "cuc", 
            "manager": "VirtualBox", 
            "started_on": "2021-07-15 19:53:09", 
            "shutdown_on": "2021-07-15 19:56:28"
        }, 
        "platform": null, 
        "version": "2.0.7", 
        "options": ""
    }, 
    "signatures": [], 
    "target": {
        "category": "file", 
        "file": {
            "yara": [], 
            "sha1": "91be2cd8d6e433e76f8751198ef3ffac621e215a", 
            "name": "cpio", 
            "type": "ELF 64-bit LSB shared object, x86-64, version 1 (SYSV), dynamically linked, interpreter /lib64/ld-linux-x86-64.so.2, for GNU/Linux 3.2.0, BuildID[sha1]=a4c9cfee2095e674eb281dd90fbcf572f5e693d9, stripped", 
            "sha256": "5771057fa32bc4e463aa763062e3677aee0772148539bd78645cab520853b1fc", 
            "urls": [
                "http://gnu.org/licenses/gpl.html", 
                "http://www.gnu.org/software/cpio", 
                "http://www.gnu.org/gethelp/"
            ], 
            "crc32": "10EB3378", 
            "path": "/home/cuckoo/.cuckoo/storage/binaries/5771057fa32bc4e463aa763062e3677aee0772148539bd78645cab520853b1fc", 
            "ssdeep": null, 
            "size": 157224, 
            "sha512": "7ad0e9522fa23f5894b02860b8ef32e3f7a45e4b7d55c89be27af537553df6200249006dd2327cede3310e67bcafbca688cf46f3f24311370d44f9405253e4a1", 
            "md5": "9a25455d7b5d4bfa8b184ec655ae0a67"
        }
    }, 
    "network": {
        "tls": [], 
        "udp": [
            {
                "src": "192.168.56.101", 
                "dst": "224.0.0.251", 
                "offset": 448, 
                "time": 6.4268598556518555, 
                "dport": 5353, 
                "sport": 5353
            }
        ], 
        "dns_servers": [
            "224.0.0.251"
        ], 
        "http": [], 
        "icmp": [], 
        "smtp": [], 
        "tcp": [], 
        "smtp_ex": [], 
        "mitm": [], 
        "hosts": [], 
        "pcap_sha256": "943e1571858ad53edd6fc14e1f3bdc4e6b4e4b202c418a15f60c31991ac7a75e", 
        "dns": [
            {
                "type": "PTR", 
                "request": "_ipps._tcp.local", 
                "answers": []
            }
        ], 
        "http_ex": [], 
        "domains": [
            {
                "ip": "", 
                "domain": "_ipps._tcp.local"
            }
        ], 
        "dead_hosts": [], 
        "sorted_pcap_sha256": "313f54e5b9580d3147195c80558e96460cd112ffc4090fd08714ad754c225137", 
        "irc": [], 
        "https_ex": []
    }, 
    "behavior": {
        "generic": [
            {
                "process_path": null, 
                "process_name": "cpio", 
                "pid": 2069, 
                "summary": {}, 
                "first_seen": 1626371592.056277, 
                "ppid": 2068
            }
        ], 
        "processes": [
            {
                "calls": [
                    {
                        "status": "", 
                        "raw": "Thu Jul 15 17:53:12 2021.056277 cpio@7ffb00a460a9[2069] execve(\"/tmp/cpio\", [\"/tmp/cpio\"], [\"LC_TIME=de_CH.UTF-8\", \"HOME=/root\", \"LC_MONETARY=de_CH.UTF-8\", \"LOGNAME=root\", \"PATH=/usr/bin:/bin\", \"LC_ADDRESS=de_CH.UTF-8\", \"LANG=en_US.UTF-8\", \"LC_TELEPHONE=de_CH.UTF-8\", \"LC_NAME=de_CH.UTF-8\", \"SHELL=/bin/sh\", \"LC_MEASUREMENT=de_CH.UTF-8\", \"LC_IDENTIFICATION=de_CH.UTF-8\", \"PWD=/tmp4vJdOL\", \"LC_NUMERIC=de_CH.UTF-8\", \"LC_PAPER=de_CH.UTF-8\"])\n", 
                        "api": "execve", 
                        "return_value": "", 
                        "instruction_pointer": "7ffb00a460a9", 
                        "time": 1626371592.056277, 
                        "process_name": "cpio", 
                        "pid": 2069, 
                        "arguments": {
                            "p2": [
                                "LC_TIME=de_CH.UTF-8", 
                                "HOME=/root", 
                                "LC_MONETARY=de_CH.UTF-8", 
                                "LOGNAME=root", 
                                "PATH=/usr/bin:/bin", 
                                "LC_ADDRESS=de_CH.UTF-8", 
                                "LANG=en_US.UTF-8", 
                                "LC_TELEPHONE=de_CH.UTF-8", 
                                "LC_NAME=de_CH.UTF-8", 
                                "SHELL=/bin/sh", 
                                "LC_MEASUREMENT=de_CH.UTF-8", 
                                "LC_IDENTIFICATION=de_CH.UTF-8", 
                                "PWD=/tmp4vJdOL", 
                                "LC_NUMERIC=de_CH.UTF-8", 
                                "LC_PAPER=de_CH.UTF-8"
                            ], 
                            "p0": "/tmp/cpio", 
                            "p1": [
                                "/tmp/cpio"
                            ]
                        }
                    }, 
                    {
                        "status": "", 
                        "raw": "Thu Jul 15 17:53:12 2021.056445 cpio@7ffb00a460a9[2069] brk(0x0) = 94694664073216\n", 
                        "api": "brk", 
                        "return_value": "94694664073216", 
                        "instruction_pointer": "7ffb00a460a9", 
                        "time": 1626371592.056445, 
                        "process_name": "cpio", 
                        "pid": 2069, 
                        "arguments": {
                            "p0": "0x0"
                        }
                    }, 
                    {
                        "status": "ENOENT", 
                        "raw": "Thu Jul 15 17:53:12 2021.056511 cpio@7ffb00a3996e[2069] access(\"/etc/ld.so.nohwcap\", F_OK) = -2 (ENOENT)\n", 
                        "api": "access", 
                        "return_value": "-2", 
                        "instruction_pointer": "7ffb00a3996e", 
                        "time": 1626371592.056511, 
                        "process_name": "cpio", 
                        "pid": 2069, 
                        "arguments": {
                            "p0": "/etc/ld.so.nohwcap", 
                            "p1": "F_OK"
                        }
                    }, 
                    {
                        "status": "ENOENT", 
                        "raw": "Thu Jul 15 17:53:12 2021.056541 cpio@7ffb00a47007[2069] access(\"/etc/ld.so.preload\", R_OK) = -2 (ENOENT)\n", 
                        "api": "access", 
                        "return_value": "-2", 
                        "instruction_pointer": "7ffb00a47007", 
                        "time": 1626371592.056541, 
                        "process_name": "cpio", 
                        "pid": 2069, 
                        "arguments": {
                            "p0": "/etc/ld.so.preload", 
                            "p1": "R_OK"
                        }
                    }, 
                    {
                        "status": "", 
                        "raw": "Thu Jul 15 17:53:12 2021.056558 cpio@7ffb00a46ebd[2069] openat(AT_FDCWD, \"/etc/ld.so.cache\", O_RDONLY|O_CLOEXEC) = 6\n", 
                        "api": "openat", 
                        "return_value": "6", 
                        "instruction_pointer": "7ffb00a46ebd", 
                        "time": 1626371592.056558, 
                        "process_name": "cpio", 
                        "pid": 2069, 
                        "arguments": {
                            "p2": "O_RDONLY|O_CLOEXEC", 
                            "p0": "AT_FDCWD", 
                            "p1": "/etc/ld.so.cache"
                        }
                    }, 
                    {
                        "status": "", 
                        "raw": "Thu Jul 15 17:53:12 2021.056592 cpio@7ffb00a46e23[2069] fstat(6, 0x7ffeb624cc30) = 0\n", 
                        "api": "fstat", 
                        "return_value": "0", 
                        "instruction_pointer": "7ffb00a46e23", 
                        "time": 1626371592.056592, 
                        "process_name": "cpio", 
                        "pid": 2069, 
                        "arguments": {
                            "p0": "6", 
                            "p1": "0x7ffeb624cc30"
                        }
                    }, 
                    {
                        "status": "", 
                        "raw": "Thu Jul 15 17:53:12 2021.056604 cpio@7ffb00a47123[2069] mmap2(0x0, 85414, PROT_READ, MAP_PRIVATE, 6, 0) = 0x7ffb00c3e000\n", 
                        "api": "mmap2", 
                        "return_value": "0x7ffb00c3e000", 
                        "instruction_pointer": "7ffb00a47123", 
                        "time": 1626371592.056604, 
                        "process_name": "cpio", 
                        "pid": 2069, 
                        "arguments": {
                            "p2": "PROT_READ", 
                            "p3": "MAP_PRIVATE", 
                            "p0": "0x0", 
                            "p1": "85414", 
                            "p4": "6", 
                            "p5": "0"
                        }
                    }, 
                    {
                        "status": "", 
                        "raw": "Thu Jul 15 17:53:12 2021.056616 cpio@7ffb00a470b7[2069] close(6) = 0\n", 
                        "api": "close", 
                        "return_value": "0", 
                        "instruction_pointer": "7ffb00a470b7", 
                        "time": 1626371592.056616, 
                        "process_name": "cpio", 
                        "pid": 2069, 
                        "arguments": {
                            "p0": "6"
                        }
                    }, 
                    {
                        "status": "ENOENT", 
                        "raw": "Thu Jul 15 17:53:12 2021.056641 cpio@7ffb00a422d9[2069] access(\"/etc/ld.so.nohwcap\", F_OK) = -2 (ENOENT)\n", 
                        "api": "access", 
                        "return_value": "-2", 
                        "instruction_pointer": "7ffb00a422d9", 
                        "time": 1626371592.056641, 
                        "process_name": "cpio", 
                        "pid": 2069, 
                        "arguments": {
                            "p0": "/etc/ld.so.nohwcap", 
                            "p1": "F_OK"
                        }
                    }, 
                    {
                        "status": "", 
                        "raw": "Thu Jul 15 17:53:12 2021.056659 cpio@7ffb00a46ebd[2069] openat(AT_FDCWD, \"/lib/x86_64-linux-gnu/libc.so.6\", O_RDONLY|O_CLOEXEC) = 6\n", 
                        "api": "openat", 
                        "return_value": "6", 
                        "instruction_pointer": "7ffb00a46ebd", 
                        "time": 1626371592.056659, 
                        "process_name": "cpio", 
                        "pid": 2069, 
                        "arguments": {
                            "p2": "O_RDONLY|O_CLOEXEC", 
                            "p0": "AT_FDCWD", 
                            "p1": "/lib/x86_64-linux-gnu/libc.so.6"
                        }
                    }, 
                    {
                        "status": "", 
                        "raw": "Thu Jul 15 17:53:12 2021.056673 cpio@7ffb00a46f84[2069] read(6, 0x7ffeb624cdf8, 832) = 832\n", 
                        "api": "read", 
                        "return_value": "832", 
                        "instruction_pointer": "7ffb00a46f84", 
                        "time": 1626371592.056673, 
                        "process_name": "cpio", 
                        "pid": 2069, 
                        "arguments": {
                            "p2": "832", 
                            "p0": "6", 
                            "p1": "0x7ffeb624cdf8"
                        }
                    }, 
                    {
                        "status": "", 
                        "raw": "Thu Jul 15 17:53:12 2021.056684 cpio@7ffb00a46e23[2069] fstat(6, 0x7ffeb624cc90) = 0\n", 
                        "api": "fstat", 
                        "return_value": "0", 
                        "instruction_pointer": "7ffb00a46e23", 
                        "time": 1626371592.056684, 
                        "process_name": "cpio", 
                        "pid": 2069, 
                        "arguments": {
                            "p0": "6", 
                            "p1": "0x7ffeb624cc90"
                        }
                    }, 
                    {
                        "status": "", 
                        "raw": "Thu Jul 15 17:53:12 2021.056694 cpio@7ffb00a47123[2069] mmap2(0x0, 8192, PROT_READ|PROT_WRITE, MAP_PRIVATE|MAP_ANONYMOUS, -1, 0) = 0x7ffb00c3c000\n", 
                        "api": "mmap2", 
                        "return_value": "0x7ffb00c3c000", 
                        "instruction_pointer": "7ffb00a47123", 
                        "time": 1626371592.056694, 
                        "process_name": "cpio", 
                        "pid": 2069, 
                        "arguments": {
                            "p2": "PROT_READ|PROT_WRITE", 
                            "p3": "MAP_PRIVATE|MAP_ANONYMOUS", 
                            "p0": "0x0", 
                            "p1": "8192", 
                            "p4": "-1", 
                            "p5": "0"
                        }
                    }, 
                    {
                        "status": "", 
                        "raw": "Thu Jul 15 17:53:12 2021.056730 cpio@7ffb00a47123[2069] mmap2(0x0, 4131552, PROT_READ|PROT_EXEC, MAP_PRIVATE|MAP_DENYWRITE, 6, 0) = 0x7ffb00639000\n", 
                        "api": "mmap2", 
                        "return_value": "0x7ffb00639000", 
                        "instruction_pointer": "7ffb00a47123", 
                        "time": 1626371592.05673, 
                        "process_name": "cpio", 
                        "pid": 2069, 
                        "arguments": {
                            "p2": "PROT_READ|PROT_EXEC", 
                            "p3": "MAP_PRIVATE|MAP_DENYWRITE", 
                            "p0": "0x0", 
                            "p1": "4131552", 
                            "p4": "6", 
                            "p5": "0"
                        }
                    }, 
                    {
                        "status": "", 
                        "raw": "Thu Jul 15 17:53:12 2021.056742 cpio@7ffb00a471d7[2069] mprotect(0x7ffb00820000, 2097152, PROT_NONE) = 0\n", 
                        "api": "mprotect", 
                        "return_value": "0", 
                        "instruction_pointer": "7ffb00a471d7", 
                        "time": 1626371592.056742, 
                        "process_name": "cpio", 
                        "pid": 2069, 
                        "arguments": {
                            "p2": "PROT_NONE", 
                            "p0": "0x7ffb00820000", 
                            "p1": "2097152"
                        }
                    }, 
                    {
                        "status": "", 
                        "raw": "Thu Jul 15 17:53:12 2021.056757 cpio@7ffb00a47123[2069] mmap2(0x7ffb00a20000, 24576, PROT_READ|PROT_WRITE, MAP_PRIVATE|MAP_FIXED|MAP_DENYWRITE, 6, 1994752) = 0x7ffb00a20000\n", 
                        "api": "mmap2", 
                        "return_value": "0x7ffb00a20000", 
                        "instruction_pointer": "7ffb00a47123", 
                        "time": 1626371592.056757, 
                        "process_name": "cpio", 
                        "pid": 2069, 
                        "arguments": {
                            "p2": "PROT_READ|PROT_WRITE", 
                            "p3": "MAP_PRIVATE|MAP_FIXED|MAP_DENYWRITE", 
                            "p0": "0x7ffb00a20000", 
                            "p1": "24576", 
                            "p4": "6", 
                            "p5": "1994752"
                        }
                    }, 
                    {
                        "status": "", 
                        "raw": "Thu Jul 15 17:53:12 2021.056787 cpio@7ffb00a47123[2069] mmap2(0x7ffb00a26000, 15072, PROT_READ|PROT_WRITE, MAP_PRIVATE|MAP_FIXED|MAP_ANONYMOUS, -1, 0) = 0x7ffb00a26000\n", 
                        "api": "mmap2", 
                        "return_value": "0x7ffb00a26000", 
                        "instruction_pointer": "7ffb00a47123", 
                        "time": 1626371592.056787, 
                        "process_name": "cpio", 
                        "pid": 2069, 
                        "arguments": {
                            "p2": "PROT_READ|PROT_WRITE", 
                            "p3": "MAP_PRIVATE|MAP_FIXED|MAP_ANONYMOUS", 
                            "p0": "0x7ffb00a26000", 
                            "p1": "15072", 
                            "p4": "-1", 
                            "p5": "0"
                        }
                    }, 
                    {
                        "status": "", 
                        "raw": "Thu Jul 15 17:53:12 2021.056806 cpio@7ffb00a470b7[2069] close(6) = 0\n", 
                        "api": "close", 
                        "return_value": "0", 
                        "instruction_pointer": "7ffb00a470b7", 
                        "time": 1626371592.056806, 
                        "process_name": "cpio", 
                        "pid": 2069, 
                        "arguments": {
                            "p0": "6"
                        }
                    }, 
                    {
                        "status": "", 
                        "raw": "Thu Jul 15 17:53:12 2021.056828 cpio@7ffb00a2b024[2069] arch_prctl(ARCH_SET_FS, 140716026352960) = 0\n", 
                        "api": "arch_prctl", 
                        "return_value": "0", 
                        "instruction_pointer": "7ffb00a2b024", 
                        "time": 1626371592.056828, 
                        "process_name": "cpio", 
                        "pid": 2069, 
                        "arguments": {
                            "p0": "ARCH_SET_FS", 
                            "p1": "140716026352960"
                        }
                    }, 
                    {
                        "status": "", 
                        "raw": "Thu Jul 15 17:53:12 2021.056928 cpio@7ffb00a471d7[2069] mprotect(0x7ffb00a20000, 16384, PROT_READ) = 0\n", 
                        "api": "mprotect", 
                        "return_value": "0", 
                        "instruction_pointer": "7ffb00a471d7", 
                        "time": 1626371592.056928, 
                        "process_name": "cpio", 
                        "pid": 2069, 
                        "arguments": {
                            "p2": "PROT_READ", 
                            "p0": "0x7ffb00a20000", 
                            "p1": "16384"
                        }
                    }, 
                    {
                        "status": "", 
                        "raw": "Thu Jul 15 17:53:12 2021.056979 cpio@7ffb00a471d7[2069] mprotect(0x561fd0707000, 4096, PROT_READ) = 0\n", 
                        "api": "mprotect", 
                        "return_value": "0", 
                        "instruction_pointer": "7ffb00a471d7", 
                        "time": 1626371592.056979, 
                        "process_name": "cpio", 
                        "pid": 2069, 
                        "arguments": {
                            "p2": "PROT_READ", 
                            "p0": "0x561fd0707000", 
                            "p1": "4096"
                        }
                    }, 
                    {
                        "status": "", 
                        "raw": "Thu Jul 15 17:53:12 2021.056996 cpio@7ffb00a471d7[2069] mprotect(0x7ffb00c53000, 4096, PROT_READ) = 0\n", 
                        "api": "mprotect", 
                        "return_value": "0", 
                        "instruction_pointer": "7ffb00a471d7", 
                        "time": 1626371592.056996, 
                        "process_name": "cpio", 
                        "pid": 2069, 
                        "arguments": {
                            "p2": "PROT_READ", 
                            "p0": "0x7ffb00c53000", 
                            "p1": "4096"
                        }
                    }, 
                    {
                        "status": "", 
                        "raw": "Thu Jul 15 17:53:12 2021.057041 cpio@7ffb00a471b7[2069] munmap(0x7ffb00c3e000, 85414) = 0\n", 
                        "api": "munmap", 
                        "return_value": "0", 
                        "instruction_pointer": "7ffb00a471b7", 
                        "time": 1626371592.057041, 
                        "process_name": "cpio", 
                        "pid": 2069, 
                        "arguments": {
                            "p0": "0x7ffb00c3e000", 
                            "p1": "85414"
                        }
                    }, 
                    {
                        "status": "", 
                        "raw": "Thu Jul 15 17:53:12 2021.057157 cpio@7ffb0074f1f9[2069] brk(0x0) = 94694664073216\n", 
                        "api": "brk", 
                        "return_value": "94694664073216", 
                        "instruction_pointer": "7ffb0074f1f9", 
                        "time": 1626371592.057157, 
                        "process_name": "cpio", 
                        "pid": 2069, 
                        "arguments": {
                            "p0": "0x0"
                        }
                    }, 
                    {
                        "status": "", 
                        "raw": "Thu Jul 15 17:53:12 2021.057167 cpio@7ffb0074f1f9[2069] brk(0x561fd1d28000) = 94694664208384\n", 
                        "api": "brk", 
                        "return_value": "94694664208384", 
                        "instruction_pointer": "7ffb0074f1f9", 
                        "time": 1626371592.057167, 
                        "process_name": "cpio", 
                        "pid": 2069, 
                        "arguments": {
                            "p0": "0x561fd1d28000"
                        }
                    }, 
                    {
                        "status": "", 
                        "raw": "Thu Jul 15 17:53:12 2021.057186 cpio@7ffb00748e81[2069] openat(AT_FDCWD, \"/usr/lib/locale/locale-archive\", O_RDONLY|O_CLOEXEC) = 6\n", 
                        "api": "openat", 
                        "return_value": "6", 
                        "instruction_pointer": "7ffb00748e81", 
                        "time": 1626371592.057186, 
                        "process_name": "cpio", 
                        "pid": 2069, 
                        "arguments": {
                            "p2": "O_RDONLY|O_CLOEXEC", 
                            "p0": "AT_FDCWD", 
                            "p1": "/usr/lib/locale/locale-archive"
                        }
                    }, 
                    {
                        "status": "", 
                        "raw": "Thu Jul 15 17:53:12 2021.057221 cpio@7ffb00748893[2069] fstat(6, 0x7ffb00a25ac0) = 0\n", 
                        "api": "fstat", 
                        "return_value": "0", 
                        "instruction_pointer": "7ffb00748893", 
                        "time": 1626371592.057221, 
                        "process_name": "cpio", 
                        "pid": 2069, 
                        "arguments": {
                            "p0": "6", 
                            "p1": "0x7ffb00a25ac0"
                        }
                    }, 
                    {
                        "status": "", 
                        "raw": "Thu Jul 15 17:53:12 2021.057231 cpio@7ffb00754813[2069] mmap2(0x0, 3339216, PROT_READ, MAP_PRIVATE, 6, 0) = 0x7ffb00309000\n", 
                        "api": "mmap2", 
                        "return_value": "0x7ffb00309000", 
                        "instruction_pointer": "7ffb00754813", 
                        "time": 1626371592.057231, 
                        "process_name": "cpio", 
                        "pid": 2069, 
                        "arguments": {
                            "p2": "PROT_READ", 
                            "p3": "MAP_PRIVATE", 
                            "p0": "0x0", 
                            "p1": "3339216", 
                            "p4": "6", 
                            "p5": "0"
                        }
                    }, 
                    {
                        "status": "", 
                        "raw": "Thu Jul 15 17:53:12 2021.057248 cpio@7ffb00749a17[2069] close(6) = 0\n", 
                        "api": "close", 
                        "return_value": "0", 
                        "instruction_pointer": "7ffb00749a17", 
                        "time": 1626371592.057248, 
                        "process_name": "cpio", 
                        "pid": 2069, 
                        "arguments": {
                            "p0": "6"
                        }
                    }, 
                    {
                        "status": "", 
                        "raw": "Thu Jul 15 17:53:12 2021.057319 cpio@7ffb00748e81[2069] openat(AT_FDCWD, \"/usr/share/locale/locale.alias\", O_RDONLY|O_CLOEXEC) = 6\n", 
                        "api": "openat", 
                        "return_value": "6", 
                        "instruction_pointer": "7ffb00748e81", 
                        "time": 1626371592.057319, 
                        "process_name": "cpio", 
                        "pid": 2069, 
                        "arguments": {
                            "p2": "O_RDONLY|O_CLOEXEC", 
                            "p0": "AT_FDCWD", 
                            "p1": "/usr/share/locale/locale.alias"
                        }
                    }, 
                    {
                        "status": "", 
                        "raw": "Thu Jul 15 17:53:12 2021.057334 cpio@7ffb00748893[2069] fstat(6, 0x7ffeb624cfb0) = 0\n", 
                        "api": "fstat", 
                        "return_value": "0", 
                        "instruction_pointer": "7ffb00748893", 
                        "time": 1626371592.057334, 
                        "process_name": "cpio", 
                        "pid": 2069, 
                        "arguments": {
                            "p0": "6", 
                            "p1": "0x7ffeb624cfb0"
                        }
                    }, 
                    {
                        "status": "", 
                        "raw": "Thu Jul 15 17:53:12 2021.057346 cpio@7ffb007491e4[2069] read(6, 0x561fd1d09730, 4096) = 2995\n", 
                        "api": "read", 
                        "return_value": "2995", 
                        "instruction_pointer": "7ffb007491e4", 
                        "time": 1626371592.057346, 
                        "process_name": "cpio", 
                        "pid": 2069, 
                        "arguments": {
                            "p2": "4096", 
                            "p0": "6", 
                            "p1": "0x561fd1d09730"
                        }
                    }, 
                    {
                        "status": "", 
                        "raw": "Thu Jul 15 17:53:12 2021.057367 cpio@7ffb007491e4[2069] read(6, 0x561fd1d09730, 4096) = 0\n", 
                        "api": "read", 
                        "return_value": "0", 
                        "instruction_pointer": "7ffb007491e4", 
                        "time": 1626371592.057367, 
                        "process_name": "cpio", 
                        "pid": 2069, 
                        "arguments": {
                            "p2": "4096", 
                            "p0": "6", 
                            "p1": "0x561fd1d09730"
                        }
                    }, 
                    {
                        "status": "", 
                        "raw": "Thu Jul 15 17:53:12 2021.057376 cpio@7ffb00749a17[2069] close(6) = 0\n", 
                        "api": "close", 
                        "return_value": "0", 
                        "instruction_pointer": "7ffb00749a17", 
                        "time": 1626371592.057376, 
                        "process_name": "cpio", 
                        "pid": 2069, 
                        "arguments": {
                            "p0": "6"
                        }
                    }, 
                    {
                        "status": "ENOENT", 
                        "raw": "Thu Jul 15 17:53:12 2021.057426 cpio@7ffb00748e81[2069] openat(AT_FDCWD, \"/usr/share/locale/en_US.UTF-8/LC_MESSAGES/cpio.mo\", O_RDONLY) = -2 (ENOENT)\n", 
                        "api": "openat", 
                        "return_value": "-2", 
                        "instruction_pointer": "7ffb00748e81", 
                        "time": 1626371592.057426, 
                        "process_name": "cpio", 
                        "pid": 2069, 
                        "arguments": {
                            "p2": "O_RDONLY", 
                            "p0": "AT_FDCWD", 
                            "p1": "/usr/share/locale/en_US.UTF-8/LC_MESSAGES/cpio.mo"
                        }
                    }, 
                    {
                        "status": "ENOENT", 
                        "raw": "Thu Jul 15 17:53:12 2021.057443 cpio@7ffb00748e81[2069] openat(AT_FDCWD, \"/usr/share/locale/en_US.utf8/LC_MESSAGES/cpio.mo\", O_RDONLY) = -2 (ENOENT)\n", 
                        "api": "openat", 
                        "return_value": "-2", 
                        "instruction_pointer": "7ffb00748e81", 
                        "time": 1626371592.057443, 
                        "process_name": "cpio", 
                        "pid": 2069, 
                        "arguments": {
                            "p2": "O_RDONLY", 
                            "p0": "AT_FDCWD", 
                            "p1": "/usr/share/locale/en_US.utf8/LC_MESSAGES/cpio.mo"
                        }
                    }, 
                    {
                        "status": "ENOENT", 
                        "raw": "Thu Jul 15 17:53:12 2021.057458 cpio@7ffb00748e81[2069] openat(AT_FDCWD, \"/usr/share/locale/en_US/LC_MESSAGES/cpio.mo\", O_RDONLY) = -2 (ENOENT)\n", 
                        "api": "openat", 
                        "return_value": "-2", 
                        "instruction_pointer": "7ffb00748e81", 
                        "time": 1626371592.057458, 
                        "process_name": "cpio", 
                        "pid": 2069, 
                        "arguments": {
                            "p2": "O_RDONLY", 
                            "p0": "AT_FDCWD", 
                            "p1": "/usr/share/locale/en_US/LC_MESSAGES/cpio.mo"
                        }
                    }, 
                    {
                        "status": "ENOENT", 
                        "raw": "Thu Jul 15 17:53:12 2021.057474 cpio@7ffb00748e81[2069] openat(AT_FDCWD, \"/usr/share/locale/en.UTF-8/LC_MESSAGES/cpio.mo\", O_RDONLY) = -2 (ENOENT)\n", 
                        "api": "openat", 
                        "return_value": "-2", 
                        "instruction_pointer": "7ffb00748e81", 
                        "time": 1626371592.057474, 
                        "process_name": "cpio", 
                        "pid": 2069, 
                        "arguments": {
                            "p2": "O_RDONLY", 
                            "p0": "AT_FDCWD", 
                            "p1": "/usr/share/locale/en.UTF-8/LC_MESSAGES/cpio.mo"
                        }
                    }, 
                    {
                        "status": "ENOENT", 
                        "raw": "Thu Jul 15 17:53:12 2021.057488 cpio@7ffb00748e81[2069] openat(AT_FDCWD, \"/usr/share/locale/en.utf8/LC_MESSAGES/cpio.mo\", O_RDONLY) = -2 (ENOENT)\n", 
                        "api": "openat", 
                        "return_value": "-2", 
                        "instruction_pointer": "7ffb00748e81", 
                        "time": 1626371592.057488, 
                        "process_name": "cpio", 
                        "pid": 2069, 
                        "arguments": {
                            "p2": "O_RDONLY", 
                            "p0": "AT_FDCWD", 
                            "p1": "/usr/share/locale/en.utf8/LC_MESSAGES/cpio.mo"
                        }
                    }, 
                    {
                        "status": "ENOENT", 
                        "raw": "Thu Jul 15 17:53:12 2021.057503 cpio@7ffb00748e81[2069] openat(AT_FDCWD, \"/usr/share/locale/en/LC_MESSAGES/cpio.mo\", O_RDONLY) = -2 (ENOENT)\n", 
                        "api": "openat", 
                        "return_value": "-2", 
                        "instruction_pointer": "7ffb00748e81", 
                        "time": 1626371592.057503, 
                        "process_name": "cpio", 
                        "pid": 2069, 
                        "arguments": {
                            "p2": "O_RDONLY", 
                            "p0": "AT_FDCWD", 
                            "p1": "/usr/share/locale/en/LC_MESSAGES/cpio.mo"
                        }
                    }, 
                    {
                        "status": "ENOENT", 
                        "raw": "Thu Jul 15 17:53:12 2021.057524 cpio@7ffb00748e81[2069] openat(AT_FDCWD, \"/usr/share/locale-langpack/en_US.UTF-8/LC_MESSAGES/cpio.mo\", O_RDONLY) = -2 (ENOENT)\n", 
                        "api": "openat", 
                        "return_value": "-2", 
                        "instruction_pointer": "7ffb00748e81", 
                        "time": 1626371592.057524, 
                        "process_name": "cpio", 
                        "pid": 2069, 
                        "arguments": {
                            "p2": "O_RDONLY", 
                            "p0": "AT_FDCWD", 
                            "p1": "/usr/share/locale-langpack/en_US.UTF-8/LC_MESSAGES/cpio.mo"
                        }
                    }, 
                    {
                        "status": "ENOENT", 
                        "raw": "Thu Jul 15 17:53:12 2021.057540 cpio@7ffb00748e81[2069] openat(AT_FDCWD, \"/usr/share/locale-langpack/en_US.utf8/LC_MESSAGES/cpio.mo\", O_RDONLY) = -2 (ENOENT)\n", 
                        "api": "openat", 
                        "return_value": "-2", 
                        "instruction_pointer": "7ffb00748e81", 
                        "time": 1626371592.05754, 
                        "process_name": "cpio", 
                        "pid": 2069, 
                        "arguments": {
                            "p2": "O_RDONLY", 
                            "p0": "AT_FDCWD", 
                            "p1": "/usr/share/locale-langpack/en_US.utf8/LC_MESSAGES/cpio.mo"
                        }
                    }, 
                    {
                        "status": "ENOENT", 
                        "raw": "Thu Jul 15 17:53:12 2021.057556 cpio@7ffb00748e81[2069] openat(AT_FDCWD, \"/usr/share/locale-langpack/en_US/LC_MESSAGES/cpio.mo\", O_RDONLY) = -2 (ENOENT)\n", 
                        "api": "openat", 
                        "return_value": "-2", 
                        "instruction_pointer": "7ffb00748e81", 
                        "time": 1626371592.057556, 
                        "process_name": "cpio", 
                        "pid": 2069, 
                        "arguments": {
                            "p2": "O_RDONLY", 
                            "p0": "AT_FDCWD", 
                            "p1": "/usr/share/locale-langpack/en_US/LC_MESSAGES/cpio.mo"
                        }
                    }, 
                    {
                        "status": "ENOENT", 
                        "raw": "Thu Jul 15 17:53:12 2021.057575 cpio@7ffb00748e81[2069] openat(AT_FDCWD, \"/usr/share/locale-langpack/en.UTF-8/LC_MESSAGES/cpio.mo\", O_RDONLY) = -2 (ENOENT)\n", 
                        "api": "openat", 
                        "return_value": "-2", 
                        "instruction_pointer": "7ffb00748e81", 
                        "time": 1626371592.057575, 
                        "process_name": "cpio", 
                        "pid": 2069, 
                        "arguments": {
                            "p2": "O_RDONLY", 
                            "p0": "AT_FDCWD", 
                            "p1": "/usr/share/locale-langpack/en.UTF-8/LC_MESSAGES/cpio.mo"
                        }
                    }, 
                    {
                        "status": "ENOENT", 
                        "raw": "Thu Jul 15 17:53:12 2021.057591 cpio@7ffb00748e81[2069] openat(AT_FDCWD, \"/usr/share/locale-langpack/en.utf8/LC_MESSAGES/cpio.mo\", O_RDONLY) = -2 (ENOENT)\n", 
                        "api": "openat", 
                        "return_value": "-2", 
                        "instruction_pointer": "7ffb00748e81", 
                        "time": 1626371592.057591, 
                        "process_name": "cpio", 
                        "pid": 2069, 
                        "arguments": {
                            "p2": "O_RDONLY", 
                            "p0": "AT_FDCWD", 
                            "p1": "/usr/share/locale-langpack/en.utf8/LC_MESSAGES/cpio.mo"
                        }
                    }, 
                    {
                        "status": "ENOENT", 
                        "raw": "Thu Jul 15 17:53:12 2021.057607 cpio@7ffb00748e81[2069] openat(AT_FDCWD, \"/usr/share/locale-langpack/en/LC_MESSAGES/cpio.mo\", O_RDONLY) = -2 (ENOENT)\n", 
                        "api": "openat", 
                        "return_value": "-2", 
                        "instruction_pointer": "7ffb00748e81", 
                        "time": 1626371592.057607, 
                        "process_name": "cpio", 
                        "pid": 2069, 
                        "arguments": {
                            "p2": "O_RDONLY", 
                            "p0": "AT_FDCWD", 
                            "p1": "/usr/share/locale-langpack/en/LC_MESSAGES/cpio.mo"
                        }
                    }, 
                    {
                        "status": "", 
                        "raw": "Thu Jul 15 17:53:12 2021.057631 cpio@7ffb00749224[2069] write(2, \"/tmp/cpio: \", 11) = 11\n", 
                        "api": "write", 
                        "return_value": "11", 
                        "instruction_pointer": "7ffb00749224", 
                        "time": 1626371592.057631, 
                        "process_name": "cpio", 
                        "pid": 2069, 
                        "arguments": {
                            "p2": "11", 
                            "p0": "2", 
                            "p1": "/tmp/cpio: "
                        }
                    }, 
                    {
                        "status": "", 
                        "raw": "Thu Jul 15 17:53:12 2021.057664 cpio@7ffb00749224[2069] write(2, \"You must specify one of -oipt options.\\nTry `\"..., 107) = 107\n", 
                        "api": "write", 
                        "return_value": "107", 
                        "instruction_pointer": "7ffb00749224", 
                        "time": 1626371592.057664, 
                        "process_name": "cpio", 
                        "pid": 2069, 
                        "arguments": {
                            "p2": "107", 
                            "p0": "2", 
                            "p1": "\"You must specify one of -oipt options.\\nTry `\"..."
                        }
                    }, 
                    {
                        "status": "", 
                        "raw": "Thu Jul 15 17:53:12 2021.057679 cpio@7ffb00749224[2069] write(2, \"\\n\", 1) = 1\n", 
                        "api": "write", 
                        "return_value": "1", 
                        "instruction_pointer": "7ffb00749224", 
                        "time": 1626371592.057679, 
                        "process_name": "cpio", 
                        "pid": 2069, 
                        "arguments": {
                            "p2": "1", 
                            "p0": "2", 
                            "p1": "\n"
                        }
                    }, 
                    {
                        "status": "", 
                        "raw": "Thu Jul 15 17:53:12 2021.057700 cpio@7ffb00749224[2069] write(2, \"Try '/tmp/cpio --help' or '/tmp/cpio --usage'\"..., 68) = 68\n", 
                        "api": "write", 
                        "return_value": "68", 
                        "instruction_pointer": "7ffb00749224", 
                        "time": 1626371592.0577, 
                        "process_name": "cpio", 
                        "pid": 2069, 
                        "arguments": {
                            "p2": "68", 
                            "p0": "2", 
                            "p1": "\"Try '/tmp/cpio --help' or '/tmp/cpio --usage'\"..."
                        }
                    }, 
                    {
                        "status": "", 
                        "raw": "Thu Jul 15 17:53:12 2021.057712 cpio@7ffb00749a17[2069] close(1) = 0\n", 
                        "api": "close", 
                        "return_value": "0", 
                        "instruction_pointer": "7ffb00749a17", 
                        "time": 1626371592.057712, 
                        "process_name": "cpio", 
                        "pid": 2069, 
                        "arguments": {
                            "p0": "1"
                        }
                    }, 
                    {
                        "status": "", 
                        "raw": "Thu Jul 15 17:53:12 2021.057721 cpio@7ffb00749a17[2069] close(2) = 0\n", 
                        "api": "close", 
                        "return_value": "0", 
                        "instruction_pointer": "7ffb00749a17", 
                        "time": 1626371592.057721, 
                        "process_name": "cpio", 
                        "pid": 2069, 
                        "arguments": {
                            "p0": "2"
                        }
                    }, 
                    {
                        "status": "", 
                        "raw": "Thu Jul 15 17:53:12 2021.057731 cpio@7ffb0071dbd6[2069] exit_group(2)\n", 
                        "api": "exit_group", 
                        "return_value": "", 
                        "instruction_pointer": "7ffb0071dbd6", 
                        "time": 1626371592.057731, 
                        "process_name": "cpio", 
                        "pid": 2069, 
                        "arguments": {
                            "p0": "2"
                        }
                    }
                ], 
                "pid": 2069, 
                "process_name": "cpio", 
                "command_line": "/tmp/cpio", 
                "first_seen": 1626371592.056277, 
                "ppid": 2068, 
                "type": "process"
            }
        ], 
        "processtree": [
            {
                "track": true, 
                "pid": 2069, 
                "process_name": "cpio", 
                "command_line": "/tmp/cpio", 
                "first_seen": 1626371592.056277, 
                "ppid": 2068, 
                "children": []
            }
        ]
    }, 
    "debug": {
        "action": [], 
        "dbgview": [], 
        "errors": [], 
        "log": [
            "2021-07-15 19:53:08,018 [root] DEBUG: Starting analyzer from: /tmp4vJdOL\n", 
            "2021-07-15 19:53:08,018 [root] DEBUG: Storing results at: /tmp/SaTKBVOdfu\n", 
            "2021-07-15 19:53:08,019 [root] DEBUG: BIANCA DEBUG: \n", 
            "2021-07-15 19:53:08,019 [root] DEBUG: No analysis package specified, trying to detect it automagically.\n", 
            "2021-07-15 19:53:08,019 [root] INFO: Automatically selected analysis package \"generic\"\n", 
            "2021-07-15 19:53:08,064 [root] DEBUG: Bianca DEBUG[<class 'modules.auxiliary.stap.STAP'>]\n", 
            "2021-07-15 19:53:08,065 [modules.auxiliary.stap] WARNING: BIANCA DEBUG: IT GOT TO STAP INIT\n", 
            "2021-07-15 19:53:08,065 [modules.auxiliary.stap] WARNING: BIANCA DEBUG: STAP STARTEDDDDDDDDDDDD\n", 
            "2021-07-15 19:53:08,066 [modules.auxiliary.stap] WARNING: BIANCAAAA stap path: /root/.cuckoo/stap_.ko\n", 
            "2021-07-15 19:53:08,067 [modules.auxiliary.stap] WARNING: HELLO DARKNESS MY OLD FRIENDDD\n", 
            "2021-07-15 19:53:08,073 [modules.auxiliary.stap] WARNING: IT STARTED NOW NOW NOW\n", 
            "2021-07-15 19:53:12,052 [modules.auxiliary.stap] DEBUG: STAP aux module startup took 3.99 seconds\n", 
            "2021-07-15 19:53:12,053 [root] DEBUG: Started auxiliary module STAP\n", 
            "2021-07-15 19:53:12,062 [root] INFO: Added new process to list with pid: 2068\n", 
            "2021-07-15 19:53:13,064 [root] INFO: Process with pid 2068 has terminated\n", 
            "2021-07-15 19:53:13,064 [root] INFO: Process list is empty, terminating analysis.\n", 
            "2021-07-15 19:53:14,066 [modules.auxiliary.stap] DEBUG: stap subprocess retval None\n", 
            "2021-07-15 19:53:14,066 [modules.auxiliary.stap] DEBUG: BIANCA SEND FILE FROM STRAP: stap.log -> logs/all.stap\n", 
            "2021-07-15 19:53:14,069 [root] INFO: Analysis completed.\n"
        ], 
        "cuckoo": [
            "2021-07-15 19:53:09,060 [cuckoo.core.scheduler] INFO: Task #29: acquired machine cuc (label=cuc)\n", 
            "2021-07-15 19:53:09,060 [cuckoo.core.resultserver] DEBUG: Now tracking machine 192.168.56.101 for task #29\n", 
            "2021-07-15 19:53:09,061 [cuckoo.core.plugins] DEBUG: Started auxiliary module: Replay\n", 
            "2021-07-15 19:53:09,066 [cuckoo.auxiliary.sniffer] INFO: Started sniffer with PID 27534 (interface=vboxnet0, host=192.168.56.101)\n", 
            "2021-07-15 19:53:09,066 [cuckoo.core.plugins] DEBUG: Started auxiliary module: Sniffer\n", 
            "2021-07-15 19:53:09,194 [cuckoo.machinery.virtualbox] DEBUG: Starting vm cuc\n", 
            "2021-07-15 19:53:09,387 [cuckoo.machinery.virtualbox] DEBUG: Restoring virtual machine cuc to final_3\n", 
            "2021-07-15 19:53:15,814 [cuckoo.core.guest] INFO: Starting analysis #29 on guest (id=cuc, ip=192.168.56.101)\n", 
            "2021-07-15 19:53:16,817 [cuckoo.core.guest] DEBUG: cuc: not ready yet\n", 
            "2021-07-15 19:53:17,820 [cuckoo.core.guest] DEBUG: cuc: not ready yet\n", 
            "2021-07-15 19:53:18,824 [cuckoo.core.guest] DEBUG: cuc: not ready yet\n", 
            "2021-07-15 19:53:19,827 [cuckoo.core.guest] DEBUG: cuc: not ready yet\n", 
            "2021-07-15 19:53:20,830 [cuckoo.core.guest] DEBUG: cuc: not ready yet\n", 
            "2021-07-15 19:53:21,834 [cuckoo.core.guest] DEBUG: cuc: not ready yet\n", 
            "2021-07-15 19:53:22,837 [cuckoo.core.guest] DEBUG: cuc: not ready yet\n", 
            "2021-07-15 19:53:23,841 [cuckoo.core.guest] DEBUG: cuc: not ready yet\n", 
            "2021-07-15 19:53:24,844 [cuckoo.core.guest] DEBUG: cuc: not ready yet\n", 
            "2021-07-15 19:53:25,847 [cuckoo.core.guest] DEBUG: cuc: not ready yet\n", 
            "2021-07-15 19:53:26,850 [cuckoo.core.guest] DEBUG: cuc: not ready yet\n", 
            "2021-07-15 19:53:26,883 [cuckoo.core.guest] INFO: Guest is running Cuckoo Agent 0.10 (id=cuc, ip=192.168.56.101)\n", 
            "2021-07-15 19:53:26,889 [cuckoo.core.guest] DEBUG: Uploading analyzer to guest (id=cuc, ip=192.168.56.101, monitor=latest, size=31337)\n", 
            "2021-07-15 19:53:27,067 [cuckoo.core.resultserver] DEBUG: Task #29: live log analysis.log initialized.\n", 
            "2021-07-15 19:53:32,067 [cuckoo.core.guest] DEBUG: cuc: analysis #29 still processing\n", 
            "2021-07-15 19:53:33,146 [cuckoo.core.resultserver] DEBUG: Task #29: File upload for 'logs/all.stap'\n", 
            "2021-07-15 19:53:33,149 [cuckoo.core.resultserver] DEBUG: Task #29 uploaded file length: 12521\n", 
            "2021-07-15 19:53:37,100 [cuckoo.core.guest] DEBUG: cuc: analysis #29 still processing\n", 
            "2021-07-15 19:53:42,149 [cuckoo.core.guest] DEBUG: cuc: analysis #29 still processing\n", 
            "2021-07-15 19:53:47,174 [cuckoo.core.guest] DEBUG: cuc: analysis #29 still processing\n", 
            "2021-07-15 19:53:52,203 [cuckoo.core.guest] DEBUG: cuc: analysis #29 still processing\n", 
            "2021-07-15 19:53:57,232 [cuckoo.core.guest] DEBUG: cuc: analysis #29 still processing\n", 
            "2021-07-15 19:54:02,258 [cuckoo.core.guest] DEBUG: cuc: analysis #29 still processing\n", 
            "2021-07-15 19:54:07,284 [cuckoo.core.guest] DEBUG: cuc: analysis #29 still processing\n", 
            "2021-07-15 19:54:12,312 [cuckoo.core.guest] DEBUG: cuc: analysis #29 still processing\n", 
            "2021-07-15 19:54:17,344 [cuckoo.core.guest] DEBUG: cuc: analysis #29 still processing\n", 
            "2021-07-15 19:54:22,371 [cuckoo.core.guest] DEBUG: cuc: analysis #29 still processing\n", 
            "2021-07-15 19:54:27,408 [cuckoo.core.guest] DEBUG: cuc: analysis #29 still processing\n", 
            "2021-07-15 19:54:32,436 [cuckoo.core.guest] DEBUG: cuc: analysis #29 still processing\n", 
            "2021-07-15 19:54:37,465 [cuckoo.core.guest] DEBUG: cuc: analysis #29 still processing\n", 
            "2021-07-15 19:54:42,491 [cuckoo.core.guest] DEBUG: cuc: analysis #29 still processing\n", 
            "2021-07-15 19:54:47,517 [cuckoo.core.guest] DEBUG: cuc: analysis #29 still processing\n", 
            "2021-07-15 19:54:52,543 [cuckoo.core.guest] DEBUG: cuc: analysis #29 still processing\n", 
            "2021-07-15 19:54:57,569 [cuckoo.core.guest] DEBUG: cuc: analysis #29 still processing\n", 
            "2021-07-15 19:55:02,595 [cuckoo.core.guest] DEBUG: cuc: analysis #29 still processing\n", 
            "2021-07-15 19:55:07,621 [cuckoo.core.guest] DEBUG: cuc: analysis #29 still processing\n", 
            "2021-07-15 19:55:12,648 [cuckoo.core.guest] DEBUG: cuc: analysis #29 still processing\n", 
            "2021-07-15 19:55:17,675 [cuckoo.core.guest] DEBUG: cuc: analysis #29 still processing\n", 
            "2021-07-15 19:55:22,701 [cuckoo.core.guest] DEBUG: cuc: analysis #29 still processing\n", 
            "2021-07"
        ]
    }, 
    "strings": [
        "/lib64/ld-linux-x86-64.so.2", 
        ",cr\"dZ", 
        "aH>)xS", 
        "libc.so.6", 
        "setuid", 
        "__stpcpy_chk", 
        "strcpy", 
        "flockfile", 
        "fchmod", 
        "__printf_chk", 
        "fnmatch", 
        "setlocale", 
        "mbrtowc", 
        "strncmp", 
        "dcngettext", 
        "argp_program_version", 
        "strrchr", 
        "fflush_unlocked", 
        "dcgettext", 
        "getpwuid", 
        "getgrgid", 
        "signal", 
        "strncpy", 
        "__stack_chk_fail", 
        "__lxstat", 
        "unlink", 
        "iswprint", 
        "argp_program_version_hook", 
        "realloc", 
        "memchr", 
        "program_invocation_name", 
        "strdup", 
        "__assert_fail", 
        "__ctype_get_mb_cur_max", 
        "strtol", 
        "lchown", 
        "strchrnul", 
        "symlink", 
        "argp_failure", 
        "getpwnam", 
        "calloc", 
        "futimens", 
        "strlen", 
        "ungetc", 
        "memset", 
        "utimensat", 
        "__errno_location", 
        "memcmp", 
        "strndup", 
        "mempcpy", 
        "__fprintf_chk", 
        "getgrnam", 
        "fchown", 
        "stdout", 
        "argp_help", 
        "argp_program_bug_address", 
        "memcpy", 
        "fclose", 
        "__vsnprintf_chk", 
        "malloc", 
        "strcat", 
        "strcasecmp", 
        "mbsinit", 
        "__strncpy_chk", 
        "getgid", 
        "__uflow", 
        "nl_langinfo", 
        "argp_err_exit_status", 
        "__ctype_b_loc", 
        "getenv", 
        "stderr", 
        "gethostbyname", 
        "getuid", 
        "readlink", 
        "fscanf", 
        "__strncat_chk", 
        "__xmknod", 
        "__fxstat", 
        "utimes", 
        "getcwd", 
        "fwrite", 
        "gettimeofday", 
        "geteuid", 
        "clock_gettime", 
        "__fpending", 
        "strerror_r", 
        "strchr", 
        "funlockfile", 
        "argp_error", 
        "__vfprintf_chk", 
        "program_invocation_short_name", 
        "fdopen", 
        "argp_parse", 
        "__ctype_toupper_loc", 
        "__strcpy_chk", 
        "__ctype_tolower_loc", 
        "__cxa_finalize", 
        "__sprintf_chk", 
        "futimesat", 
        "__xstat", 
        "memmove", 
        "bindtextdomain", 
        "_IO_getc", 
        "setgid", 
        "__strcat_chk", 
        "fwrite_unlocked", 
        "strcmp", 
        "strerror", 
        "__libc_start_main", 
        "argp_state_help", 
        "__overflow", 
        "fputs_unlocked", 
        "__progname", 
        "__progname_full", 
        "crc_i_flag", 
        "sparse_flag", 
        "io_block_size", 
        "numeric_uid", 
        "program_authors", 
        "quote_quoting_options", 
        "directory_name", 
        "only_verify_crc_flag", 
        "save_patterns", 
        "copy_matching_files", 
        "warn_option", 
        "renumber_inodes_option", 
        "deferouts", 
        "link_flag", 
        "force_local_option", 
        "swap_bytes_flag", 
        "deferments", 
        "rpl_opterr", 
        "name_end", 
        "num_patterns", 
        "error_hook", 
        "set_owner_flag", 
        "rpl_optopt", 
        "to_stdout_option", 
        "input_bytes", 
        "output_is_seekable", 
        "rmt_dev_name__", 
        "dot_flag", 
        "rename_flag", 
        "change_directory_option", 
        "in_buff", 
        "extract_over_symlinks", 
        "rename_batch_file", 
        "no_abs_paths_flag", 
        "_IO_stdin_used", 
        "unconditional_flag", 
        "set_group_flag", 
        "copy_function", 
        "quoting_style_vals", 
        "archive_name", 
        "quoting_style_args", 
        "swapping_halfwords", 
        "newdir_umask", 
        "retain_time_flag", 
        "output_bytes", 
        "output_buffer", 
        "swapping_bytes", 
        "ignore_devno_option", 
        "input_size", 
        "output_size", 
        "output_is_special", 
        "exit_failure", 
        "rsh_command_option", 
        "archive_format", 
        "input_buffer_size", 
        "out_buff", 
        "create_dir_flag", 
        "program_name", 
        "input_buffer", 
        "archive_des", 
        "no_chown_flag", 
        "version_etc_copyright", 
        "rmt_command", 
        "rpl_optarg", 
        "input_is_special", 
        "quiet_flag", 
        "set_group", 
        "verbose_flag", 
        "new_media_message_with_number", 
        "new_media_message", 
        "set_owner", 
        "pattern_file_name", 
        "rpl_optind", 
        "last_header_start", 
        "table_flag", 
        "reset_time_flag", 
        "input_is_seekable", 
        "new_media_message_after_number", 
        "append_flag", 
        "swap_halfwords_flag", 
        "GLIBC_2.14", 
        "GLIBC_2.4", 
        "GLIBC_2.17", 
        "GLIBC_2.6", 
        "GLIBC_2.2.5", 
        "GLIBC_2.3.4", 
        "GLIBC_2.3", 
        "_ITM_deregisterTMCloneTable", 
        "__gmon_start__", 
        "_ITM_registerTMCloneTable", 
        "AWAVAUATA", 
        "[]A\\A]A^A_1", 
        "[]A\\A]A^A_", 
        "([]A\\A]A^A_", 
        "G(H;G0", 
        "G(H;G0", 
        "D$HdH3", 
        "X[]A\\A]", 
        "<7AUATUSH", 
        "[]A\\A]A^A_", 
        "D$XdH3", 
        "h[]A\\A]", 
        "D$xdH3", 
        "[]A\\A]", 
        "[]A\\A]A^A_", 
        "AUATUSH", 
        "G(H;G0", 
        "G(H;G0", 
        "[]A\\A]A^A_", 
        "L$HHc|$xLc", 
        "AWAVAUATI", 
        "dH3<%(", 
        "[]A\\A]A^A_", 
        "D$8dH3", 
        "H[]A\\A]", 
        "AWAVAUATUSH", 
        "dH34%(", 
        "[]A\\A]A^A_", 
        "t$hdH34%(", 
        "x[]A\\A]A^A_", 
        "L$8dH3", 
        "H[]A\\A]", 
        "AUATUS", 
        "G(H;G0", 
        "G(H;G0", 
        "[]A\\A]A^A_", 
        "$H9AHu", 
        "[]A\\A]", 
        "[]A\\A]", 
        "[]A\\A]", 
        "[]A\\A]", 
        "[]A\\A]", 
        "AUATUSH", 
        "G(H;G0", 
        "[]A\\A]A^A_", 
        "G(H;G0", 
        "[]A\\A]A^A_", 
        "L$(dH3", 
        "8[]A\\A]", 
        "[]A\\A]", 
        "[]A\\A]", 
        "[]A\\A]A^A_", 
        "[]A\\A]A^A_", 
        "A\\A]A^", 
        "[]A\\A]A^", 
        "AWAVAUATA", 
        "]A\\A]A^A_", 
        "[]A\\A]A^A_", 
        "AWAVAUATUSH", 
        "([]A\\A]A^A_", 
        "^L9d$Xu'H", 
        "L$(dH3", 
        "tI[]A\\A]A^", 
        "([]A\\A]A^A_", 
        "[]A\\A]", 
        "AWAVAUATUSH", 
        "D$(dH3", 
        "8[]A\\A]A^A_", 
        "[]A\\A]", 
        "[]A\\A]A^", 
        "[]A\\A]", 
        "AUATLc", 
        "[]A\\A]A^A_", 
        "D$(dH3", 
        "D$(dH3", 
        "AUATUS", 
        "[]A\\A]", 
        "]A\\A]H", 
        "D$xdH3", 
        "dH3<%(", 
        "Kh[]A\\", 
        "AWAVAUATI", 
        "[A\\A]A^A_]", 
        "AWAVAUATI", 
        "dH34%(", 
        "[A\\A]A^A_]", 
        "[]A\\A]", 
        "[]A\\A]", 
        "AWAVLc", 
        "([]A\\A]A^A_", 
        "L$HdH3", 
        "[]A\\A]A^A_", 
        "O_RDONLYL", 
        "|O_TRUNCI", 
        "O_WRONLYL", 
        "|O_APPENL", 
        "|O_RSYNCH", 
        "|O_SYNC", 
        "|O_NONBLL", 
        "|O_NOCTTL", 
        "|O_EXCL", 
        "|O_DSYNCL", 
        "|O_CREATL", 
        "L$HdH3", 
        "X[]A\\A]A^A_", 
        "L$HdH3", 
        "P[]A\\A]A^", 
        "AVAUATUH", 
        "\\$hdH3", 
        "p[]A\\A]A^", 
        "([]A\\A]", 
        "[]A\\A]", 
        "([]A\\A]", 
        "([]A\\A]", 
        "AWAVAUATI", 
        "[]A\\A]A^A_", 
        "AVAUATUSth", 
        "]A\\A]A^", 
        "AWAVAUATUSH", 
        "x[]A\\A]A^A_", 
        "8H9T$H", 
        "E8 t!L", 
        "AWAVAUATUSH", 
        "[]A\\A]A^A_", 
        "AWAVAUATSH", 
        "[A\\A]A^A_]", 
        "AWAVAUATI", 
        "([]A\\A]A^A_", 
        "D$09E0", 
        "G8H+G0H;G wWH", 
        "C8H;C@r", 
        "H;G wTH", 
        "AUATUSH", 
        "[]A\\A]", 
        "[]A\\A]", 
        "[]A\\A]", 
        "I9D$@s", 
        "L$8L9|$(t", 
        "8[]A\\A]A^A_", 
        "8[]A\\A]A^A_", 
        "[]A\\A]A^A_", 
        "AWAVAUATI", 
        "[]A\\A]A^A_", 
        "E8H;E@", 
        "H+U0H;U ", 
        "[]A\\A]A^A_", 
        "H+E0H;E ", 
        "w8M9w@H", 
        "D$8I+D$0L", 
        "]A\\A]A^", 
        "E8H;E@s>H", 
        "AWAVAUATA", 
        "H+K0H;K ", 
        "IC(H9C", 
        "C8H+C0H;C ", 
        "IC(H9C", 
        "[]A\\A]A^A_", 
        "H+K0H;K ", 
        "C8H;C@", 
        "L9{@vbI", 
        "C8H;C@", 
        "C8H;C@sVH", 
        "C(H;C0", 
        "C(H;C0", 
        "S0t[H9", 
        "C(H;C0", 
        "[]A\\A]A^", 
        "AWAVAUATSH", 
        "M8I+M0M", 
        "E8I+E0", 
        "E8I+E0I;E ", 
        "E8I+E0I;E Hc", 
        "[A\\A]A^A_]", 
        "E8I+E0I;E ", 
        "I9E@s!H", 
        "I+U0I;U ", 
        "E8I+E0I;E ", 
        "E8I+E0I;E I", 
        "E I+M0", 
        "I9E@s%L", 
        "E8I;E@", 
        "G8I+G0I;G Lc-K", 
        "I+O0I;O wpMc", 
        "G8I+G0I;G Hc", 
        "I+O0I;O ", 
        "E8I;E@", 
        "E8I;E@", 
        "E8I;E@", 
        "E8I;E@", 
        "IE(I+U0Hc", 
        "u8I+u0I;u H", 
        "E8I;E@s@H", 
        "E8I;E@s'H", 
        "D$hdH3", 
        "C(H;C0", 
        "C(H;C0", 
        "C(H;C0", 
        "AWAVAUATM", 
        "H[]A\\A]A^A_", 
        "AWAVAUATI", 
        "[A\\A]A^A_]", 
        "AUATUSH", 
        "[]A\\A]", 
        "[]A\\A]", 
        "]A\\A]A^", 
        "[]A\\A]A^", 
        "]A\\A]A^", 
        "AWAVAUATUSH", 
        "[]A\\A]A^A_", 
        "[]A\\A]A^A_", 
        "[]A\\A]H", 
        "AWAVAUATUSH", 
        "[]A\\A]A^A_", 
        "[]A\\A]A^A_", 
        "L$XdH3", 
        "AUATUSH", 
        "[]A\\A]", 
        "[]A\\A]A^A_", 
        "\\$oD\"d$", 
        "AWAVLc", 
        "[]A\\A]A^A_", 
        "8[]A\\A]A^A_", 
        "8[]A\\A]A^A_", 
        "L$8dH3", 
        "T$8dH3", 
        "t$8dH34%(", 
        ")D$ t2H", 
        "|$8dH3<%(", 
        "[]A\\A]", 
        "[]A\\A]", 
        "AVAUATUI", 
        ")D$PA!", 
        "[]A\\A]A^", 
        "AWAVAUATM", 
        "AQAUATAWAVL", 
        "([]A\\A]A^A_", 
        "[]A\\A]A^A_H", 
        "[]A\\A]A^A_1", 
        "[]A\\A]A^A_", 
        "([]A\\A]A^A_", 
        "ATAWAVL", 
        "([]A\\A]A^A_", 
        "AUATAWAVL", 
        "D$XdH3", 
        "D$xdH3", 
        "[]A\\A]A^", 
        "AWAVAUATUSH", 
        "([]A\\A]A^A_", 
        "G(H;G0r", 
        "A(H;A0", 
        "G(H;G0", 
        "H)C H)", 
        "G@H+G8H9", 
        "I+E8H9", 
        "I+E8H9", 
        "[]A\\A]", 
        "\u001fH9E@s", 
        "G8H;G@s", 
        "G8H+G0H;G v", 
        "G8H+G0H;G v", 
        "G8H+G0H;G v", 
        "G8H+G0H;G SH", 
        "t9[]A\\", 
        "AUATUSH", 
        "[]A\\A]A^A_", 
        "charset.", 
        "aliafA", 
        "AUATUHcn4SD", 
        "f0]A\\A]A^A_", 
        "AWAVAUATUSH", 
        "$A9D$4~", 
        "D$4A;D$0}", 
        "\\$hdH3", 
        "x[]A\\A]A^A_", 
        "T$4A9T$0tt9", 
        "[]A\\A]A^A_", 
        "cannot link %s to %s", 
        "%s %3lu ", 
        "%-8u %-8u ", 
        "%-8.8s %-8.8s ", 
        "%3lu, %3lu ", 
        "Malformed number %.*s", 
        "premature end of archive", 
        "070701", 
        "070707", 
        "070702", 
        "/dev/tty", 
        "standard input is closed", 
        "rename %s -> ", 
        "%s: file name too long", 
        "cannot remove current %s", 
        "%s: Cannot symlink to %s", 
        "%s: unknown file type", 
        "TRAILER!!!", 
        "%lu blocks", 
        "%lu block", 
        "cannot swap halfwords of %s: odd number of halfwords", 
        "cannot swap bytes of %s: odd number of bytes", 
        "%s: checksum error (0x%x, should be 0x%x)", 
        "%s: stored filename length is out of range", 
        "warning: skipped %ld bytes of junk", 
        "warning: skipped %ld byte of junk", 
        "Archive value %.*s is out of range", 
        "warning: archive header has reverse byte-order", 
        "Can't write over symlinks: %s", 
        "%s not created: newer or same age version exists", 
        "cannot read checksum for %s", 
        "%s: truncating %s", 
        "file mode", 
        "number of links", 
        "modification time", 
        "file size", 
        "device major number", 
        "device minor number", 
        "rdev major", 
        "rdev minor", 
        "name size", 
        "device number", 
        "%s: truncating inode number", 
        "standard output is closed", 
        "blank line ignored", 
        "%s: symbolic link too long", 
        "%s: value %s %s out of allowed range 0..%s", 
        "%s: value %s %s out of allowed range 0..%u", 
        "%s: value %s %s out of allowed range 0..%lu", 
        "%s not dumped: not a regular file", 
        "0123456789ABCDEF", 
        "%s linked to %s", 
        "invalid block size", 
        "Mode already defined", 
        "%s is meaningless with %s", 
        "--extract", 
        "--link", 
        "--reset", 
        "--dereference", 
        "--append", 
        "--renumber-inodes", 
        "--ignore-devno", 
        "--to-stdout", 
        "--make-directories", 
        "--rename", 
        "--no-preserve-owner", 
        "--owner", 
        "--preserve-modification-time", 
        "Too many arguments", 
        "--create", 
        "--list", 
        "--unconditional", 
        "--sparse", 
        "--swap-bytes (--swap)", 
        "--swap-halfwords (--swap)", 
        "--rename-batch-file", 
        "Not enough arguments", 
        "--pass-through", 
        "--no-absolute-pathnames", 
        "Cannot open %s", 
        "/usr/share/locale", 
        "error closing archive", 
        "truncate", 
        "interdir", 
        "[destination-directory]", 
        "Main operation mode:", 
        "Run in copy-pass mode", 
        "Change to directory DIR", 
        "force-local", 
        "format", 
        "Use given archive FORMAT", 
        "block-size", 
        "BLOCK-SIZE", 
        "io-size", 
        "NUMBER", 
        "verbose", 
        "warning", 
        "[USER][:.][GROUP]", 
        "[[USER@]HOST:]FILE-NAME", 
        "STRING", 
        "rsh-command", 
        "COMMAND", 
        "Use COMMAND instead of rsh", 
        "nonmatching", 
        "numeric-uid-gid", 
        "pattern-file", 
        "only-verify-crc", 
        "Interactively rename files", 
        "swap-bytes", 
        "swap-halfwords", 
        "Renumber inodes", 
        "Don't store device numbers", 
        "device-independent", 
        "reproducible", 
        "no-absolute-filenames", 
        "reset-access-time", 
        "extract-over-symlinks", 
        "<bug-cpio@gnu.org>", 
        "Phil Nelson", 
        "David MacKenzie", 
        "John Oleynick", 
        "Sergey Poznyakoff", 
        "Archive format multiply defined", 
        "invalid archive format `%s'; valid formats are:", 
        "crc newc odc bin ustar tar (all-caps also recognized)", 
        "--no-preserve-owner cannot be used with --owner", 
        "--owner cannot be used with --no-preserve-owner", 
        "Invalid value for --warning option: %s", 
        "You must specify one of -oipt options.", 
        "Try `%s --help' or `%s --usage' for more information.", 
        "Both -I and -F are used in copy-in mode", 
        "--append is used but no archive file name is given (use -F or -O options)", 
        "Both -O and -F are used in copy-out mode", 
        "Archive format is not specified in copy-pass mode (use --format option)", 
        "-F can be used only with --create or --extract", 
        "Create the archive (run in copy-out mode)", 
        "Extract files from an archive (run in copy-in mode)", 
        "Print a table of contents of the input", 
        "Operation modifiers valid in any mode:", 
        "Archive file is local, even if its name contains colons", 
        "Set the I/O block size to 5120 bytes", 
        "Set the I/O block size to BLOCK-SIZE * 512 bytes", 
        "Use the old portable (ASCII) archive format", 
        "Print a \".\" for each file processed", 
        "Set the I/O block size to the given NUMBER of bytes", 
        "Do not print the number of blocks copied", 
        "Verbosely list the files processed", 
        "Control warning display. Currently FLAG is one of 'none', 'truncate', 'all'. Multiple options accumulate.", 
        "Set the ownership of all files created to the specified USER and/or GROUP", 
        "Operation modifiers valid in copy-in and copy-out modes", 
        "Use this FILE-NAME instead of standard input or output. Optional USER and HOST specify the user and host names in case of a remote archive", 
        "Print STRING when the end of a volume of the backup media is reached", 
        "Operation modifiers valid only in copy-in mode:", 
        "Only copy files that do not match any of the given patterns", 
        "In the verbose table of contents listing, show numeric UID and GID", 
        "Read additional patterns specifying filenames to extract or list from FILE", 
        "When reading a CRC format archive, only verify the CRC's of each file in the archive, don't actually extract the files", 
        "Swap both halfwords of words and bytes of halfwords in the data. Equivalent to -sS", 
        "Swap the bytes of each halfword in the files", 
        "Swap the halfwords of each word (4 bytes) in the files", 
        "Extract files to standard output", 
        "Archive filename to use instead of standard input. Optional USER and HOST specify the user and host names in case of a remote archive", 
        "Operation modifiers valid only in copy-out mode:", 
        "Append to an existing archive.", 
        "Archive filename to use instead of standard output. Optional USER and HOST specify the user and host names in case of a remote archive", 
        "Create device-independent (reproducible) archives", 
        "Operation modifiers valid only in copy-pass mode:", 
        "Link files instead of copying them, when  possible", 
        "Operation modifiers valid in copy-in and copy-out modes:", 
        "Do not strip file system prefix components from the file names", 
        "Create all files relative to the current directory", 
        "Operation modifiers valid in copy-out and copy-pass modes:", 
        "Filenames in the list are delimited by null characters instead of newlines", 
        "Dereference  symbolic  links  (copy  the files that they point to instead of copying the links).", 
        "Reset the access times of files after reading them", 
        "Operation modifiers valid in copy-in and copy-pass modes:", 
        "Retain previous file modification times when creating files", 
        "Create leading directories where needed", 
        "Do not change the ownership of the files", 
        "Force writing over symbolic links", 
        "Replace all files unconditionally", 
        "Write files with large blocks of zeros as sparse files", 
        "devmajor", 
        "devminor", 
        "invalid header: checksum error", 
        "write error", 
        "write error: partial write", 
        "virtual memory exhausted", 
        "%s%d%s", 
        "cannot seek on output", 
        "read error", 
        "premature end of file", 
        "%s is not a directory", 
        "Creating directory `%s'", 
        "File %s shrunk by %s bytes, padding with zeros", 
        "File %s shrunk by %s byte, padding with zeros", 
        "Read error at byte %lld in file %s, padding with zeros", 
        "File %s grew, %lu new bytes not copied", 
        "File %s grew, %lu new byte not copied", 
        "File %s was modified while being copied", 
        "Creating intermediate directory `%s'", 
        "Found end of tape.  Load next tape and press RETURN. ", 
        "Found end of tape.  To continue, type device/file name when ready.", 
        "To continue, type device/file name when ready.", 
        "internal error: tape descriptor changed from %d to %d", 
        "cannot change to directory `%s'", 
        "cannot make directory `%s'", 
        "`%s' exists but is not a directory", 
        "invalid user", 
        "invalid group", 
        "can not omit both user and group", 
        "cannot get the login group of a numeric UID", 
        "Cannot connect to %s: resolve failed", 
        "Cannot redirect files for remote shell", 
        "Cannot execute remote shell", 
        "/usr/sbin/rmt", 
        "%s: Cannot %s", 
        "%s: Warning: Cannot %s", 
        "%s: Cannot change mode to %s", 
        "%s: Cannot hard link to %s", 
        "mkfifo", 
        "readlink", 
        "savedir", 
        "%s: Cannot seek to %s", 
        "unlink", 
        "waitpid", 
        "%s: Cannot change ownership to uid %lu, gid %lu", 
        "%s: Read error at byte %s, while reading %lu bytes", 
        "%s: Read error at byte %s, while reading %lu byte", 
        "%s: Warning: Read error at byte %s, while reading %lu bytes", 
        "%s: Warning: Read error at byte %s, while reading %lu byte", 
        "%s: Warning: Cannot seek to %s", 
        "%s: Cannot create symlink to %s", 
        "%s: Wrote only %lu of %lu bytes", 
        "%s: Wrote only %lu of %lu byte", 
        "Substituting `.' for empty member name", 
        "Substituting `.' for empty hard link target", 
        "Removing leading `%s' from member names", 
        "Removing leading `%s' from hard link targets", 
        "../../gnu/argp-help.c", 
        "! oalias (opts)", 
        "entries && short_options", 
        " [-%s]", 
        " [--%s[=%s]]", 
        " [--%s=%s]", 
        " [--%s]", 
        " [-%c[%s]]", 
        "[-%c %s]", 
        "Unknown system error", 
        "dup-args", 
        "dup-args-note", 
        "ARGP_HELP_FMT", 
        "Garbage in ARGP_HELP_FMT: %s", 
        "rmargin", 
        "Usage:", 
        "  or: ", 
        " [OPTION...]", 
        "Report bugs to %s.", 
        "short-opt-col", 
        "long-opt-col", 
        "doc-opt-col", 
        "opt-doc-col", 
        "header-col", 
        "usage-indent", 
        "hol->entries && hol->short_options", 
        "%.*s: ARGP_HELP_FMT parameter requires a value", 
        "%.*s: ARGP_HELP_FMT parameter must be positive", 
        "%.*s: Unknown ARGP_HELP_FMT parameter", 
        "ARGP_HELP_FMT: %s value is less than or equal to %s", 
        "Try '%s --help' or '%s --usage' for more information.", 
        "Mandatory or optional arguments to long options are also mandatory or optional for any corresponding short options.", 
        "hol_append", 
        "make_hol", 
        "-%c: %s", 
        "--%s: %s", 
        "%s: Too many arguments", 
        "print program version", 
        "give this help list", 
        "give a short usage message", 
        "program-name", 
        "set the program name", 
        "(PROGRAM ERROR) No version known!?", 
        "hang for SECS seconds (default 3600)", 
        "(PROGRAM ERROR) Option should have been recognized!?", 
        "GNU cpio", 
        "# entries:         %lu", 
        "# buckets:         %lu", 
        "max bucket length: %lu", 
        "# buckets used:    %lu (%.2f%%)", 
        "Y@A NULL argv[0] was passed through an exec system call.", 
        "/.libs/", 
        "literal", 
        "shell-always", 
        "c-maybe", 
        "escape", 
        "clocale", 
        "%s (%s) %s", 
        "Written by %s.", 
        "Written by %s and %s.", 
        "Written by %s, %s, and %s.", 
        "Report bugs to: %s", 
        "bug-cpio@gnu.org", 
        "%s home page: <%s>", 
        "License GPLv3+: GNU GPL version 3 or later <http://gnu.org/licenses/gpl.html>.", 
        "This is free software: you are free to change and redistribute it.", 
        "There is NO WARRANTY, to the extent permitted by law.", 
        "Written by %s, %s, %s,", 
        "and %s.", 
        "Written by %s, %s, %s,", 
        "%s, and %s.", 
        "Written by %s, %s, %s,", 
        "%s, %s, and %s.", 
        "Written by %s, %s, %s,", 
        "%s, %s, %s, and %s.", 
        "Written by %s, %s, %s,", 
        "%s, %s, %s, %s,", 
        "and %s.", 
        "Written by %s, %s, %s,", 
        "%s, %s, %s, %s,", 
        "%s, and %s.", 
        "Written by %s, %s, %s,", 
        "%s, %s, %s, %s,", 
        "%s, %s, and others.", 
        "http://www.gnu.org/software/cpio", 
        "General help using GNU software: <http://www.gnu.org/gethelp/>", 
        "Copyright %s %d Free Software Foundation, Inc.", 
        "/usr/lib", 
        "CHARSETALIASDIR", 
        "%50s %50s", 
        "POSIXLY_CORRECT", 
        " '--%s'", 
        "%s: option '%s' is ambiguous", 
        "%s: invalid option -- '%c'", 
        "%s: option '%s' is ambiguous; possibilities:", 
        "%s: option '--%s' doesn't allow an argument", 
        "%s: option '%c%s' doesn't allow an argument", 
        "%s: option '--%s' requires an argument", 
        "%s: unrecognized option '--%s'", 
        "%s: unrecognized option '%c%s'", 
        "%s: option requires an argument -- '%c'", 
        "%s: option '-W %s' is ambiguous", 
        "%s: option '-W %s' doesn't allow an argument", 
        "%s: option '-W %s' requires an argument", 
        "0123456789ABCDEF", 
        "GNU `cpio' copies files to and from archives", 
        "Examples:", 
        "  # Copy files named in name-list to the archive", 
        "  cpio -o < name-list [> archive]", 
        "  # Extract files from the archive", 
        "  cpio -i [< archive]", 
        "  # Copy files named in name-list to destination-directory", 
        "  cpio -p destination-directory < name-list", 
        ".shstrtab", 
        ".interp", 
        ".note.ABI-tag", 
        ".note.gnu.build-id", 
        ".gnu.hash", 
        ".dynsym", 
        ".dynstr", 
        ".gnu.version", 
        ".gnu.version_r", 
        ".rela.dyn", 
        ".rela.plt", 
        ".plt.got", 
        ".rodata", 
        ".eh_frame_hdr", 
        ".eh_frame", 
        ".init_array", 
        ".fini_array", 
        ".data.rel.ro", 
        ".dynamic"
    ], 
    "metadata": {
        "output": {
            "pcap": {
                "basename": "dump.pcap", 
                "sha256": "943e1571858ad53edd6fc14e1f3bdc4e6b4e4b202c418a15f60c31991ac7a75e", 
                "dirname": ""
            }
        }
    }
}