{"started_on": {"$dt": "2021-07-15T20:39:56.453300"}, "duration": 199, "sample_id": 35, "owner": null, "id": 38, "category": "file", "priority": 1, "guest": {"status": "stopped", "name": "cuc", "label": "cuc", "manager": "VirtualBox", "started_on": "2021-07-15 20:39:56", "shutdown_on": "2021-07-15 20:43:16"}, "clock": {"$dt": "2021-07-15T20:39:56.269427"}, "custom": null, "machine": null, "platform": null, "memory": false, "status": "completed", "tags": [], "processing": null, "enforce_timeout": false, "completed_on": {"$dt": "2021-07-15T20:43:16.432192"}, "target": "/home/cuckoo/Desktop/apps/bin/ed", "package": "", "route": "none", "timeout": 0, "submit_id": null, "options": {}, "added_on": {"$dt": "2021-07-15T20:39:56.269446"}}