{
    "info": {
        "added": 1626382424.948542, 
        "started": 1626382425.111153, 
        "duration": 200, 
        "ended": 1626382626.097108, 
        "owner": null, 
        "score": 0.0, 
        "id": 41, 
        "category": "file", 
        "git": {
            "head": "13cbe0d9e457be3673304533043e992ead1ea9b2", 
            "fetch_head": "13cbe0d9e457be3673304533043e992ead1ea9b2"
        }, 
        "monitor": "2deb9ccd75d5a7a3fe05b2625b03a8639d6ee36b", 
        "package": "", 
        "route": "none", 
        "custom": null, 
        "machine": {
            "status": "stopped", 
            "name": "cuc", 
            "label": "cuc", 
            "manager": "VirtualBox", 
            "started_on": "2021-07-15 20:53:45", 
            "shutdown_on": "2021-07-15 20:57:05"
        }, 
        "platform": null, 
        "version": "2.0.7", 
        "options": ""
    }, 
    "signatures": [], 
    "target": {
        "category": "file", 
        "file": {
            "yara": [], 
            "sha1": "c283507498e607d738a5fedc63bd0920f89bb406", 
            "name": "fgconsole", 
            "type": "ELF 64-bit LSB shared object, x86-64, version 1 (SYSV), dynamically linked, interpreter /lib64/ld-linux-x86-64.so.2, for GNU/Linux 3.2.0, BuildID[sha1]=422d21cddeb1dd9d70b60a8e1e733d1f087c0dd1, stripped", 
            "sha256": "94b8bb1821a8c87f5d5f9def7f4122035b9fdf8859fe1ea1d19358af79ee2200", 
            "urls": [], 
            "crc32": "CE276871", 
            "path": "/home/cuckoo/.cuckoo/storage/binaries/94b8bb1821a8c87f5d5f9def7f4122035b9fdf8859fe1ea1d19358af79ee2200", 
            "ssdeep": null, 
            "size": 10312, 
            "sha512": "2ab40d44a6be5e9f4f3b390a7eccebfac01ea2d2c5629f4504fec9a56f9702dd87cf4cf2d4f7dee9c66c072b3a043539715e79527554aee4ff364c6fffbc48d7", 
            "md5": "caa1e57eb38ed684cb50dcfa32ed0150"
        }
    }, 
    "network": {
        "tls": [], 
        "udp": [
            {
                "src": "192.168.56.101", 
                "dst": "224.0.0.251", 
                "offset": 448, 
                "time": 6.333532094955444, 
                "dport": 5353, 
                "sport": 5353
            }
        ], 
        "dns_servers": [
            "224.0.0.251"
        ], 
        "http": [], 
        "icmp": [], 
        "smtp": [], 
        "tcp": [], 
        "smtp_ex": [], 
        "mitm": [], 
        "hosts": [], 
        "pcap_sha256": "943c316b92788e30c7a2797213ca053256405f1bb108c0813055cb8b0305c9fb", 
        "dns": [
            {
                "type": "PTR", 
                "request": "_ipps._tcp.local", 
                "answers": []
            }
        ], 
        "http_ex": [], 
        "domains": [
            {
                "ip": "", 
                "domain": "_ipps._tcp.local"
            }
        ], 
        "dead_hosts": [], 
        "sorted_pcap_sha256": "0a4c679c461c9d05bc5e6084be486cff1744bd009ed966133ed8690347e072ac", 
        "irc": [], 
        "https_ex": []
    }, 
    "behavior": {
        "generic": [
            {
                "process_path": null, 
                "process_name": "fgconsole", 
                "pid": 2062, 
                "summary": {}, 
                "first_seen": 1626375228.499291, 
                "ppid": 2061
            }
        ], 
        "processes": [
            {
                "calls": [
                    {
                        "status": "", 
                        "raw": "Thu Jul 15 18:53:48 2021.499291 fgconsole@7f491bb890a9[2062] execve(\"/tmp/fgconsole\", [\"/tmp/fgconsole\"], [\"LC_TIME=de_CH.UTF-8\", \"HOME=/root\", \"LC_MONETARY=de_CH.UTF-8\", \"LOGNAME=root\", \"PATH=/usr/bin:/bin\", \"LC_ADDRESS=de_CH.UTF-8\", \"LANG=en_US.UTF-8\", \"LC_TELEPHONE=de_CH.UTF-8\", \"LC_NAME=de_CH.UTF-8\", \"SHELL=/bin/sh\", \"LC_MEASUREMENT=de_CH.UTF-8\", \"LC_IDENTIFICATION=de_CH.UTF-8\", \"PWD=/tmp2h_zok\", \"LC_NUMERIC=de_CH.UTF-8\", \"LC_PAPER=de_CH.UTF-8\"])\n", 
                        "api": "execve", 
                        "return_value": "", 
                        "instruction_pointer": "7f491bb890a9", 
                        "time": 1626375228.499291, 
                        "process_name": "fgconsole", 
                        "pid": 2062, 
                        "arguments": {
                            "p2": [
                                "LC_TIME=de_CH.UTF-8", 
                                "HOME=/root", 
                                "LC_MONETARY=de_CH.UTF-8", 
                                "LOGNAME=root", 
                                "PATH=/usr/bin:/bin", 
                                "LC_ADDRESS=de_CH.UTF-8", 
                                "LANG=en_US.UTF-8", 
                                "LC_TELEPHONE=de_CH.UTF-8", 
                                "LC_NAME=de_CH.UTF-8", 
                                "SHELL=/bin/sh", 
                                "LC_MEASUREMENT=de_CH.UTF-8", 
                                "LC_IDENTIFICATION=de_CH.UTF-8", 
                                "PWD=/tmp2h_zok", 
                                "LC_NUMERIC=de_CH.UTF-8", 
                                "LC_PAPER=de_CH.UTF-8"
                            ], 
                            "p0": "/tmp/fgconsole", 
                            "p1": [
                                "/tmp/fgconsole"
                            ]
                        }
                    }, 
                    {
                        "status": "", 
                        "raw": "Thu Jul 15 18:53:48 2021.499435 fgconsole@7f491bb890a9[2062] brk(0x0) = 94656917716992\n", 
                        "api": "brk", 
                        "return_value": "94656917716992", 
                        "instruction_pointer": "7f491bb890a9", 
                        "time": 1626375228.499435, 
                        "process_name": "fgconsole", 
                        "pid": 2062, 
                        "arguments": {
                            "p0": "0x0"
                        }
                    }, 
                    {
                        "status": "ENOENT", 
                        "raw": "Thu Jul 15 18:53:48 2021.499470 fgconsole@7f491bb7c96e[2062] access(\"/etc/ld.so.nohwcap\", F_OK) = -2 (ENOENT)\n", 
                        "api": "access", 
                        "return_value": "-2", 
                        "instruction_pointer": "7f491bb7c96e", 
                        "time": 1626375228.49947, 
                        "process_name": "fgconsole", 
                        "pid": 2062, 
                        "arguments": {
                            "p0": "/etc/ld.so.nohwcap", 
                            "p1": "F_OK"
                        }
                    }, 
                    {
                        "status": "ENOENT", 
                        "raw": "Thu Jul 15 18:53:48 2021.499531 fgconsole@7f491bb8a007[2062] access(\"/etc/ld.so.preload\", R_OK) = -2 (ENOENT)\n", 
                        "api": "access", 
                        "return_value": "-2", 
                        "instruction_pointer": "7f491bb8a007", 
                        "time": 1626375228.499531, 
                        "process_name": "fgconsole", 
                        "pid": 2062, 
                        "arguments": {
                            "p0": "/etc/ld.so.preload", 
                            "p1": "R_OK"
                        }
                    }, 
                    {
                        "status": "", 
                        "raw": "Thu Jul 15 18:53:48 2021.499548 fgconsole@7f491bb89ebd[2062] openat(AT_FDCWD, \"/etc/ld.so.cache\", O_RDONLY|O_CLOEXEC) = 6\n", 
                        "api": "openat", 
                        "return_value": "6", 
                        "instruction_pointer": "7f491bb89ebd", 
                        "time": 1626375228.499548, 
                        "process_name": "fgconsole", 
                        "pid": 2062, 
                        "arguments": {
                            "p2": "O_RDONLY|O_CLOEXEC", 
                            "p0": "AT_FDCWD", 
                            "p1": "/etc/ld.so.cache"
                        }
                    }, 
                    {
                        "status": "", 
                        "raw": "Thu Jul 15 18:53:48 2021.499562 fgconsole@7f491bb89e23[2062] fstat(6, 0x7ffc88140b40) = 0\n", 
                        "api": "fstat", 
                        "return_value": "0", 
                        "instruction_pointer": "7f491bb89e23", 
                        "time": 1626375228.499562, 
                        "process_name": "fgconsole", 
                        "pid": 2062, 
                        "arguments": {
                            "p0": "6", 
                            "p1": "0x7ffc88140b40"
                        }
                    }, 
                    {
                        "status": "", 
                        "raw": "Thu Jul 15 18:53:48 2021.499574 fgconsole@7f491bb8a123[2062] mmap2(0x0, 85414, PROT_READ, MAP_PRIVATE, 6, 0) = 0x7f491bd81000\n", 
                        "api": "mmap2", 
                        "return_value": "0x7f491bd81000", 
                        "instruction_pointer": "7f491bb8a123", 
                        "time": 1626375228.499574, 
                        "process_name": "fgconsole", 
                        "pid": 2062, 
                        "arguments": {
                            "p2": "PROT_READ", 
                            "p3": "MAP_PRIVATE", 
                            "p0": "0x0", 
                            "p1": "85414", 
                            "p4": "6", 
                            "p5": "0"
                        }
                    }, 
                    {
                        "status": "", 
                        "raw": "Thu Jul 15 18:53:48 2021.499586 fgconsole@7f491bb8a0b7[2062] close(6) = 0\n", 
                        "api": "close", 
                        "return_value": "0", 
                        "instruction_pointer": "7f491bb8a0b7", 
                        "time": 1626375228.499586, 
                        "process_name": "fgconsole", 
                        "pid": 2062, 
                        "arguments": {
                            "p0": "6"
                        }
                    }, 
                    {
                        "status": "ENOENT", 
                        "raw": "Thu Jul 15 18:53:48 2021.499600 fgconsole@7f491bb852d9[2062] access(\"/etc/ld.so.nohwcap\", F_OK) = -2 (ENOENT)\n", 
                        "api": "access", 
                        "return_value": "-2", 
                        "instruction_pointer": "7f491bb852d9", 
                        "time": 1626375228.4996, 
                        "process_name": "fgconsole", 
                        "pid": 2062, 
                        "arguments": {
                            "p0": "/etc/ld.so.nohwcap", 
                            "p1": "F_OK"
                        }
                    }, 
                    {
                        "status": "", 
                        "raw": "Thu Jul 15 18:53:48 2021.499628 fgconsole@7f491bb89ebd[2062] openat(AT_FDCWD, \"/lib/x86_64-linux-gnu/libc.so.6\", O_RDONLY|O_CLOEXEC) = 6\n", 
                        "api": "openat", 
                        "return_value": "6", 
                        "instruction_pointer": "7f491bb89ebd", 
                        "time": 1626375228.499628, 
                        "process_name": "fgconsole", 
                        "pid": 2062, 
                        "arguments": {
                            "p2": "O_RDONLY|O_CLOEXEC", 
                            "p0": "AT_FDCWD", 
                            "p1": "/lib/x86_64-linux-gnu/libc.so.6"
                        }
                    }, 
                    {
                        "status": "", 
                        "raw": "Thu Jul 15 18:53:48 2021.499641 fgconsole@7f491bb89f84[2062] read(6, 0x7ffc88140d08, 832) = 832\n", 
                        "api": "read", 
                        "return_value": "832", 
                        "instruction_pointer": "7f491bb89f84", 
                        "time": 1626375228.499641, 
                        "process_name": "fgconsole", 
                        "pid": 2062, 
                        "arguments": {
                            "p2": "832", 
                            "p0": "6", 
                            "p1": "0x7ffc88140d08"
                        }
                    }, 
                    {
                        "status": "", 
                        "raw": "Thu Jul 15 18:53:48 2021.499652 fgconsole@7f491bb89e23[2062] fstat(6, 0x7ffc88140ba0) = 0\n", 
                        "api": "fstat", 
                        "return_value": "0", 
                        "instruction_pointer": "7f491bb89e23", 
                        "time": 1626375228.499652, 
                        "process_name": "fgconsole", 
                        "pid": 2062, 
                        "arguments": {
                            "p0": "6", 
                            "p1": "0x7ffc88140ba0"
                        }
                    }, 
                    {
                        "status": "", 
                        "raw": "Thu Jul 15 18:53:48 2021.499672 fgconsole@7f491bb8a123[2062] mmap2(0x0, 8192, PROT_READ|PROT_WRITE, MAP_PRIVATE|MAP_ANONYMOUS, -1, 0) = 0x7f491bd7f000\n", 
                        "api": "mmap2", 
                        "return_value": "0x7f491bd7f000", 
                        "instruction_pointer": "7f491bb8a123", 
                        "time": 1626375228.499672, 
                        "process_name": "fgconsole", 
                        "pid": 2062, 
                        "arguments": {
                            "p2": "PROT_READ|PROT_WRITE", 
                            "p3": "MAP_PRIVATE|MAP_ANONYMOUS", 
                            "p0": "0x0", 
                            "p1": "8192", 
                            "p4": "-1", 
                            "p5": "0"
                        }
                    }, 
                    {
                        "status": "", 
                        "raw": "Thu Jul 15 18:53:48 2021.499708 fgconsole@7f491bb8a123[2062] mmap2(0x0, 4131552, PROT_READ|PROT_EXEC, MAP_PRIVATE|MAP_DENYWRITE, 6, 0) = 0x7f491b77c000\n", 
                        "api": "mmap2", 
                        "return_value": "0x7f491b77c000", 
                        "instruction_pointer": "7f491bb8a123", 
                        "time": 1626375228.499708, 
                        "process_name": "fgconsole", 
                        "pid": 2062, 
                        "arguments": {
                            "p2": "PROT_READ|PROT_EXEC", 
                            "p3": "MAP_PRIVATE|MAP_DENYWRITE", 
                            "p0": "0x0", 
                            "p1": "4131552", 
                            "p4": "6", 
                            "p5": "0"
                        }
                    }, 
                    {
                        "status": "", 
                        "raw": "Thu Jul 15 18:53:48 2021.499721 fgconsole@7f491bb8a1d7[2062] mprotect(0x7f491b963000, 2097152, PROT_NONE) = 0\n", 
                        "api": "mprotect", 
                        "return_value": "0", 
                        "instruction_pointer": "7f491bb8a1d7", 
                        "time": 1626375228.499721, 
                        "process_name": "fgconsole", 
                        "pid": 2062, 
                        "arguments": {
                            "p2": "PROT_NONE", 
                            "p0": "0x7f491b963000", 
                            "p1": "2097152"
                        }
                    }, 
                    {
                        "status": "", 
                        "raw": "Thu Jul 15 18:53:48 2021.499737 fgconsole@7f491bb8a123[2062] mmap2(0x7f491bb63000, 24576, PROT_READ|PROT_WRITE, MAP_PRIVATE|MAP_FIXED|MAP_DENYWRITE, 6, 1994752) = 0x7f491bb63000\n", 
                        "api": "mmap2", 
                        "return_value": "0x7f491bb63000", 
                        "instruction_pointer": "7f491bb8a123", 
                        "time": 1626375228.499737, 
                        "process_name": "fgconsole", 
                        "pid": 2062, 
                        "arguments": {
                            "p2": "PROT_READ|PROT_WRITE", 
                            "p3": "MAP_PRIVATE|MAP_FIXED|MAP_DENYWRITE", 
                            "p0": "0x7f491bb63000", 
                            "p1": "24576", 
                            "p4": "6", 
                            "p5": "1994752"
                        }
                    }, 
                    {
                        "status": "", 
                        "raw": "Thu Jul 15 18:53:48 2021.499756 fgconsole@7f491bb8a123[2062] mmap2(0x7f491bb69000, 15072, PROT_READ|PROT_WRITE, MAP_PRIVATE|MAP_FIXED|MAP_ANONYMOUS, -1, 0) = 0x7f491bb69000\n", 
                        "api": "mmap2", 
                        "return_value": "0x7f491bb69000", 
                        "instruction_pointer": "7f491bb8a123", 
                        "time": 1626375228.499756, 
                        "process_name": "fgconsole", 
                        "pid": 2062, 
                        "arguments": {
                            "p2": "PROT_READ|PROT_WRITE", 
                            "p3": "MAP_PRIVATE|MAP_FIXED|MAP_ANONYMOUS", 
                            "p0": "0x7f491bb69000", 
                            "p1": "15072", 
                            "p4": "-1", 
                            "p5": "0"
                        }
                    }, 
                    {
                        "status": "", 
                        "raw": "Thu Jul 15 18:53:48 2021.499785 fgconsole@7f491bb8a0b7[2062] close(6) = 0\n", 
                        "api": "close", 
                        "return_value": "0", 
                        "instruction_pointer": "7f491bb8a0b7", 
                        "time": 1626375228.499785, 
                        "process_name": "fgconsole", 
                        "pid": 2062, 
                        "arguments": {
                            "p0": "6"
                        }
                    }, 
                    {
                        "status": "", 
                        "raw": "Thu Jul 15 18:53:48 2021.499828 fgconsole@7f491bb6e024[2062] arch_prctl(ARCH_SET_FS, 139951976482048) = 0\n", 
                        "api": "arch_prctl", 
                        "return_value": "0", 
                        "instruction_pointer": "7f491bb6e024", 
                        "time": 1626375228.499828, 
                        "process_name": "fgconsole", 
                        "pid": 2062, 
                        "arguments": {
                            "p0": "ARCH_SET_FS", 
                            "p1": "139951976482048"
                        }
                    }, 
                    {
                        "status": "", 
                        "raw": "Thu Jul 15 18:53:48 2021.499890 fgconsole@7f491bb8a1d7[2062] mprotect(0x7f491bb63000, 16384, PROT_READ) = 0\n", 
                        "api": "mprotect", 
                        "return_value": "0", 
                        "instruction_pointer": "7f491bb8a1d7", 
                        "time": 1626375228.49989, 
                        "process_name": "fgconsole", 
                        "pid": 2062, 
                        "arguments": {
                            "p2": "PROT_READ", 
                            "p0": "0x7f491bb63000", 
                            "p1": "16384"
                        }
                    }, 
                    {
                        "status": "", 
                        "raw": "Thu Jul 15 18:53:48 2021.499933 fgconsole@7f491bb8a1d7[2062] mprotect(0x5617075c2000, 4096, PROT_READ) = 0\n", 
                        "api": "mprotect", 
                        "return_value": "0", 
                        "instruction_pointer": "7f491bb8a1d7", 
                        "time": 1626375228.499933, 
                        "process_name": "fgconsole", 
                        "pid": 2062, 
                        "arguments": {
                            "p2": "PROT_READ", 
                            "p0": "0x5617075c2000", 
                            "p1": "4096"
                        }
                    }, 
                    {
                        "status": "", 
                        "raw": "Thu Jul 15 18:53:48 2021.499951 fgconsole@7f491bb8a1d7[2062] mprotect(0x7f491bd96000, 4096, PROT_READ) = 0\n", 
                        "api": "mprotect", 
                        "return_value": "0", 
                        "instruction_pointer": "7f491bb8a1d7", 
                        "time": 1626375228.499951, 
                        "process_name": "fgconsole", 
                        "pid": 2062, 
                        "arguments": {
                            "p2": "PROT_READ", 
                            "p0": "0x7f491bd96000", 
                            "p1": "4096"
                        }
                    }, 
                    {
                        "status": "", 
                        "raw": "Thu Jul 15 18:53:48 2021.499970 fgconsole@7f491bb8a1b7[2062] munmap(0x7f491bd81000, 85414) = 0\n", 
                        "api": "munmap", 
                        "return_value": "0", 
                        "instruction_pointer": "7f491bb8a1b7", 
                        "time": 1626375228.49997, 
                        "process_name": "fgconsole", 
                        "pid": 2062, 
                        "arguments": {
                            "p0": "0x7f491bd81000", 
                            "p1": "85414"
                        }
                    }, 
                    {
                        "status": "", 
                        "raw": "Thu Jul 15 18:53:48 2021.500092 fgconsole@7f491b8921f9[2062] brk(0x0) = 94656917716992\n", 
                        "api": "brk", 
                        "return_value": "94656917716992", 
                        "instruction_pointer": "7f491b8921f9", 
                        "time": 1626375228.500092, 
                        "process_name": "fgconsole", 
                        "pid": 2062, 
                        "arguments": {
                            "p0": "0x0"
                        }
                    }, 
                    {
                        "status": "", 
                        "raw": "Thu Jul 15 18:53:48 2021.500123 fgconsole@7f491b8921f9[2062] brk(0x561707f6d000) = 94656917852160\n", 
                        "api": "brk", 
                        "return_value": "94656917852160", 
                        "instruction_pointer": "7f491b8921f9", 
                        "time": 1626375228.500123, 
                        "process_name": "fgconsole", 
                        "pid": 2062, 
                        "arguments": {
                            "p0": "0x561707f6d000"
                        }
                    }, 
                    {
                        "status": "", 
                        "raw": "Thu Jul 15 18:53:48 2021.500145 fgconsole@7f491b88be81[2062] openat(AT_FDCWD, \"/usr/lib/locale/locale-archive\", O_RDONLY|O_CLOEXEC) = 6\n", 
                        "api": "openat", 
                        "return_value": "6", 
                        "instruction_pointer": "7f491b88be81", 
                        "time": 1626375228.500145, 
                        "process_name": "fgconsole", 
                        "pid": 2062, 
                        "arguments": {
                            "p2": "O_RDONLY|O_CLOEXEC", 
                            "p0": "AT_FDCWD", 
                            "p1": "/usr/lib/locale/locale-archive"
                        }
                    }, 
                    {
                        "status": "", 
                        "raw": "Thu Jul 15 18:53:48 2021.500160 fgconsole@7f491b88b893[2062] fstat(6, 0x7f491bb68ac0) = 0\n", 
                        "api": "fstat", 
                        "return_value": "0", 
                        "instruction_pointer": "7f491b88b893", 
                        "time": 1626375228.50016, 
                        "process_name": "fgconsole", 
                        "pid": 2062, 
                        "arguments": {
                            "p0": "6", 
                            "p1": "0x7f491bb68ac0"
                        }
                    }, 
                    {
                        "status": "", 
                        "raw": "Thu Jul 15 18:53:48 2021.500170 fgconsole@7f491b897813[2062] mmap2(0x0, 3339216, PROT_READ, MAP_PRIVATE, 6, 0) = 0x7f491b44c000\n", 
                        "api": "mmap2", 
                        "return_value": "0x7f491b44c000", 
                        "instruction_pointer": "7f491b897813", 
                        "time": 1626375228.50017, 
                        "process_name": "fgconsole", 
                        "pid": 2062, 
                        "arguments": {
                            "p2": "PROT_READ", 
                            "p3": "MAP_PRIVATE", 
                            "p0": "0x0", 
                            "p1": "3339216", 
                            "p4": "6", 
                            "p5": "0"
                        }
                    }, 
                    {
                        "status": "", 
                        "raw": "Thu Jul 15 18:53:48 2021.500188 fgconsole@7f491b88ca17[2062] close(6) = 0\n", 
                        "api": "close", 
                        "return_value": "0", 
                        "instruction_pointer": "7f491b88ca17", 
                        "time": 1626375228.500188, 
                        "process_name": "fgconsole", 
                        "pid": 2062, 
                        "arguments": {
                            "p0": "6"
                        }
                    }, 
                    {
                        "status": "", 
                        "raw": "Thu Jul 15 18:53:48 2021.500241 fgconsole@7f491b88bd5e[2062] openat(AT_FDCWD, \"/proc/self/fd/0\", O_RDWR) = 6\n", 
                        "api": "openat", 
                        "return_value": "6", 
                        "instruction_pointer": "7f491b88bd5e", 
                        "time": 1626375228.500241, 
                        "process_name": "fgconsole", 
                        "pid": 2062, 
                        "arguments": {
                            "p2": "O_RDWR", 
                            "p0": "AT_FDCWD", 
                            "p1": "/proc/self/fd/0"
                        }
                    }, 
                    {
                        "status": "ENOTTY", 
                        "raw": "Thu Jul 15 18:53:48 2021.500269 fgconsole@7f491b8919e8[2062] ioctl(6, 21505, 0x7ffc88141340) = -25 (ENOTTY)\n", 
                        "api": "ioctl", 
                        "return_value": "-25", 
                        "instruction_pointer": "7f491b8919e8", 
                        "time": 1626375228.500269, 
                        "process_name": "fgconsole", 
                        "pid": 2062, 
                        "arguments": {
                            "p2": "0x7ffc88141340", 
                            "p0": "6", 
                            "p1": "21505"
                        }
                    }, 
                    {
                        "status": "", 
                        "raw": "Thu Jul 15 18:53:48 2021.500279 fgconsole@7f491b88c9a4[2062] close(6) = 0\n", 
                        "api": "close", 
                        "return_value": "0", 
                        "instruction_pointer": "7f491b88c9a4", 
                        "time": 1626375228.500279, 
                        "process_name": "fgconsole", 
                        "pid": 2062, 
                        "arguments": {
                            "p0": "6"
                        }
                    }, 
                    {
                        "status": "ENXIO", 
                        "raw": "Thu Jul 15 18:53:48 2021.500290 fgconsole@7f491b88bd5e[2062] openat(AT_FDCWD, \"/dev/tty\", O_RDWR) = -6 (ENXIO)\n", 
                        "api": "openat", 
                        "return_value": "-6", 
                        "instruction_pointer": "7f491b88bd5e", 
                        "time": 1626375228.50029, 
                        "process_name": "fgconsole", 
                        "pid": 2062, 
                        "arguments": {
                            "p2": "O_RDWR", 
                            "p0": "AT_FDCWD", 
                            "p1": "/dev/tty"
                        }
                    }, 
                    {
                        "status": "ENXIO", 
                        "raw": "Thu Jul 15 18:53:48 2021.500307 fgconsole@7f491b88bd5e[2062] openat(AT_FDCWD, \"/dev/tty\", O_WRONLY) = -6 (ENXIO)\n", 
                        "api": "openat", 
                        "return_value": "-6", 
                        "instruction_pointer": "7f491b88bd5e", 
                        "time": 1626375228.500307, 
                        "process_name": "fgconsole", 
                        "pid": 2062, 
                        "arguments": {
                            "p2": "O_WRONLY", 
                            "p0": "AT_FDCWD", 
                            "p1": "/dev/tty"
                        }
                    }, 
                    {
                        "status": "ENXIO", 
                        "raw": "Thu Jul 15 18:53:48 2021.500320 fgconsole@7f491b88bd5e[2062] openat(AT_FDCWD, \"/dev/tty\", O_RDONLY) = -6 (ENXIO)\n", 
                        "api": "openat", 
                        "return_value": "-6", 
                        "instruction_pointer": "7f491b88bd5e", 
                        "time": 1626375228.50032, 
                        "process_name": "fgconsole", 
                        "pid": 2062, 
                        "arguments": {
                            "p2": "O_RDONLY", 
                            "p0": "AT_FDCWD", 
                            "p1": "/dev/tty"
                        }
                    }, 
                    {
                        "status": "", 
                        "raw": "Thu Jul 15 18:53:48 2021.500333 fgconsole@7f491b88bd5e[2062] openat(AT_FDCWD, \"/dev/tty0\", O_RDWR) = 6\n", 
                        "api": "openat", 
                        "return_value": "6", 
                        "instruction_pointer": "7f491b88bd5e", 
                        "time": 1626375228.500333, 
                        "process_name": "fgconsole", 
                        "pid": 2062, 
                        "arguments": {
                            "p2": "O_RDWR", 
                            "p0": "AT_FDCWD", 
                            "p1": "/dev/tty0"
                        }
                    }, 
                    {
                        "status": "", 
                        "raw": "Thu Jul 15 18:53:48 2021.500347 fgconsole@7f491b8919e8[2062] ioctl(6, 21505, 0x7ffc88141340) = 0\n", 
                        "api": "ioctl", 
                        "return_value": "0", 
                        "instruction_pointer": "7f491b8919e8", 
                        "time": 1626375228.500347, 
                        "process_name": "fgconsole", 
                        "pid": 2062, 
                        "arguments": {
                            "p2": "0x7ffc88141340", 
                            "p0": "6", 
                            "p1": "21505"
                        }
                    }, 
                    {
                        "status": "", 
                        "raw": "Thu Jul 15 18:53:48 2021.500358 fgconsole@7f491b892317[2062] ioctl(6, 19251, 0x7ffc881413e7) = 0\n", 
                        "api": "ioctl", 
                        "return_value": "0", 
                        "instruction_pointer": "7f491b892317", 
                        "time": 1626375228.500358, 
                        "process_name": "fgconsole", 
                        "pid": 2062, 
                        "arguments": {
                            "p2": "0x7ffc881413e7", 
                            "p0": "6", 
                            "p1": "19251"
                        }
                    }, 
                    {
                        "status": "ENOTTY", 
                        "raw": "Thu Jul 15 18:53:48 2021.500367 fgconsole@7f491b892317[2062] ioctl(6, 21534, 0x7ffc88141430) = -25 (ENOTTY)\n", 
                        "api": "ioctl", 
                        "return_value": "-25", 
                        "instruction_pointer": "7f491b892317", 
                        "time": 1626375228.500367, 
                        "process_name": "fgconsole", 
                        "pid": 2062, 
                        "arguments": {
                            "p2": "0x7ffc88141430", 
                            "p0": "6", 
                            "p1": "21534"
                        }
                    }, 
                    {
                        "status": "", 
                        "raw": "Thu Jul 15 18:53:48 2021.500376 fgconsole@7f491b892317[2062] ioctl(6, 22019, 0x7ffc8814142a) = 0\n", 
                        "api": "ioctl", 
                        "return_value": "0", 
                        "instruction_pointer": "7f491b892317", 
                        "time": 1626375228.500376, 
                        "process_name": "fgconsole", 
                        "pid": 2062, 
                        "arguments": {
                            "p2": "0x7ffc8814142a", 
                            "p0": "6", 
                            "p1": "22019"
                        }
                    }, 
                    {
                        "status": "", 
                        "raw": "Thu Jul 15 18:53:48 2021.500405 fgconsole@7f491b88b893[2062] fstat(1, 0x7ffc88140c60) = 0\n", 
                        "api": "fstat", 
                        "return_value": "0", 
                        "instruction_pointer": "7f491b88b893", 
                        "time": 1626375228.500405, 
                        "process_name": "fgconsole", 
                        "pid": 2062, 
                        "arguments": {
                            "p0": "1", 
                            "p1": "0x7ffc88140c60"
                        }
                    }, 
                    {
                        "status": "", 
                        "raw": "Thu Jul 15 18:53:48 2021.500432 fgconsole@7f491b88c224[2062] write(1, \"1\\n\", 2) = 2\n", 
                        "api": "write", 
                        "return_value": "2", 
                        "instruction_pointer": "7f491b88c224", 
                        "time": 1626375228.500432, 
                        "process_name": "fgconsole", 
                        "pid": 2062, 
                        "arguments": {
                            "p2": "2", 
                            "p0": "1", 
                            "p1": "1\n"
                        }
                    }, 
                    {
                        "status": "", 
                        "raw": "Thu Jul 15 18:53:48 2021.500551 fgconsole@7f491b860bd6[2062] exit_group(0)\n", 
                        "api": "exit_group", 
                        "return_value": "", 
                        "instruction_pointer": "7f491b860bd6", 
                        "time": 1626375228.500551, 
                        "process_name": "fgconsole", 
                        "pid": 2062, 
                        "arguments": {
                            "p0": "0"
                        }
                    }
                ], 
                "pid": 2062, 
                "process_name": "fgconsole", 
                "command_line": "/tmp/fgconsole", 
                "first_seen": 1626375228.499291, 
                "ppid": 2061, 
                "type": "process"
            }
        ], 
        "processtree": [
            {
                "track": true, 
                "pid": 2062, 
                "process_name": "fgconsole", 
                "command_line": "/tmp/fgconsole", 
                "first_seen": 1626375228.499291, 
                "ppid": 2061, 
                "children": []
            }
        ]
    }, 
    "debug": {
        "action": [], 
        "dbgview": [], 
        "errors": [], 
        "log": [
            "2021-07-15 20:53:44,002 [root] DEBUG: Starting analyzer from: /tmp2h_zok\n", 
            "2021-07-15 20:53:44,013 [root] DEBUG: Storing results at: /tmp/VyUeRIyn\n", 
            "2021-07-15 20:53:44,014 [root] DEBUG: BIANCA DEBUG: \n", 
            "2021-07-15 20:53:44,014 [root] DEBUG: No analysis package specified, trying to detect it automagically.\n", 
            "2021-07-15 20:53:44,014 [root] INFO: Automatically selected analysis package \"generic\"\n", 
            "2021-07-15 20:53:44,057 [root] DEBUG: Bianca DEBUG[<class 'modules.auxiliary.stap.STAP'>]\n", 
            "2021-07-15 20:53:44,058 [modules.auxiliary.stap] WARNING: BIANCA DEBUG: IT GOT TO STAP INIT\n", 
            "2021-07-15 20:53:44,058 [modules.auxiliary.stap] WARNING: BIANCA DEBUG: STAP STARTEDDDDDDDDDDDD\n", 
            "2021-07-15 20:53:44,060 [modules.auxiliary.stap] WARNING: BIANCAAAA stap path: /root/.cuckoo/stap_.ko\n", 
            "2021-07-15 20:53:44,060 [modules.auxiliary.stap] WARNING: HELLO DARKNESS MY OLD FRIENDDD\n", 
            "2021-07-15 20:53:44,064 [modules.auxiliary.stap] WARNING: IT STARTED NOW NOW NOW\n", 
            "2021-07-15 20:53:48,495 [modules.auxiliary.stap] DEBUG: STAP aux module startup took 4.43 seconds\n", 
            "2021-07-15 20:53:48,496 [root] DEBUG: Started auxiliary module STAP\n", 
            "2021-07-15 20:53:48,500 [root] INFO: Added new process to list with pid: 2061\n", 
            "2021-07-15 20:53:48,501 [root] INFO: Process with pid 2061 has terminated\n", 
            "2021-07-15 20:53:48,501 [root] INFO: Process list is empty, terminating analysis.\n", 
            "2021-07-15 20:53:49,503 [modules.auxiliary.stap] DEBUG: stap subprocess retval None\n", 
            "2021-07-15 20:53:49,504 [modules.auxiliary.stap] DEBUG: BIANCA SEND FILE FROM STRAP: stap.log -> logs/all.stap\n", 
            "2021-07-15 20:53:49,518 [root] INFO: Analysis completed.\n"
        ], 
        "cuckoo": [
            "2021-07-15 20:53:45,325 [cuckoo.core.scheduler] INFO: Task #41: acquired machine cuc (label=cuc)\n", 
            "2021-07-15 20:53:45,325 [cuckoo.core.resultserver] DEBUG: Now tracking machine 192.168.56.101 for task #41\n", 
            "2021-07-15 20:53:45,325 [cuckoo.core.plugins] DEBUG: Started auxiliary module: Replay\n", 
            "2021-07-15 20:53:45,331 [cuckoo.auxiliary.sniffer] INFO: Started sniffer with PID 30113 (interface=vboxnet0, host=192.168.56.101)\n", 
            "2021-07-15 20:53:45,331 [cuckoo.core.plugins] DEBUG: Started auxiliary module: Sniffer\n", 
            "2021-07-15 20:53:45,458 [cuckoo.machinery.virtualbox] DEBUG: Starting vm cuc\n", 
            "2021-07-15 20:53:45,640 [cuckoo.machinery.virtualbox] DEBUG: Restoring virtual machine cuc to final_3\n", 
            "2021-07-15 20:53:52,184 [cuckoo.core.guest] INFO: Starting analysis #41 on guest (id=cuc, ip=192.168.56.101)\n", 
            "2021-07-15 20:53:53,187 [cuckoo.core.guest] DEBUG: cuc: not ready yet\n", 
            "2021-07-15 20:53:54,191 [cuckoo.core.guest] DEBUG: cuc: not ready yet\n", 
            "2021-07-15 20:53:55,194 [cuckoo.core.guest] DEBUG: cuc: not ready yet\n", 
            "2021-07-15 20:53:56,197 [cuckoo.core.guest] DEBUG: cuc: not ready yet\n", 
            "2021-07-15 20:53:57,201 [cuckoo.core.guest] DEBUG: cuc: not ready yet\n", 
            "2021-07-15 20:53:58,205 [cuckoo.core.guest] DEBUG: cuc: not ready yet\n", 
            "2021-07-15 20:53:59,208 [cuckoo.core.guest] DEBUG: cuc: not ready yet\n", 
            "2021-07-15 20:54:00,211 [cuckoo.core.guest] DEBUG: cuc: not ready yet\n", 
            "2021-07-15 20:54:01,214 [cuckoo.core.guest] DEBUG: cuc: not ready yet\n", 
            "2021-07-15 20:54:02,217 [cuckoo.core.guest] DEBUG: cuc: not ready yet\n", 
            "2021-07-15 20:54:03,221 [cuckoo.core.guest] DEBUG: cuc: not ready yet\n", 
            "2021-07-15 20:54:03,289 [cuckoo.core.guest] INFO: Guest is running Cuckoo Agent 0.10 (id=cuc, ip=192.168.56.101)\n", 
            "2021-07-15 20:54:03,295 [cuckoo.core.guest] DEBUG: Uploading analyzer to guest (id=cuc, ip=192.168.56.101, monitor=latest, size=31337)\n", 
            "2021-07-15 20:54:03,467 [cuckoo.core.resultserver] DEBUG: Task #41: live log analysis.log initialized.\n", 
            "2021-07-15 20:54:08,462 [cuckoo.core.guest] DEBUG: cuc: analysis #41 still processing\n", 
            "2021-07-15 20:54:08,990 [cuckoo.core.resultserver] DEBUG: Task #41: File upload for 'logs/all.stap'\n", 
            "2021-07-15 20:54:09,000 [cuckoo.core.resultserver] DEBUG: Task #41 uploaded file length: 11148\n", 
            "2021-07-15 20:54:13,496 [cuckoo.core.guest] DEBUG: cuc: analysis #41 still processing\n", 
            "2021-07-15 20:54:18,528 [cuckoo.core.guest] DEBUG: cuc: analysis #41 still processing\n", 
            "2021-07-15 20:54:23,555 [cuckoo.core.guest] DEBUG: cuc: analysis #41 still processing\n", 
            "2021-07-15 20:54:28,585 [cuckoo.core.guest] DEBUG: cuc: analysis #41 still processing\n", 
            "2021-07-15 20:54:33,613 [cuckoo.core.guest] DEBUG: cuc: analysis #41 still processing\n", 
            "2021-07-15 20:54:38,642 [cuckoo.core.guest] DEBUG: cuc: analysis #41 still processing\n", 
            "2021-07-15 20:54:43,669 [cuckoo.core.guest] DEBUG: cuc: analysis #41 still processing\n", 
            "2021-07-15 20:54:48,695 [cuckoo.core.guest] DEBUG: cuc: analysis #41 still processing\n", 
            "2021-07-15 20:54:53,722 [cuckoo.core.guest] DEBUG: cuc: analysis #41 still processing\n", 
            "2021-07-15 20:54:58,748 [cuckoo.core.guest] DEBUG: cuc: analysis #41 still processing\n", 
            "2021-07-15 20:55:03,775 [cuckoo.core.guest] DEBUG: cuc: analysis #41 still processing\n", 
            "2021-07-15 20:55:08,801 [cuckoo.core.guest] DEBUG: cuc: analysis #41 still processing\n", 
            "2021-07-15 20:55:13,827 [cuckoo.core.guest] DEBUG: cuc: analysis #41 still processing\n", 
            "2021-07-15 20:55:18,854 [cuckoo.core.guest] DEBUG: cuc: analysis #41 still processing\n", 
            "2021-07-15 20:55:23,882 [cuckoo.core.guest] DEBUG: cuc: analysis #41 still processing\n", 
            "2021-07-15 20:55:28,908 [cuckoo.core.guest] DEBUG: cuc: analysis #41 still processing\n", 
            "2021-07-15 20:55:33,934 [cuckoo.core.guest] DEBUG: cuc: analysis #41 still processing\n", 
            "2021-07-15 20:55:38,962 [cuckoo.core.guest] DEBUG: cuc: analysis #41 still processing\n", 
            "2021-07-15 20:55:43,988 [cuckoo.core.guest] DEBUG: cuc: analysis #41 still processing\n", 
            "2021-07-15 20:55:49,015 [cuckoo.core.guest] DEBUG: cuc: analysis #41 still processing\n", 
            "2021-07-15 20:55:54,041 [cuckoo.core.guest] DEBUG: cuc: analysis #41 still processing\n", 
            "2021-07-15 20:55:59,067 [cuckoo.core.guest] DEBUG: cuc: analysis #41 still processing\n", 
            "2021-07"
        ]
    }, 
    "strings": [
        "/lib64/ld-linux-x86-64.so.2", 
        "libc.so.6", 
        "__printf_chk", 
        "setlocale", 
        "strrchr", 
        "dcgettext", 
        "__stack_chk_fail", 
        "isatty", 
        "__errno_location", 
        "__fprintf_chk", 
        "stderr", 
        "__snprintf_chk", 
        "getopt_long", 
        "__vfprintf_chk", 
        "__cxa_finalize", 
        "bindtextdomain", 
        "strerror", 
        "__libc_start_main", 
        "progname", 
        "_IO_stdin_used", 
        "GLIBC_2.4", 
        "GLIBC_2.2.5", 
        "GLIBC_2.3.4", 
        "_ITM_deregisterTMCloneTable", 
        "__gmon_start__", 
        "_ITM_registerTMCloneTable", 
        "[]A\\A]A^", 
        "/dev/tty", 
        " []A\\A]A^", 
        "[]A\\A]A^A_", 
        "%s version %s", 
        "Usage: %s [options]", 
        "Valid options are:", 
        "-h --help            display this help text", 
        "-V --version         display program version", 
        "-n --next-available  display number of next unallocated VT", 
        "Couldn't get a file descriptor referring to the console", 
        "version", 
        "next-available", 
        "/usr/share/locale", 
        "%s from %s", 
        "kbd 2.0.4", 
        "Couldn't read VTNO: ", 
        "serial", 
        "fgconsole: VT_GETSTATE", 
        "/proc/self/fd/0", 
        "Couldn't open %s", 
        "/dev/tty", 
        "/dev/tty0", 
        "/dev/vc/0", 
        "/dev/systty", 
        "/dev/console", 
        "Couldn't get a file descriptor referring to the console", 
        "2d21cddeb1dd9d70b60a8e1e733d1f087c0dd1.debug", 
        ".shstrtab", 
        ".interp", 
        ".note.ABI-tag", 
        ".note.gnu.build-id", 
        ".gnu.hash", 
        ".dynsym", 
        ".dynstr", 
        ".gnu.version", 
        ".gnu.version_r", 
        ".rela.dyn", 
        ".rela.plt", 
        ".plt.got", 
        ".rodata", 
        ".eh_frame_hdr", 
        ".eh_frame", 
        ".init_array", 
        ".fini_array", 
        ".data.rel.ro", 
        ".dynamic", 
        ".gnu_debuglink"
    ], 
    "metadata": {
        "output": {
            "pcap": {
                "basename": "dump.pcap", 
                "sha256": "943c316b92788e30c7a2797213ca053256405f1bb108c0813055cb8b0305c9fb", 
                "dirname": ""
            }
        }
    }
}