{"started_on": {"$dt": "2021-07-15T21:04:05.691695"}, "duration": 204, "sample_id": 40, "owner": null, "id": 43, "category": "file", "priority": 1, "guest": {"status": "stopped", "name": "cuc", "label": "cuc", "manager": "VirtualBox", "started_on": "2021-07-15 21:04:05", "shutdown_on": "2021-07-15 21:07:30"}, "clock": {"$dt": "2021-07-15T21:04:05.551244"}, "custom": null, "machine": null, "platform": null, "memory": false, "status": "completed", "tags": [], "processing": null, "enforce_timeout": false, "completed_on": {"$dt": "2021-07-15T21:07:30.596428"}, "target": "/home/cuckoo/Desktop/apps/bin/findmnt", "package": "", "route": "none", "timeout": 0, "submit_id": null, "options": {}, "added_on": {"$dt": "2021-07-15T21:04:05.551259"}}