{"started_on": {"$dt": "2021-07-15T17:58:21.026941"}, "duration": 197, "sample_id": 12, "owner": null, "id": 13, "category": "file", "priority": 1, "guest": {"status": "stopped", "name": "cuc", "label": "cuc", "manager": "VirtualBox", "started_on": "2021-07-15 17:58:21", "shutdown_on": "2021-07-15 18:01:38"}, "clock": {"$dt": "2021-07-15T17:58:20.334922"}, "custom": null, "machine": null, "platform": null, "memory": false, "status": "completed", "tags": [], "processing": null, "enforce_timeout": false, "completed_on": {"$dt": "2021-07-15T18:01:38.517179"}, "target": "/home/cuckoo/Desktop/apps/bin/brltty", "package": "", "route": "none", "timeout": 0, "submit_id": null, "options": {}, "added_on": {"$dt": "2021-07-15T17:58:20.334940"}}