{"started_on": {"$dt": "2021-07-15T18:49:06.481047"}, "duration": 203, "sample_id": 16, "owner": null, "id": 18, "category": "file", "priority": 1, "guest": {"status": "stopped", "name": "cuc", "label": "cuc", "manager": "VirtualBox", "started_on": "2021-07-15 18:49:06", "shutdown_on": "2021-07-15 18:52:29"}, "clock": {"$dt": "2021-07-15T18:49:06.319802"}, "custom": null, "machine": null, "platform": null, "memory": false, "status": "completed", "tags": [], "processing": null, "enforce_timeout": false, "completed_on": {"$dt": "2021-07-15T18:52:29.605300"}, "target": "/home/cuckoo/Desktop/apps/bin/bzgrep", "package": "", "route": "none", "timeout": 0, "submit_id": null, "options": {}, "added_on": {"$dt": "2021-07-15T18:49:06.319826"}}