{"started_on": {"$dt": "2021-07-15T17:29:59.633455"}, "duration": 197, "sample_id": 10, "owner": null, "id": 11, "category": "file", "priority": 2, "guest": {"status": "stopped", "name": "cuc", "label": "cuc", "manager": "VirtualBox", "started_on": "2021-07-15 17:30:00", "shutdown_on": "2021-07-15 17:33:17"}, "clock": {"$dt": "2021-07-15T17:29:59.132037"}, "custom": null, "machine": null, "platform": "linux", "memory": false, "status": "completed", "tags": [], "processing": null, "enforce_timeout": false, "completed_on": {"$dt": "2021-07-15T17:33:17.238569"}, "target": "/tmp/cuckoo-tmp-cuckoo/tmpqxSDZD/grep.sh", "package": "generic", "route": "none", "timeout": 120, "submit_id": 11, "options": {"procmemdump": "yes", "route": "none"}, "added_on": {"$dt": "2021-07-15T17:29:59.132164"}}