{"started_on": {"$dt": "2021-07-15T20:11:33.034264"}, "duration": 192, "sample_id": 30, "owner": null, "id": 33, "category": "file", "priority": 1, "guest": {"status": "stopped", "name": "cuc", "label": "cuc", "manager": "VirtualBox", "started_on": "2021-07-15 20:11:33", "shutdown_on": "2021-07-15 20:14:45"}, "clock": {"$dt": "2021-07-15T20:11:32.854047"}, "custom": null, "machine": null, "platform": null, "memory": false, "status": "completed", "tags": [], "processing": null, "enforce_timeout": false, "completed_on": {"$dt": "2021-07-15T20:14:45.384221"}, "target": "/home/cuckoo/Desktop/apps/bin/df", "package": "", "route": "none", "timeout": 0, "submit_id": null, "options": {}, "added_on": {"$dt": "2021-07-15T20:11:32.854062"}}