{"started_on": {"$dt": "2021-07-15T20:19:28.370000"}, "duration": 193, "sample_id": 31, "owner": null, "id": 34, "category": "file", "priority": 1, "guest": {"status": "stopped", "name": "cuc", "label": "cuc", "manager": "VirtualBox", "started_on": "2021-07-15 20:19:28", "shutdown_on": "2021-07-15 20:22:41"}, "clock": {"$dt": "2021-07-15T20:19:27.932209"}, "custom": null, "machine": null, "platform": null, "memory": false, "status": "completed", "tags": [], "processing": null, "enforce_timeout": false, "completed_on": {"$dt": "2021-07-15T20:22:41.492029"}, "target": "/home/cuckoo/Desktop/apps/bin/dir", "package": "", "route": "none", "timeout": 0, "submit_id": null, "options": {}, "added_on": {"$dt": "2021-07-15T20:19:27.932225"}}