{
    "info": {
        "added": 1626379112.751231, 
        "started": 1626379113.625656, 
        "duration": 192, 
        "ended": 1626379306.546961, 
        "owner": null, 
        "score": 0.0, 
        "id": 30, 
        "category": "file", 
        "git": {
            "head": "13cbe0d9e457be3673304533043e992ead1ea9b2", 
            "fetch_head": "13cbe0d9e457be3673304533043e992ead1ea9b2"
        }, 
        "monitor": "2deb9ccd75d5a7a3fe05b2625b03a8639d6ee36b", 
        "package": "", 
        "route": "none", 
        "custom": null, 
        "machine": {
            "status": "stopped", 
            "name": "cuc", 
            "label": "cuc", 
            "manager": "VirtualBox", 
            "started_on": "2021-07-15 19:58:33", 
            "shutdown_on": "2021-07-15 20:01:46"
        }, 
        "platform": null, 
        "version": "2.0.7", 
        "options": ""
    }, 
    "signatures": [], 
    "target": {
        "category": "file", 
        "file": {
            "yara": [], 
            "sha1": "74a1dc2024957db6a9074401954b57dad2cf2aac", 
            "name": "dash", 
            "type": "ELF 64-bit LSB shared object, x86-64, version 1 (SYSV), dynamically linked, interpreter /lib64/ld-linux-x86-64.so.2, for GNU/Linux 3.2.0, BuildID[sha1]=a783260e3a5fe0afdae77417eea7fbf8d645219e, stripped", 
            "sha256": "2fdc4546e1f425bcaf62624a7118fd4ba86c11e6277e8b9ee63263eb0dcbc6c5", 
            "urls": [], 
            "crc32": "92729D85", 
            "path": "/home/cuckoo/.cuckoo/storage/binaries/2fdc4546e1f425bcaf62624a7118fd4ba86c11e6277e8b9ee63263eb0dcbc6c5", 
            "ssdeep": null, 
            "size": 121432, 
            "sha512": "4851c5847d33252ec65c9b16e91f925204f6f5ea170a6799284f80f44605389186454f40094e55c023d4f0eaec83f48d006af6f8a4332c6eb7ad5c6c27bb55f1", 
            "md5": "453dc13f62c115c7b28cb4ede0ea3107"
        }
    }, 
    "network": {
        "tls": [], 
        "udp": [
            {
                "src": "192.168.56.101", 
                "dst": "224.0.0.251", 
                "offset": 234, 
                "time": 0.37197184562683105, 
                "dport": 5353, 
                "sport": 5353
            }
        ], 
        "dns_servers": [
            "224.0.0.251"
        ], 
        "http": [], 
        "icmp": [], 
        "smtp": [], 
        "tcp": [], 
        "smtp_ex": [], 
        "mitm": [], 
        "hosts": [], 
        "pcap_sha256": "3aae1e8e4ff0c6728a6f7aa6217e87bdf1af7adb96b1042be5573c0b42a26dba", 
        "dns": [
            {
                "type": "PTR", 
                "request": "_ipps._tcp.local", 
                "answers": []
            }, 
            {
                "type": "PTR", 
                "request": "_scanner._tcp.local", 
                "answers": []
            }
        ], 
        "http_ex": [], 
        "domains": [
            {
                "ip": "", 
                "domain": "_scanner._tcp.local"
            }, 
            {
                "ip": "", 
                "domain": "_ipps._tcp.local"
            }
        ], 
        "dead_hosts": [], 
        "sorted_pcap_sha256": "a45c97bb258059c8cd2166bbce4e0a694daa11ab9ba944ac18adca9b11309fd5", 
        "irc": [], 
        "https_ex": []
    }, 
    "behavior": {
        "generic": [
            {
                "process_path": null, 
                "process_name": "dash", 
                "pid": 1597, 
                "summary": {}, 
                "first_seen": 1626371915.952972, 
                "ppid": 1596
            }
        ], 
        "processes": [
            {
                "calls": [
                    {
                        "status": "", 
                        "raw": "Thu Jul 15 17:58:35 2021.952972 dash@7f1f8eca10a9[1597] execve(\"/tmp/dash\", [\"/tmp/dash\"], [\"LC_TIME=de_CH.UTF-8\", \"HOME=/root\", \"LC_MONETARY=de_CH.UTF-8\", \"LOGNAME=root\", \"PATH=/usr/bin:/bin\", \"LC_ADDRESS=de_CH.UTF-8\", \"LANG=en_US.UTF-8\", \"LC_TELEPHONE=de_CH.UTF-8\", \"LC_NAME=de_CH.UTF-8\", \"SHELL=/bin/sh\", \"LC_MEASUREMENT=de_CH.UTF-8\", \"LC_IDENTIFICATION=de_CH.UTF-8\", \"PWD=/tmpgCAld9\", \"LC_NUMERIC=de_CH.UTF-8\", \"LC_PAPER=de_CH.UTF-8\"])\n", 
                        "api": "execve", 
                        "return_value": "", 
                        "instruction_pointer": "7f1f8eca10a9", 
                        "time": 1626371915.952972, 
                        "process_name": "dash", 
                        "pid": 1597, 
                        "arguments": {
                            "p2": [
                                "LC_TIME=de_CH.UTF-8", 
                                "HOME=/root", 
                                "LC_MONETARY=de_CH.UTF-8", 
                                "LOGNAME=root", 
                                "PATH=/usr/bin:/bin", 
                                "LC_ADDRESS=de_CH.UTF-8", 
                                "LANG=en_US.UTF-8", 
                                "LC_TELEPHONE=de_CH.UTF-8", 
                                "LC_NAME=de_CH.UTF-8", 
                                "SHELL=/bin/sh", 
                                "LC_MEASUREMENT=de_CH.UTF-8", 
                                "LC_IDENTIFICATION=de_CH.UTF-8", 
                                "PWD=/tmpgCAld9", 
                                "LC_NUMERIC=de_CH.UTF-8", 
                                "LC_PAPER=de_CH.UTF-8"
                            ], 
                            "p0": "/tmp/dash", 
                            "p1": [
                                "/tmp/dash"
                            ]
                        }
                    }, 
                    {
                        "status": "", 
                        "raw": "Thu Jul 15 17:58:35 2021.953263 dash@7f1f8eca10a9[1597] brk(0x0) = 94582364028928\n", 
                        "api": "brk", 
                        "return_value": "94582364028928", 
                        "instruction_pointer": "7f1f8eca10a9", 
                        "time": 1626371915.953263, 
                        "process_name": "dash", 
                        "pid": 1597, 
                        "arguments": {
                            "p0": "0x0"
                        }
                    }, 
                    {
                        "status": "ENOENT", 
                        "raw": "Thu Jul 15 17:58:35 2021.953307 dash@7f1f8ec9496e[1597] access(\"/etc/ld.so.nohwcap\", F_OK) = -2 (ENOENT)\n", 
                        "api": "access", 
                        "return_value": "-2", 
                        "instruction_pointer": "7f1f8ec9496e", 
                        "time": 1626371915.953307, 
                        "process_name": "dash", 
                        "pid": 1597, 
                        "arguments": {
                            "p0": "/etc/ld.so.nohwcap", 
                            "p1": "F_OK"
                        }
                    }, 
                    {
                        "status": "ENOENT", 
                        "raw": "Thu Jul 15 17:58:35 2021.953330 dash@7f1f8eca2007[1597] access(\"/etc/ld.so.preload\", R_OK) = -2 (ENOENT)\n", 
                        "api": "access", 
                        "return_value": "-2", 
                        "instruction_pointer": "7f1f8eca2007", 
                        "time": 1626371915.95333, 
                        "process_name": "dash", 
                        "pid": 1597, 
                        "arguments": {
                            "p0": "/etc/ld.so.preload", 
                            "p1": "R_OK"
                        }
                    }, 
                    {
                        "status": "", 
                        "raw": "Thu Jul 15 17:58:35 2021.953365 dash@7f1f8eca1ebd[1597] openat(AT_FDCWD, \"/etc/ld.so.cache\", O_RDONLY|O_CLOEXEC) = 6\n", 
                        "api": "openat", 
                        "return_value": "6", 
                        "instruction_pointer": "7f1f8eca1ebd", 
                        "time": 1626371915.953365, 
                        "process_name": "dash", 
                        "pid": 1597, 
                        "arguments": {
                            "p2": "O_RDONLY|O_CLOEXEC", 
                            "p0": "AT_FDCWD", 
                            "p1": "/etc/ld.so.cache"
                        }
                    }, 
                    {
                        "status": "", 
                        "raw": "Thu Jul 15 17:58:35 2021.953403 dash@7f1f8eca1e23[1597] fstat(6, 0x7ffd41a87af0) = 0\n", 
                        "api": "fstat", 
                        "return_value": "0", 
                        "instruction_pointer": "7f1f8eca1e23", 
                        "time": 1626371915.953403, 
                        "process_name": "dash", 
                        "pid": 1597, 
                        "arguments": {
                            "p0": "6", 
                            "p1": "0x7ffd41a87af0"
                        }
                    }, 
                    {
                        "status": "", 
                        "raw": "Thu Jul 15 17:58:35 2021.953419 dash@7f1f8eca2123[1597] mmap2(0x0, 85414, PROT_READ, MAP_PRIVATE, 6, 0) = 0x7f1f8ee99000\n", 
                        "api": "mmap2", 
                        "return_value": "0x7f1f8ee99000", 
                        "instruction_pointer": "7f1f8eca2123", 
                        "time": 1626371915.953419, 
                        "process_name": "dash", 
                        "pid": 1597, 
                        "arguments": {
                            "p2": "PROT_READ", 
                            "p3": "MAP_PRIVATE", 
                            "p0": "0x0", 
                            "p1": "85414", 
                            "p4": "6", 
                            "p5": "0"
                        }
                    }, 
                    {
                        "status": "", 
                        "raw": "Thu Jul 15 17:58:35 2021.953444 dash@7f1f8eca20b7[1597] close(6) = 0\n", 
                        "api": "close", 
                        "return_value": "0", 
                        "instruction_pointer": "7f1f8eca20b7", 
                        "time": 1626371915.953444, 
                        "process_name": "dash", 
                        "pid": 1597, 
                        "arguments": {
                            "p0": "6"
                        }
                    }, 
                    {
                        "status": "ENOENT", 
                        "raw": "Thu Jul 15 17:58:35 2021.953458 dash@7f1f8ec9d2d9[1597] access(\"/etc/ld.so.nohwcap\", F_OK) = -2 (ENOENT)\n", 
                        "api": "access", 
                        "return_value": "-2", 
                        "instruction_pointer": "7f1f8ec9d2d9", 
                        "time": 1626371915.953458, 
                        "process_name": "dash", 
                        "pid": 1597, 
                        "arguments": {
                            "p0": "/etc/ld.so.nohwcap", 
                            "p1": "F_OK"
                        }
                    }, 
                    {
                        "status": "", 
                        "raw": "Thu Jul 15 17:58:35 2021.953477 dash@7f1f8eca1ebd[1597] openat(AT_FDCWD, \"/lib/x86_64-linux-gnu/libc.so.6\", O_RDONLY|O_CLOEXEC) = 6\n", 
                        "api": "openat", 
                        "return_value": "6", 
                        "instruction_pointer": "7f1f8eca1ebd", 
                        "time": 1626371915.953477, 
                        "process_name": "dash", 
                        "pid": 1597, 
                        "arguments": {
                            "p2": "O_RDONLY|O_CLOEXEC", 
                            "p0": "AT_FDCWD", 
                            "p1": "/lib/x86_64-linux-gnu/libc.so.6"
                        }
                    }, 
                    {
                        "status": "", 
                        "raw": "Thu Jul 15 17:58:35 2021.953490 dash@7f1f8eca1f84[1597] read(6, 0x7ffd41a87cb8, 832) = 832\n", 
                        "api": "read", 
                        "return_value": "832", 
                        "instruction_pointer": "7f1f8eca1f84", 
                        "time": 1626371915.95349, 
                        "process_name": "dash", 
                        "pid": 1597, 
                        "arguments": {
                            "p2": "832", 
                            "p0": "6", 
                            "p1": "0x7ffd41a87cb8"
                        }
                    }, 
                    {
                        "status": "", 
                        "raw": "Thu Jul 15 17:58:35 2021.953501 dash@7f1f8eca1e23[1597] fstat(6, 0x7ffd41a87b50) = 0\n", 
                        "api": "fstat", 
                        "return_value": "0", 
                        "instruction_pointer": "7f1f8eca1e23", 
                        "time": 1626371915.953501, 
                        "process_name": "dash", 
                        "pid": 1597, 
                        "arguments": {
                            "p0": "6", 
                            "p1": "0x7ffd41a87b50"
                        }
                    }, 
                    {
                        "status": "", 
                        "raw": "Thu Jul 15 17:58:35 2021.953511 dash@7f1f8eca2123[1597] mmap2(0x0, 8192, PROT_READ|PROT_WRITE, MAP_PRIVATE|MAP_ANONYMOUS, -1, 0) = 0x7f1f8ee97000\n", 
                        "api": "mmap2", 
                        "return_value": "0x7f1f8ee97000", 
                        "instruction_pointer": "7f1f8eca2123", 
                        "time": 1626371915.953511, 
                        "process_name": "dash", 
                        "pid": 1597, 
                        "arguments": {
                            "p2": "PROT_READ|PROT_WRITE", 
                            "p3": "MAP_PRIVATE|MAP_ANONYMOUS", 
                            "p0": "0x0", 
                            "p1": "8192", 
                            "p4": "-1", 
                            "p5": "0"
                        }
                    }, 
                    {
                        "status": "", 
                        "raw": "Thu Jul 15 17:58:35 2021.953526 dash@7f1f8eca2123[1597] mmap2(0x0, 4131552, PROT_READ|PROT_EXEC, MAP_PRIVATE|MAP_DENYWRITE, 6, 0) = 0x7f1f8e894000\n", 
                        "api": "mmap2", 
                        "return_value": "0x7f1f8e894000", 
                        "instruction_pointer": "7f1f8eca2123", 
                        "time": 1626371915.953526, 
                        "process_name": "dash", 
                        "pid": 1597, 
                        "arguments": {
                            "p2": "PROT_READ|PROT_EXEC", 
                            "p3": "MAP_PRIVATE|MAP_DENYWRITE", 
                            "p0": "0x0", 
                            "p1": "4131552", 
                            "p4": "6", 
                            "p5": "0"
                        }
                    }, 
                    {
                        "status": "", 
                        "raw": "Thu Jul 15 17:58:35 2021.953538 dash@7f1f8eca21d7[1597] mprotect(0x7f1f8ea7b000, 2097152, PROT_NONE) = 0\n", 
                        "api": "mprotect", 
                        "return_value": "0", 
                        "instruction_pointer": "7f1f8eca21d7", 
                        "time": 1626371915.953538, 
                        "process_name": "dash", 
                        "pid": 1597, 
                        "arguments": {
                            "p2": "PROT_NONE", 
                            "p0": "0x7f1f8ea7b000", 
                            "p1": "2097152"
                        }
                    }, 
                    {
                        "status": "", 
                        "raw": "Thu Jul 15 17:58:35 2021.953554 dash@7f1f8eca2123[1597] mmap2(0x7f1f8ec7b000, 24576, PROT_READ|PROT_WRITE, MAP_PRIVATE|MAP_FIXED|MAP_DENYWRITE, 6, 1994752) = 0x7f1f8ec7b000\n", 
                        "api": "mmap2", 
                        "return_value": "0x7f1f8ec7b000", 
                        "instruction_pointer": "7f1f8eca2123", 
                        "time": 1626371915.953554, 
                        "process_name": "dash", 
                        "pid": 1597, 
                        "arguments": {
                            "p2": "PROT_READ|PROT_WRITE", 
                            "p3": "MAP_PRIVATE|MAP_FIXED|MAP_DENYWRITE", 
                            "p0": "0x7f1f8ec7b000", 
                            "p1": "24576", 
                            "p4": "6", 
                            "p5": "1994752"
                        }
                    }, 
                    {
                        "status": "", 
                        "raw": "Thu Jul 15 17:58:35 2021.953572 dash@7f1f8eca2123[1597] mmap2(0x7f1f8ec81000, 15072, PROT_READ|PROT_WRITE, MAP_PRIVATE|MAP_FIXED|MAP_ANONYMOUS, -1, 0) = 0x7f1f8ec81000\n", 
                        "api": "mmap2", 
                        "return_value": "0x7f1f8ec81000", 
                        "instruction_pointer": "7f1f8eca2123", 
                        "time": 1626371915.953572, 
                        "process_name": "dash", 
                        "pid": 1597, 
                        "arguments": {
                            "p2": "PROT_READ|PROT_WRITE", 
                            "p3": "MAP_PRIVATE|MAP_FIXED|MAP_ANONYMOUS", 
                            "p0": "0x7f1f8ec81000", 
                            "p1": "15072", 
                            "p4": "-1", 
                            "p5": "0"
                        }
                    }, 
                    {
                        "status": "", 
                        "raw": "Thu Jul 15 17:58:35 2021.953591 dash@7f1f8eca20b7[1597] close(6) = 0\n", 
                        "api": "close", 
                        "return_value": "0", 
                        "instruction_pointer": "7f1f8eca20b7", 
                        "time": 1626371915.953591, 
                        "process_name": "dash", 
                        "pid": 1597, 
                        "arguments": {
                            "p0": "6"
                        }
                    }, 
                    {
                        "status": "", 
                        "raw": "Thu Jul 15 17:58:35 2021.953612 dash@7f1f8ec86024[1597] arch_prctl(ARCH_SET_FS, 139773518382400) = 0\n", 
                        "api": "arch_prctl", 
                        "return_value": "0", 
                        "instruction_pointer": "7f1f8ec86024", 
                        "time": 1626371915.953612, 
                        "process_name": "dash", 
                        "pid": 1597, 
                        "arguments": {
                            "p0": "ARCH_SET_FS", 
                            "p1": "139773518382400"
                        }
                    }, 
                    {
                        "status": "", 
                        "raw": "Thu Jul 15 17:58:35 2021.953670 dash@7f1f8eca21d7[1597] mprotect(0x7f1f8ec7b000, 16384, PROT_READ) = 0\n", 
                        "api": "mprotect", 
                        "return_value": "0", 
                        "instruction_pointer": "7f1f8eca21d7", 
                        "time": 1626371915.95367, 
                        "process_name": "dash", 
                        "pid": 1597, 
                        "arguments": {
                            "p2": "PROT_READ", 
                            "p0": "0x7f1f8ec7b000", 
                            "p1": "16384"
                        }
                    }, 
                    {
                        "status": "", 
                        "raw": "Thu Jul 15 17:58:35 2021.953709 dash@7f1f8eca21d7[1597] mprotect(0x5605ab085000, 8192, PROT_READ) = 0\n", 
                        "api": "mprotect", 
                        "return_value": "0", 
                        "instruction_pointer": "7f1f8eca21d7", 
                        "time": 1626371915.953709, 
                        "process_name": "dash", 
                        "pid": 1597, 
                        "arguments": {
                            "p2": "PROT_READ", 
                            "p0": "0x5605ab085000", 
                            "p1": "8192"
                        }
                    }, 
                    {
                        "status": "", 
                        "raw": "Thu Jul 15 17:58:35 2021.953726 dash@7f1f8eca21d7[1597] mprotect(0x7f1f8eeae000, 4096, PROT_READ) = 0\n", 
                        "api": "mprotect", 
                        "return_value": "0", 
                        "instruction_pointer": "7f1f8eca21d7", 
                        "time": 1626371915.953726, 
                        "process_name": "dash", 
                        "pid": 1597, 
                        "arguments": {
                            "p2": "PROT_READ", 
                            "p0": "0x7f1f8eeae000", 
                            "p1": "4096"
                        }
                    }, 
                    {
                        "status": "", 
                        "raw": "Thu Jul 15 17:58:35 2021.953740 dash@7f1f8eca21b7[1597] munmap(0x7f1f8ee99000, 85414) = 0\n", 
                        "api": "munmap", 
                        "return_value": "0", 
                        "instruction_pointer": "7f1f8eca21b7", 
                        "time": 1626371915.95374, 
                        "process_name": "dash", 
                        "pid": 1597, 
                        "arguments": {
                            "p0": "0x7f1f8ee99000", 
                            "p1": "85414"
                        }
                    }, 
                    {
                        "status": "", 
                        "raw": "Thu Jul 15 17:58:35 2021.953801 dash@7f1f8e979957[1597] getuid() = 0\n", 
                        "api": "getuid", 
                        "return_value": "0", 
                        "instruction_pointer": "7f1f8e979957", 
                        "time": 1626371915.953801, 
                        "process_name": "dash", 
                        "pid": 1597, 
                        "arguments": {}
                    }, 
                    {
                        "status": "", 
                        "raw": "Thu Jul 15 17:58:35 2021.953810 dash@7f1f8e979977[1597] getgid() = 0\n", 
                        "api": "getgid", 
                        "return_value": "0", 
                        "instruction_pointer": "7f1f8e979977", 
                        "time": 1626371915.95381, 
                        "process_name": "dash", 
                        "pid": 1597, 
                        "arguments": {}
                    }, 
                    {
                        "status": "", 
                        "raw": "Thu Jul 15 17:58:35 2021.953819 dash@7f1f8e979937[1597] getpid() = 1597\n", 
                        "api": "getpid", 
                        "return_value": "1597", 
                        "instruction_pointer": "7f1f8e979937", 
                        "time": 1626371915.953819, 
                        "process_name": "dash", 
                        "pid": 1597, 
                        "arguments": {}
                    }, 
                    {
                        "status": "", 
                        "raw": "Thu Jul 15 17:58:35 2021.953840 dash@7f1f8e8d310d[1597] rt_sigaction(SIGCHLD, {0x5605aae7c200, SA_RESTORER, 0x7f1f8e8d3040, [SIGHUP|SIGINT|SIGQUIT|SIGILL|SIGTRAP|SIGABRT|SIGBUS|SIGFPE|SIGKILL|SIGUSR1|SIGSEGV|SIGPIPE|SIGUSR2|SIGALRM|SIGTERM|SIGCHLD|SIGCONT|SIGSTOP|SIGTSTP|SIGTTIN|SIGTTOU|SIGURG|SIGXCPU|SIGXFSZ|SIGVTALRM|SIGPROF|SIGWINCH|SIGIO/SIGPOLL|SIGPWR|SIGSYS]}, 0x0, 8) = 0\n", 
                        "api": "rt_sigaction", 
                        "return_value": "0", 
                        "instruction_pointer": "7f1f8e8d310d", 
                        "time": 1626371915.95384, 
                        "process_name": "dash", 
                        "pid": 1597, 
                        "arguments": {
                            "p2": "0x0", 
                            "p3": "8", 
                            "p0": "SIGCHLD", 
                            "p1": [
                                "0x5605aae7c200", 
                                "SA_RESTORER", 
                                "0x7f1f8e8d3040", 
                                [
                                    "SIGHUP|SIGINT|SIGQUIT|SIGILL|SIGTRAP|SIGABRT|SIGBUS|SIGFPE|SIGKILL|SIGUSR1|SIGSEGV|SIGPIPE|SIGUSR2|SIGALRM|SIGTERM|SIGCHLD|SIGCONT|SIGSTOP|SIGTSTP|SIGTTIN|SIGTTOU|SIGURG|SIGXCPU|SIGXFSZ|SIGVTALRM|SIGPROF|SIGWINCH|SIGIO/SIGPOLL|SIGPWR|SIGSYS]"
                                ]
                            ]
                        }
                    }, 
                    {
                        "status": "", 
                        "raw": "Thu Jul 15 17:58:35 2021.953854 dash@7f1f8e979967[1597] geteuid() = 0\n", 
                        "api": "geteuid", 
                        "return_value": "0", 
                        "instruction_pointer": "7f1f8e979967", 
                        "time": 1626371915.953854, 
                        "process_name": "dash", 
                        "pid": 1597, 
                        "arguments": {}
                    }, 
                    {
                        "status": "", 
                        "raw": "Thu Jul 15 17:58:35 2021.953899 dash@7f1f8e9aa1f9[1597] brk(0x0) = 94582364028928\n", 
                        "api": "brk", 
                        "return_value": "94582364028928", 
                        "instruction_pointer": "7f1f8e9aa1f9", 
                        "time": 1626371915.953899, 
                        "process_name": "dash", 
                        "pid": 1597, 
                        "arguments": {
                            "p0": "0x0"
                        }
                    }, 
                    {
                        "status": "", 
                        "raw": "Thu Jul 15 17:58:35 2021.953912 dash@7f1f8e9aa1f9[1597] brk(0x5605ac37d000) = 94582364164096\n", 
                        "api": "brk", 
                        "return_value": "94582364164096", 
                        "instruction_pointer": "7f1f8e9aa1f9", 
                        "time": 1626371915.953912, 
                        "process_name": "dash", 
                        "pid": 1597, 
                        "arguments": {
                            "p0": "0x5605ac37d000"
                        }
                    }, 
                    {
                        "status": "", 
                        "raw": "Thu Jul 15 17:58:35 2021.953938 dash@7f1f8e979947[1597] getppid() = 1596\n", 
                        "api": "getppid", 
                        "return_value": "1596", 
                        "instruction_pointer": "7f1f8e979947", 
                        "time": 1626371915.953938, 
                        "process_name": "dash", 
                        "pid": 1597, 
                        "arguments": {}
                    }, 
                    {
                        "status": "", 
                        "raw": "Thu Jul 15 17:58:35 2021.953951 dash@7f1f8e9a3845[1597] stat(\"/tmpgCAld9\", 0x7ffd41a88290) = 0\n", 
                        "api": "stat", 
                        "return_value": "0", 
                        "instruction_pointer": "7f1f8e9a3845", 
                        "time": 1626371915.953951, 
                        "process_name": "dash", 
                        "pid": 1597, 
                        "arguments": {
                            "p0": "/tmpgCAld9", 
                            "p1": "0x7ffd41a88290"
                        }
                    }, 
                    {
                        "status": "", 
                        "raw": "Thu Jul 15 17:58:35 2021.953964 dash@7f1f8e9a3845[1597] stat(\".\", 0x7ffd41a88320) = 0\n", 
                        "api": "stat", 
                        "return_value": "0", 
                        "instruction_pointer": "7f1f8e9a3845", 
                        "time": 1626371915.953964, 
                        "process_name": "dash", 
                        "pid": 1597, 
                        "arguments": {
                            "p0": ".", 
                            "p1": "0x7ffd41a88320"
                        }
                    }, 
                    {
                        "status": "ENOTTY", 
                        "raw": "Thu Jul 15 17:58:35 2021.953976 dash@7f1f8e9a99e8[1597] ioctl(0, 21505, 0x7ffd41a88300) = -25 (ENOTTY)\n", 
                        "api": "ioctl", 
                        "return_value": "-25", 
                        "instruction_pointer": "7f1f8e9a99e8", 
                        "time": 1626371915.953976, 
                        "process_name": "dash", 
                        "pid": 1597, 
                        "arguments": {
                            "p2": "0x7ffd41a88300", 
                            "p0": "0", 
                            "p1": "21505"
                        }
                    }, 
                    {
                        "status": "", 
                        "raw": "Thu Jul 15 17:58:35 2021.953986 dash@7f1f8e979967[1597] geteuid() = 0\n", 
                        "api": "geteuid", 
                        "return_value": "0", 
                        "instruction_pointer": "7f1f8e979967", 
                        "time": 1626371915.953986, 
                        "process_name": "dash", 
                        "pid": 1597, 
                        "arguments": {}
                    }, 
                    {
                        "status": "", 
                        "raw": "Thu Jul 15 17:58:35 2021.953994 dash@7f1f8e979987[1597] getegid() = 0\n", 
                        "api": "getegid", 
                        "return_value": "0", 
                        "instruction_pointer": "7f1f8e979987", 
                        "time": 1626371915.953994, 
                        "process_name": "dash", 
                        "pid": 1597, 
                        "arguments": {}
                    }, 
                    {
                        "status": "", 
                        "raw": "Thu Jul 15 17:58:35 2021.954004 dash@7f1f8e8d310d[1597] rt_sigaction(SIGINT, {NULL}, 0x7ffd41a88200, 8) = 0\n", 
                        "api": "rt_sigaction", 
                        "return_value": "0", 
                        "instruction_pointer": "7f1f8e8d310d", 
                        "time": 1626371915.954004, 
                        "process_name": "dash", 
                        "pid": 1597, 
                        "arguments": {
                            "p2": "0x7ffd41a88200", 
                            "p3": "8", 
                            "p0": "SIGINT", 
                            "p1": [
                                "NULL"
                            ]
                        }
                    }, 
                    {
                        "status": "", 
                        "raw": "Thu Jul 15 17:58:35 2021.954013 dash@7f1f8e8d310d[1597] rt_sigaction(SIGINT, {SIG_DFL}, 0x0, 8) = 0\n", 
                        "api": "rt_sigaction", 
                        "return_value": "0", 
                        "instruction_pointer": "7f1f8e8d310d", 
                        "time": 1626371915.954013, 
                        "process_name": "dash", 
                        "pid": 1597, 
                        "arguments": {
                            "p2": "0x0", 
                            "p3": "8", 
                            "p0": "SIGINT", 
                            "p1": [
                                "SIG_DFL"
                            ]
                        }
                    }, 
                    {
                        "status": "", 
                        "raw": "Thu Jul 15 17:58:35 2021.954022 dash@7f1f8e8d310d[1597] rt_sigaction(SIGQUIT, {NULL}, 0x7ffd41a88200, 8) = 0\n", 
                        "api": "rt_sigaction", 
                        "return_value": "0", 
                        "instruction_pointer": "7f1f8e8d310d", 
                        "time": 1626371915.954022, 
                        "process_name": "dash", 
                        "pid": 1597, 
                        "arguments": {
                            "p2": "0x7ffd41a88200", 
                            "p3": "8", 
                            "p0": "SIGQUIT", 
                            "p1": [
                                "NULL"
                            ]
                        }
                    }, 
                    {
                        "status": "", 
                        "raw": "Thu Jul 15 17:58:35 2021.954030 dash@7f1f8e8d310d[1597] rt_sigaction(SIGQUIT, {SIG_DFL}, 0x0, 8) = 0\n", 
                        "api": "rt_sigaction", 
                        "return_value": "0", 
                        "instruction_pointer": "7f1f8e8d310d", 
                        "time": 1626371915.95403, 
                        "process_name": "dash", 
                        "pid": 1597, 
                        "arguments": {
                            "p2": "0x0", 
                            "p3": "8", 
                            "p0": "SIGQUIT", 
                            "p1": [
                                "SIG_DFL"
                            ]
                        }
                    }, 
                    {
                        "status": "", 
                        "raw": "Thu Jul 15 17:58:35 2021.954039 dash@7f1f8e8d310d[1597] rt_sigaction(SIGTERM, {NULL}, 0x7ffd41a88210, 8) = 0\n", 
                        "api": "rt_sigaction", 
                        "return_value": "0", 
                        "instruction_pointer": "7f1f8e8d310d", 
                        "time": 1626371915.954039, 
                        "process_name": "dash", 
                        "pid": 1597, 
                        "arguments": {
                            "p2": "0x7ffd41a88210", 
                            "p3": "8", 
                            "p0": "SIGTERM", 
                            "p1": [
                                "NULL"
                            ]
                        }
                    }, 
                    {
                        "status": "", 
                        "raw": "Thu Jul 15 17:58:35 2021.954047 dash@7f1f8e8d310d[1597] rt_sigaction(SIGTERM, {SIG_DFL}, 0x0, 8) = 0\n", 
                        "api": "rt_sigaction", 
                        "return_value": "0", 
                        "instruction_pointer": "7f1f8e8d310d", 
                        "time": 1626371915.954047, 
                        "process_name": "dash", 
                        "pid": 1597, 
                        "arguments": {
                            "p2": "0x0", 
                            "p3": "8", 
                            "p0": "SIGTERM", 
                            "p1": [
                                "SIG_DFL"
                            ]
                        }
                    }, 
                    {
                        "status": "", 
                        "raw": "Thu Jul 15 17:58:35 2021.954056 dash@7f1f8e9a4151[1597] read(0, 0x5605ab087a60, 8192) = 0\n", 
                        "api": "read", 
                        "return_value": "0", 
                        "instruction_pointer": "7f1f8e9a4151", 
                        "time": 1626371915.954056, 
                        "process_name": "dash", 
                        "pid": 1597, 
                        "arguments": {
                            "p2": "8192", 
                            "p0": "0", 
                            "p1": "0x5605ab087a60"
                        }
                    }, 
                    {
                        "status": "", 
                        "raw": "Thu Jul 15 17:58:35 2021.954067 dash@7f1f8e978bd6[1597] exit_group(0)\n", 
                        "api": "exit_group", 
                        "return_value": "", 
                        "instruction_pointer": "7f1f8e978bd6", 
                        "time": 1626371915.954067, 
                        "process_name": "dash", 
                        "pid": 1597, 
                        "arguments": {
                            "p0": "0"
                        }
                    }
                ], 
                "pid": 1597, 
                "process_name": "dash", 
                "command_line": "/tmp/dash", 
                "first_seen": 1626371915.952972, 
                "ppid": 1596, 
                "type": "process"
            }
        ], 
        "processtree": [
            {
                "track": true, 
                "pid": 1597, 
                "process_name": "dash", 
                "command_line": "/tmp/dash", 
                "first_seen": 1626371915.952972, 
                "ppid": 1596, 
                "children": []
            }
        ]
    }, 
    "debug": {
        "action": [], 
        "dbgview": [], 
        "errors": [], 
        "log": [
            "2021-07-15 19:58:32,021 [root] DEBUG: Starting analyzer from: /tmpgCAld9\n", 
            "2021-07-15 19:58:32,021 [root] DEBUG: Storing results at: /tmp/TlKZDmylw\n", 
            "2021-07-15 19:58:32,022 [root] DEBUG: BIANCA DEBUG: \n", 
            "2021-07-15 19:58:32,022 [root] DEBUG: No analysis package specified, trying to detect it automagically.\n", 
            "2021-07-15 19:58:32,022 [root] INFO: Automatically selected analysis package \"generic\"\n", 
            "2021-07-15 19:58:32,041 [root] DEBUG: Bianca DEBUG[<class 'modules.auxiliary.stap.STAP'>]\n", 
            "2021-07-15 19:58:32,042 [modules.auxiliary.stap] WARNING: BIANCA DEBUG: IT GOT TO STAP INIT\n", 
            "2021-07-15 19:58:32,043 [modules.auxiliary.stap] WARNING: BIANCA DEBUG: STAP STARTEDDDDDDDDDDDD\n", 
            "2021-07-15 19:58:32,054 [modules.auxiliary.stap] WARNING: BIANCAAAA stap path: /root/.cuckoo/stap_.ko\n", 
            "2021-07-15 19:58:32,055 [modules.auxiliary.stap] WARNING: HELLO DARKNESS MY OLD FRIENDDD\n", 
            "2021-07-15 19:58:32,062 [modules.auxiliary.stap] WARNING: IT STARTED NOW NOW NOW\n", 
            "2021-07-15 19:58:35,948 [modules.auxiliary.stap] DEBUG: STAP aux module startup took 3.89 seconds\n", 
            "2021-07-15 19:58:35,948 [root] DEBUG: Started auxiliary module STAP\n", 
            "2021-07-15 19:58:35,951 [root] INFO: Added new process to list with pid: 1596\n", 
            "2021-07-15 19:58:36,953 [root] INFO: Process with pid 1596 has terminated\n", 
            "2021-07-15 19:58:36,954 [root] INFO: Process list is empty, terminating analysis.\n", 
            "2021-07-15 19:58:37,956 [modules.auxiliary.stap] DEBUG: stap subprocess retval None\n", 
            "2021-07-15 19:58:37,956 [modules.auxiliary.stap] DEBUG: BIANCA SEND FILE FROM STRAP: stap.log -> logs/all.stap\n", 
            "2021-07-15 19:58:37,966 [root] INFO: Analysis completed.\n"
        ], 
        "cuckoo": [
            "2021-07-15 19:58:33,853 [cuckoo.core.scheduler] INFO: Task #30: acquired machine cuc (label=cuc)\n", 
            "2021-07-15 19:58:33,854 [cuckoo.core.resultserver] DEBUG: Now tracking machine 192.168.56.101 for task #30\n", 
            "2021-07-15 19:58:33,854 [cuckoo.core.plugins] DEBUG: Started auxiliary module: Replay\n", 
            "2021-07-15 19:58:33,862 [cuckoo.auxiliary.sniffer] INFO: Started sniffer with PID 27755 (interface=vboxnet0, host=192.168.56.101)\n", 
            "2021-07-15 19:58:33,862 [cuckoo.core.plugins] DEBUG: Started auxiliary module: Sniffer\n", 
            "2021-07-15 19:58:33,965 [cuckoo.machinery.virtualbox] DEBUG: Starting vm cuc\n", 
            "2021-07-15 19:58:34,163 [cuckoo.machinery.virtualbox] DEBUG: Restoring virtual machine cuc to final_3\n", 
            "2021-07-15 19:58:40,709 [cuckoo.core.guest] INFO: Starting analysis #30 on guest (id=cuc, ip=192.168.56.101)\n", 
            "2021-07-15 19:58:41,712 [cuckoo.core.guest] DEBUG: cuc: not ready yet\n", 
            "2021-07-15 19:58:42,715 [cuckoo.core.guest] DEBUG: cuc: not ready yet\n", 
            "2021-07-15 19:58:43,718 [cuckoo.core.guest] DEBUG: cuc: not ready yet\n", 
            "2021-07-15 19:58:43,725 [cuckoo.core.guest] INFO: Guest is running Cuckoo Agent 0.10 (id=cuc, ip=192.168.56.101)\n", 
            "2021-07-15 19:58:43,731 [cuckoo.core.guest] DEBUG: Uploading analyzer to guest (id=cuc, ip=192.168.56.101, monitor=latest, size=31337)\n", 
            "2021-07-15 19:58:43,920 [cuckoo.core.resultserver] DEBUG: Task #30: live log analysis.log initialized.\n", 
            "2021-07-15 19:58:48,919 [cuckoo.core.guest] DEBUG: cuc: analysis #30 still processing\n", 
            "2021-07-15 19:58:49,886 [cuckoo.core.resultserver] DEBUG: Task #30: File upload for 'logs/all.stap'\n", 
            "2021-07-15 19:58:49,895 [cuckoo.core.resultserver] DEBUG: Task #30 uploaded file length: 11079\n", 
            "2021-07-15 19:58:53,948 [cuckoo.core.guest] DEBUG: cuc: analysis #30 still processing\n", 
            "2021-07-15 19:58:58,982 [cuckoo.core.guest] DEBUG: cuc: analysis #30 still processing\n", 
            "2021-07-15 19:59:04,017 [cuckoo.core.guest] DEBUG: cuc: analysis #30 still processing\n", 
            "2021-07-15 19:59:09,045 [cuckoo.core.guest] DEBUG: cuc: analysis #30 still processing\n", 
            "2021-07-15 19:59:14,076 [cuckoo.core.guest] DEBUG: cuc: analysis #30 still processing\n", 
            "2021-07-15 19:59:19,101 [cuckoo.core.guest] DEBUG: cuc: analysis #30 still processing\n", 
            "2021-07-15 19:59:24,127 [cuckoo.core.guest] DEBUG: cuc: analysis #30 still processing\n", 
            "2021-07-15 19:59:29,154 [cuckoo.core.guest] DEBUG: cuc: analysis #30 still processing\n", 
            "2021-07-15 19:59:34,180 [cuckoo.core.guest] DEBUG: cuc: analysis #30 still processing\n", 
            "2021-07-15 19:59:39,205 [cuckoo.core.guest] DEBUG: cuc: analysis #30 still processing\n", 
            "2021-07-15 19:59:44,231 [cuckoo.core.guest] DEBUG: cuc: analysis #30 still processing\n", 
            "2021-07-15 19:59:49,257 [cuckoo.core.guest] DEBUG: cuc: analysis #30 still processing\n", 
            "2021-07-15 19:59:54,286 [cuckoo.core.guest] DEBUG: cuc: analysis #30 still processing\n", 
            "2021-07-15 19:59:59,313 [cuckoo.core.guest] DEBUG: cuc: analysis #30 still processing\n", 
            "2021-07-15 20:00:04,338 [cuckoo.core.guest] DEBUG: cuc: analysis #30 still processing\n", 
            "2021-07-15 20:00:09,365 [cuckoo.core.guest] DEBUG: cuc: analysis #30 still processing\n", 
            "2021-07-15 20:00:14,390 [cuckoo.core.guest] DEBUG: cuc: analysis #30 still processing\n", 
            "2021-07-15 20:00:19,416 [cuckoo.core.guest] DEBUG: cuc: analysis #30 still processing\n", 
            "2021-07-15 20:00:24,442 [cuckoo.core.guest] DEBUG: cuc: analysis #30 still processing\n", 
            "2021-07-15 20:00:29,470 [cuckoo.core.guest] DEBUG: cuc: analysis #30 still processing\n", 
            "2021-07-15 20:00:34,498 [cuckoo.core.guest] DEBUG: cuc: analysis #30 still processing\n", 
            "2021-07-15 20:00:39,525 [cuckoo.core.guest] DEBUG: cuc: analysis #30 still processing\n", 
            "2021-07-15 20:00:44,552 [cuckoo.core.guest] DEBUG: cuc: analysis #30 still processing\n", 
            "2021-07-15 20:00:49,580 [cuckoo.core.guest] DEBUG: cuc: analysis #30 still processing\n", 
            "2021-07-15 20:00:54,606 [cuckoo.core.guest] DEBUG: cuc: analysis #30 still processing\n", 
            "2021-07-15 20:00:59,634 [cuckoo.core.guest] DEBUG: cuc: analysis #30 still processing\n", 
            "2021-07-15 20:01:04,661 [cuckoo.core.guest] DEBUG: cuc: analysis #30 still processing\n", 
            "2021-07-15 20:01:09,688 [cuckoo.core.guest] DEBUG: cuc: analysis #30 still processing\n", 
            "2021-07-15 20:01:14,715 [cuckoo.core.guest] DEBUG: "
        ]
    }, 
    "strings": [
        "/lib64/ld-linux-x86-64.so.2", 
        "fo5V\u001fWI=", 
        "libc.so.6", 
        "setuid", 
        "strcpy", 
        "sigsuspend", 
        "fnmatch", 
        "readdir", 
        "strsignal", 
        "__longjmp_chk", 
        "closedir", 
        "sigprocmask", 
        "sigfillset", 
        "__stack_chk_fail", 
        "realloc", 
        "strpbrk", 
        "getpid", 
        "strspn", 
        "strdup", 
        "strtod", 
        "strtok", 
        "strtol", 
        "isatty", 
        "strchrnul", 
        "getpwnam", 
        "getppid", 
        "strlen", 
        "strstr", 
        "strcspn", 
        "__errno_location", 
        "open64", 
        "mempcpy", 
        "__fxstat64", 
        "_setjmp", 
        "memcpy", 
        "tcsetpgrp", 
        "__strtol_internal", 
        "__vsnprintf_chk", 
        "malloc", 
        "killpg", 
        "strcasecmp", 
        "setpgid", 
        "getgid", 
        "__lxstat64", 
        "opendir", 
        "__xstat64", 
        "__ctype_b_loc", 
        "getuid", 
        "execve", 
        "getegid", 
        "setrlimit", 
        "getcwd", 
        "sigaction", 
        "geteuid", 
        "strchr", 
        "__cxa_finalize", 
        "__xstat", 
        "getrlimit", 
        "sigsetmask", 
        "memmove", 
        "setgid", 
        "faccessat", 
        "strcmp", 
        "strerror", 
        "tcgetpgrp", 
        "__libc_start_main", 
        "stpcpy", 
        "__strtoul_internal", 
        "sysconf", 
        "__environ", 
        "job_warning", 
        "snlfmt", 
        "funcblock", 
        "stacknxt", 
        "dash_errno", 
        "parsenleft", 
        "qchars", 
        "stacknleft", 
        "optptr", 
        "dqsyntax", 
        "whichprompt", 
        "loopnest", 
        "output", 
        "parsenextc", 
        "tokpushback", 
        "dolatstr", 
        "optlist", 
        "argptr", 
        "back_exitstatus", 
        "stackbase", 
        "checkkwd", 
        "gotsigchld", 
        "signal_names", 
        "evalskip", 
        "homestr", 
        "stackp", 
        "linenovar", 
        "redirnode", 
        "illnum", 
        "arisyntax", 
        "sqsyntax", 
        "sstrend", 
        "spcstr", 
        "redirlist", 
        "basepf", 
        "sigmode", 
        "jobctl", 
        "rootps1", 
        "suppressint", 
        "_IO_stdin_used", 
        "defps1", 
        "parsefile", 
        "lastcmdentry", 
        "is_type", 
        "lineno", 
        "rootpid", 
        "basesyntax", 
        "backgndpid", 
        "defifsvar", 
        "preverrout", 
        "needprompt", 
        "localvar_stack", 
        "plinno", 
        "funcstringsize", 
        "basebuf", 
        "handler", 
        "doprompt", 
        "pendingsigs", 
        "commandname", 
        "trapcnt", 
        "quoteflag", 
        "intpending", 
        "errlinno", 
        "backquotelist", 
        "optletters", 
        "builtincmd", 
        "varinit", 
        "heredoclist", 
        "exception", 
        "optionarg", 
        "arith_buf", 
        "yylval", 
        "funcblocksize", 
        "parselleft", 
        "wordtext", 
        "funcstring", 
        "shellparam", 
        "pathopt", 
        "minusc", 
        "lasttoken", 
        "defpathvar", 
        "heredoc", 
        "nullstr", 
        "GLIBC_2.3", 
        "GLIBC_2.11", 
        "GLIBC_2.3.4", 
        "GLIBC_2.14", 
        "GLIBC_2.4", 
        "GLIBC_2.2.5", 
        "_ITM_deregisterTMCloneTable", 
        "__gmon_start__", 
        "_ITM_registerTMCloneTable", 
        "AWAVAUATUSH", 
        "[]A\\A]A^A_", 
        "[]A\\A]A^A_", 
        "AWAVAUATE1", 
        "[]A\\A]A^A_", 
        "AVAUATUA", 
        "[]A\\A]A^", 
        "[]A\\A]A^", 
        "[]A\\A]A^", 
        "[]A\\A]A^", 
        "[]A\\A]A^", 
        "[]A\\A]A^", 
        "AWAVAUATL", 
        "([]A\\A]A^A_", 
        "[]A\\A]", 
        "[]A\\A]", 
        "[]A\\A]", 
        "AWAVAUATL", 
        "[]A\\A]A^A_", 
        "[]A\\A]", 
        "u+[]A\\", 
        "D$(dH3", 
        "8[]A\\A]", 
        "D$(dH3", 
        "0[]A\\A]A^", 
        "u=[]A\\A]A^", 
        "[]A\\A]A^", 
        "AWAVAUATI", 
        "D$(dH3", 
        "8[]A\\A]A^A_", 
        " []A\\A]A^", 
        "dH34%(", 
        "H+=h_!", 
        "AWAVAUATUSH", 
        "[]A\\A]A^A_", 
        "AWAVAUATL", 
        "[]A\\A]A^A_", 
        "[]A\\A]", 
        "AUATUS", 
        "[]A\\A]", 
        "[]A\\A]", 
        "AWAVAUATUSH", 
        "H9-<R!", 
        "[]A\\A]A^A_", 
        "[]A\\A]A^A_", 
        "AVAUATUH", 
        "[]A\\A]A^A_", 
        "AWAVAUATI", 
        "[]A\\A]A^A_", 
        "AUATUSH", 
        "L$(dH3", 
        "8[]A\\A]A^A_", 
        "AWAVAUATA", 
        "L$(dH3", 
        "8[]A\\A]A^A_", 
        "4<:tHE", 
        "[]A\\A]A^A_", 
        "ATUS~G", 
        "[]A\\A]", 
        "AVAUATUSH", 
        "[]A\\A]A^A_", 
        "[]A\\A]A^A_", 
        "AWAVAUATUSH", 
        "<?t.<[", 
        "[]A\\A]A^A_", 
        "H9-{A!", 
        "[]A\\A]A^", 
        "[]A\\A]A^", 
        "AWAVAUATUSH", 
        "8[]A\\A]A^A_", 
        "8[]A\\A]A^A_", 
        "AWAVAUATA", 
        "[]A\\A]A^A_", 
        "L+-I5!", 
        "AUATUS", 
        "([]A\\A]", 
        "AVAUATI", 
        "[]A\\A]A^A_", 
        "AWAVAUATUSH", 
        "Hc=1Y!", 
        "Hc=Q8!", 
        "t$hdH34%(", 
        "x[]A\\A]A^A_", 
        "AUATUS", 
        "[]A\\A]A^A_", 
        "L+-f(!", 
        "Hct$PH", 
        "AVAUATUI", 
        "H+=5%!", 
        "[]A\\A]A^", 
        "AWAVAUATA", 
        "[]A\\A]A^A_", 
        "[]A\\A]", 
        "u0[]A\\H", 
        "AUATUSH", 
        "[]A\\A]A^A_", 
        "v(D90u", 
        "[]A\\A]A^A_", 
        "AUATUSH", 
        "[]A\\A]", 
        "[]A\\A]", 
        "AUATUSH", 
        "D$hdH3", 
        "x[]A\\A]A^A_", 
        "Running", 
        "AUATUSH", 
        "[]A\\A]", 
        "AVAUATUS", 
        "<%tm<-tY", 
        "]A\\A]A^", 
        "]A\\A]A^", 
        "]A\\A]A^", 
        "[]A\\A]", 
        "[]A\\A]", 
        "[]A\\A]", 
        "[]A\\A]", 
        "[]A\\A]", 
        "[]A\\A]A^A_", 
        "AWAVAUATUSH", 
        "[]A\\A]A^A_", 
        "([]A\\A]A^A_", 
        "AUATUSH", 
        "[]A\\A]", 
        "H;;t$f", 
        "AWAVAUATE1", 
        "L$8dH3", 
        "H[]A\\A]A^A_", 
        "AWAVAUATUS1", 
        "L$8dH3", 
        "H[]A\\A]A^A_", 
        "AUATE1", 
        "([]A\\A]", 
        "dH3<%(", 
        "[]A\\A]", 
        "[]A\\A]A^", 
        "[]A\\A]A^A_", 
        "AUATUSH", 
        "[]A\\A]", 
        "AWAVAUATUS", 
        "([]A\\A]A^A_", 
        "AVAUE1", 
        "]A\\A]A^", 
        "AWAVAUATUSH", 
        "([]A\\A]A^A_", 
        "AWAVAUATA", 
        "dH3<%(", 
        "[A\\A]A^A_]", 
        "L$(dH3", 
        "AWAVAUATUSH", 
        "[]A\\A]A^A_", 
        "AWAVAUATA", 
        "[]A\\A]A^A_", 
        "AWAVAUATUSH", 
        "t$8dH34%(", 
        "H[]A\\A]A^A_", 
        "AUATUSH", 
        "[]A\\A]", 
        "[]A\\A]", 
        "u*[]A\\", 
        "[]A\\A]", 
        "AWAVAUATUSH", 
        "[]A\\A]A^A_", 
        "AVAUHc", 
        "[]A\\A]A^", 
        "AUATUSH", 
        "[]A\\A]", 
        "[]A\\A]", 
        "AUATUSH", 
        "[]A\\A]", 
        "AVAUATUA", 
        "]A\\A]A^", 
        "]A\\A]A^", 
        "AUATUS", 
        "]A\\A]A^", 
        "]A\\A]A^", 
        "]A\\A]A^", 
        "]A\\A]A^", 
        "[]A\\A]A^", 
        "[]A\\A]A^", 
        "D$HdH3", 
        "X[]A\\A]A^A_", 
        "AUATUSH", 
        "[]A\\A]", 
        "<\"tR<'tN", 
        "AUATUSH", 
        "L$8dH3", 
        "H[]A\\A]A^A_", 
        "[]A\\A]", 
        "[]A\\A]", 
        "[]A\\A]", 
        "dH34%(", 
        "AVAUE1", 
        "]A\\A]A^", 
        "[]A\\A]A^A_", 
        "[]A\\A]A^A_", 
        "\\$(dH3", 
        "AWAVAUATUSH", 
        "[]A\\A]A^A_", 
        "AWAVAUATI", 
        "[]A\\A]A^A_", 
        "[]A\\A]A^A_", 
        "L$(dH3", 
        "[]A\\A]", 
        "[]A\\A]A^A_", 
        "AWAVAUATI", 
        "H;,$skL", 
        "H9,$v9L", 
        "[]A\\A]A^A_", 
        "AUATE1", 
        "[]A\\A]A^A_", 
        "ut[]A\\", 
        "uw[]A\\A]A^", 
        "[]A\\A]A^", 
        "[]A\\A]A^A_", 
        "unalias", 
        "%s: %s not found", 
        "arithmetic expression: %s: \"%s\"", 
        "division by zero", 
        "expecting ':'", 
        "expecting ')'", 
        "expecting primary", 
        "expecting EOF", 
        "OLDPWD", 
        "getcwd() failed: %s", 
        "CDPATH", 
        "can't cd to %s", 
        "%s: %d: ", 
        "%s: %d: %s: ", 
        "No such file", 
        "Directory nonexistent", 
        "Pipe call failed", 
        "%s: I/O error", 
        "/bin/sh", 
        "%builtin", 
        "%s not defined in %s", 
        " is a shell keyword", 
        " a tracked alias for", 
        "special ", 
        " is an alias for %s", 
        "alias ", 
        " is%s %s", 
        " is a shell function", 
        " is a %sshell builtin", 
        ": not found", 
        "parameter not set", 
        " or null", 
        "%.*s: %s%s", 
        "Bad substitution", 
        "sh: turning off NDELAY mode", 
        "Can't open %s", 
        "No current job", 
        "No previous job", 
        "No such job: %s", 
        "%s: ambiguous", 
        " (core dumped)", 
        "Done(%d)", 
        "$(...)", 
        "[%d]   ", 
        "%*c%d ", 
        "%s%*c%s", 
        "while ", 
        "until ", 
        "; done", 
        "() { ... }", 
        "; then ", 
        "; else ", 
        "/dev/tty", 
        "Cannot fork", 
        "/dev/null", 
        "You have stopped jobs.", 
        "job %s not created under job control", 
        "Cannot set tty process group (%s)", 
        "can't access tty; job control turned off", 
        "Usage: kill [-s sigspec | -signum | -sigspec] [pid | job]... or", 
        "kill -l [exitstatus]", 
        "invalid signal number or name: %s", 
        "invalid signal number or exit status: %s", 
        "you have mail", 
        "Use \"exit\" to leave shell.", 
        "$HOME/.profile", 
        "/etc/profile", 
        "%s: not found", 
        "Out of space", 
        "unlimited", 
        "arg count", 
        "rwxugoXs", 
        "Illegal mode: %s", 
        "HSatfdscmlpnvw", 
        "too many arguments", 
        "unlimited", 
        "bad number", 
        "%-20s ", 
        "error setting limit (%s)", 
        "time(seconds)", 
        "file(blocks)", 
        "data(kbytes)", 
        "stack(kbytes)", 
        "coredump(blocks)", 
        "locked memory(kbytes)", 
        "process", 
        "nofiles", 
        "vmemory(kbytes)", 
        "rtprio", 
        "Illegal number: %s", 
        "errexit", 
        "Current option settings", 
        "%-16s%s", 
        "set %s %s", 
        "Illegal option -o %s", 
        "Illegal option -%c", 
        "-c requires an argument", 
        "can't shift that many", 
        "OPTARG", 
        "Illegal option -%c", 
        "No arg for -%c option", 
        "OPTIND", 
        "No arg for -%c option", 
        "noglob", 
        "ignoreeof", 
        "interactive", 
        "monitor", 
        "noexec", 
        "xtrace", 
        "verbose", 
        "noclobber", 
        "allexport", 
        "notify", 
        "nounset", 
        "Usage: getopts optstring var [arg]", 
        "efIimnsxvVECabup", 
        "Syntax error: %s", 
        "%s unexpected (expecting %s)", 
        "%s unexpected", 
        "Bad fd number", 
        "Missing '))'", 
        "Unterminated quoted string", 
        "Missing '}'", 
        "EOF in backquote substitution", 
        "Bad for loop variable", 
        "Bad function name", 
        "end of file", 
        "newline", 
        "redirection", 
        "\"case\"", 
        "\"done\"", 
        "\"elif\"", 
        "\"else\"", 
        "\"esac\"", 
        "\"then\"", 
        "\"until\"", 
        "\"while\"", 
        "%d: %s", 
        "cannot create %s: %s", 
        "cannot open %s: %s", 
        "trap -- %s %s", 
        "trap: %s: bad trap", 
        "%s: expected numeric value", 
        "%s: not completely converted", 
        "*0123456789", 
        "missing format character", 
        "%s: invalid directive", 
        "usage: printf format [arg ...]", 
        "closing paren expected", 
        "argument expected", 
        "missing ]", 
        "unexpected operator", 
        "%dm%fs %dm%fs", 
        "%dm%fs %dm%fs", 
        "%.*s: is read only", 
        "%.*s: bad variable name", 
        "%s%s%.*s%s", 
        "not in a function", 
        "PS2=> ", 
        "PS4=+ ", 
        "OPTIND=1", 
        "MAILPATH", 
        "PS1=# ", 
        "PS1=$ ", 
        "PATH=/usr/local/sbin:/usr/local/bin:/usr/sbin:/usr/bin:/sbin:/bin", 
        "command", 
        "continue", 
        "getopts", 
        "printf", 
        "readonly", 
        "return", 
        "ulimit", 
        "VTALRM", 
        "RTMIN+1", 
        "RTMIN+2", 
        "RTMIN+3", 
        "RTMIN+4", 
        "RTMIN+5", 
        "RTMIN+6", 
        "RTMIN+7", 
        "RTMIN+8", 
        "RTMIN+9", 
        "RTMIN+10", 
        "RTMIN+11", 
        "RTMIN+12", 
        "RTMIN+13", 
        "RTMIN+14", 
        "RTMIN+15", 
        "RTMAX-14", 
        "RTMAX-13", 
        "RTMAX-12", 
        "RTMAX-11", 
        "RTMAX-10", 
        "RTMAX-9", 
        "RTMAX-8", 
        "RTMAX-7", 
        "RTMAX-6", 
        "RTMAX-5", 
        "RTMAX-4", 
        "RTMAX-3", 
        "RTMAX-2", 
        "RTMAX-1", 
        "LINENO=", 
        "83260e3a5fe0afdae77417eea7fbf8d645219e.debug", 
        ".shstrtab", 
        ".interp", 
        ".note.ABI-tag", 
        ".note.gnu.build-id", 
        ".gnu.hash", 
        ".dynsym", 
        ".dynstr", 
        ".gnu.version", 
        ".gnu.version_r", 
        ".rela.dyn", 
        ".rela.plt", 
        ".plt.got", 
        ".rodata", 
        ".eh_frame_hdr", 
        ".eh_frame", 
        ".init_array", 
        ".fini_array", 
        ".data.rel.ro", 
        ".dynamic", 
        ".gnu_debuglink", 
        " (((((    "
    ], 
    "metadata": {
        "output": {
            "pcap": {
                "basename": "dump.pcap", 
                "sha256": "3aae1e8e4ff0c6728a6f7aa6217e87bdf1af7adb96b1042be5573c0b42a26dba", 
                "dirname": ""
            }
        }
    }
}