{"started_on": {"$dt": "2021-07-15T19:31:11.804238"}, "duration": 193, "sample_id": 22, "owner": null, "id": 25, "category": "file", "priority": 1, "guest": {"status": "stopped", "name": "cuc", "label": "cuc", "manager": "VirtualBox", "started_on": "2021-07-15 19:31:12", "shutdown_on": "2021-07-15 19:34:24"}, "clock": {"$dt": "2021-07-15T19:31:11.460005"}, "custom": null, "machine": null, "platform": null, "memory": false, "status": "completed", "tags": [], "processing": null, "enforce_timeout": false, "completed_on": {"$dt": "2021-07-15T19:34:24.916021"}, "target": "/home/cuckoo/Desktop/apps/bin/chmod", "package": "", "route": "none", "timeout": 0, "submit_id": null, "options": {}, "added_on": {"$dt": "2021-07-15T19:31:11.460022"}}