{"started_on": {"$dt": "2021-07-15T18:14:55.211671"}, "duration": 200, "sample_id": 13, "owner": null, "id": 16, "category": "file", "priority": 1, "guest": {"status": "stopped", "name": "cuc", "label": "cuc", "manager": "VirtualBox", "started_on": "2021-07-15 18:14:55", "shutdown_on": "2021-07-15 18:18:15"}, "clock": {"$dt": "2021-07-15T18:14:54.815533"}, "custom": null, "machine": null, "platform": null, "memory": false, "status": "completed", "tags": [], "processing": null, "enforce_timeout": false, "completed_on": {"$dt": "2021-07-15T18:18:15.598428"}, "target": "/home/cuckoo/Desktop/apps/bin/bzcat", "package": "", "route": "none", "timeout": 0, "submit_id": null, "options": {}, "added_on": {"$dt": "2021-07-15T18:14:54.815548"}}