{"started_on": {"$dt": "2021-07-15T20:30:42.864458"}, "duration": 200, "sample_id": 33, "owner": null, "id": 36, "category": "file", "priority": 1, "guest": {"status": "stopped", "name": "cuc", "label": "cuc", "manager": "VirtualBox", "started_on": "2021-07-15 20:30:43", "shutdown_on": "2021-07-15 20:34:03"}, "clock": {"$dt": "2021-07-15T20:30:42.386133"}, "custom": null, "machine": null, "platform": null, "memory": false, "status": "completed", "tags": [], "processing": null, "enforce_timeout": false, "completed_on": {"$dt": "2021-07-15T20:34:03.702464"}, "target": "/home/cuckoo/Desktop/apps/bin/dumpkeys", "package": "", "route": "none", "timeout": 0, "submit_id": null, "options": {}, "added_on": {"$dt": "2021-07-15T20:30:42.386150"}}