{"started_on": {"$dt": "2021-07-15T19:22:35.524779"}, "duration": 201, "sample_id": 20, "owner": null, "id": 23, "category": "file", "priority": 1, "guest": {"status": "stopped", "name": "cuc", "label": "cuc", "manager": "VirtualBox", "started_on": "2021-07-15 19:22:35", "shutdown_on": "2021-07-15 19:25:56"}, "clock": {"$dt": "2021-07-15T19:22:34.836665"}, "custom": null, "machine": null, "platform": null, "memory": false, "status": "completed", "tags": [], "processing": null, "enforce_timeout": false, "completed_on": {"$dt": "2021-07-15T19:25:56.656769"}, "target": "/home/cuckoo/Desktop/apps/bin/chacl", "package": "", "route": "none", "timeout": 0, "submit_id": null, "options": {}, "added_on": {"$dt": "2021-07-15T19:22:34.836681"}}