{"started_on": {"$dt": "2021-07-15T19:17:23.861867"}, "duration": 200, "sample_id": 19, "owner": null, "id": 22, "category": "file", "priority": 1, "guest": {"status": "stopped", "name": "cuc", "label": "cuc", "manager": "VirtualBox", "started_on": "2021-07-15 19:17:24", "shutdown_on": "2021-07-15 19:20:43"}, "clock": {"$dt": "2021-07-15T19:17:23.159287"}, "custom": null, "machine": null, "platform": null, "memory": false, "status": "completed", "tags": [], "processing": null, "enforce_timeout": false, "completed_on": {"$dt": "2021-07-15T19:20:44.219321"}, "target": "/home/cuckoo/Desktop/apps/bin/cat", "package": "", "route": "none", "timeout": 0, "submit_id": null, "options": {}, "added_on": {"$dt": "2021-07-15T19:17:23.159303"}}