{"started_on": {"$dt": "2021-07-15T19:13:08.416540"}, "duration": 193, "sample_id": 18, "owner": null, "id": 21, "category": "file", "priority": 1, "guest": {"status": "stopped", "name": "cuc", "label": "cuc", "manager": "VirtualBox", "started_on": "2021-07-15 19:13:08", "shutdown_on": "2021-07-15 19:16:22"}, "clock": {"$dt": "2021-07-15T19:13:08.118082"}, "custom": null, "machine": null, "platform": null, "memory": false, "status": "completed", "tags": [], "processing": null, "enforce_timeout": false, "completed_on": {"$dt": "2021-07-15T19:16:22.316771"}, "target": "/home/cuckoo/Desktop/apps/bin/bzmore", "package": "", "route": "none", "timeout": 0, "submit_id": null, "options": {}, "added_on": {"$dt": "2021-07-15T19:13:08.118098"}}