{
    "info": {
        "added": 1626383579.442948, 
        "started": 1626383580.244267, 
        "duration": 193, 
        "ended": 1626383774.008679, 
        "owner": null, 
        "score": 0.0, 
        "id": 45, 
        "category": "file", 
        "git": {
            "head": "13cbe0d9e457be3673304533043e992ead1ea9b2", 
            "fetch_head": "13cbe0d9e457be3673304533043e992ead1ea9b2"
        }, 
        "monitor": "2deb9ccd75d5a7a3fe05b2625b03a8639d6ee36b", 
        "package": "", 
        "route": "none", 
        "custom": null, 
        "machine": {
            "status": "stopped", 
            "name": "cuc", 
            "label": "cuc", 
            "manager": "VirtualBox", 
            "started_on": "2021-07-15 21:13:00", 
            "shutdown_on": "2021-07-15 21:16:13"
        }, 
        "platform": null, 
        "version": "2.0.7", 
        "options": ""
    }, 
    "signatures": [], 
    "target": {
        "category": "file", 
        "file": {
            "yara": [], 
            "sha1": "427a3c6fcd400c4d987463959369b00ea1b26949", 
            "name": "fusermount", 
            "type": "ELF 64-bit LSB shared object, x86-64, version 1 (SYSV), dynamically linked, interpreter /lib64/ld-linux-x86-64.so.2, for GNU/Linux 2.6.32, BuildID[sha1]=3bfc1d4dff4f52bd8df25fd11a2c1b5812e2d71c, stripped", 
            "sha256": "60b7c88578f89a51145d0193eb43d604d54931627b4354e804ea25f7501f0ab3", 
            "urls": [], 
            "crc32": "4674E54A", 
            "path": "/home/cuckoo/.cuckoo/storage/binaries/60b7c88578f89a51145d0193eb43d604d54931627b4354e804ea25f7501f0ab3", 
            "ssdeep": null, 
            "size": 30800, 
            "sha512": "77e955c4138c881457167d86f69dc1ce7eebf58fe0ac1dd955015fb5456c40ff031b4c2216f62bc36f18dc6e6f5a1a417be6b9f8d6907d37235733cc97785d25", 
            "md5": "38982d3a6b85474ba99b204a0fbb0f0f"
        }
    }, 
    "network": {
        "tls": [], 
        "udp": [
            {
                "src": "192.168.56.101", 
                "dst": "192.168.56.255", 
                "offset": 234, 
                "time": -0.6306650638580322, 
                "dport": 8610, 
                "sport": 8612
            }, 
            {
                "src": "192.168.56.101", 
                "dst": "192.168.56.255", 
                "offset": 538, 
                "time": -0.630713939666748, 
                "dport": 8612, 
                "sport": 8612
            }, 
            {
                "src": "192.168.56.101", 
                "dst": "224.0.0.251", 
                "offset": 842, 
                "time": 1.1877689361572266, 
                "dport": 5353, 
                "sport": 5353
            }
        ], 
        "dns_servers": [
            "224.0.0.251"
        ], 
        "http": [], 
        "icmp": [], 
        "smtp": [], 
        "tcp": [], 
        "smtp_ex": [], 
        "mitm": [], 
        "hosts": [], 
        "pcap_sha256": "83a34ad4a7de76d7670e2cee8553e7197b173d7b11ae153968a9bdd56cdbd049", 
        "dns": [
            {
                "type": "PTR", 
                "request": "_ipps._tcp.local", 
                "answers": []
            }
        ], 
        "http_ex": [], 
        "domains": [
            {
                "ip": "", 
                "domain": "_ipps._tcp.local"
            }
        ], 
        "dead_hosts": [], 
        "sorted_pcap_sha256": "6256419d2193bfb89b059339bf3bd36bbfb05ff0285f339097f6d980cfcda9ef", 
        "irc": [], 
        "https_ex": []
    }, 
    "behavior": {
        "generic": [
            {
                "process_path": null, 
                "process_name": "fusermount", 
                "pid": 2047, 
                "summary": {}, 
                "first_seen": 1626376382.91407, 
                "ppid": 2046
            }
        ], 
        "processes": [
            {
                "calls": [
                    {
                        "status": "", 
                        "raw": "Thu Jul 15 19:13:02 2021.914070 fusermount@7fd4891b70a9[2047] execve(\"/tmp/fusermount\", [\"/tmp/fusermount\"], [\"LC_TIME=de_CH.UTF-8\", \"HOME=/root\", \"LC_MONETARY=de_CH.UTF-8\", \"LOGNAME=root\", \"PATH=/usr/bin:/bin\", \"LC_ADDRESS=de_CH.UTF-8\", \"LANG=en_US.UTF-8\", \"LC_TELEPHONE=de_CH.UTF-8\", \"LC_NAME=de_CH.UTF-8\", \"SHELL=/bin/sh\", \"LC_MEASUREMENT=de_CH.UTF-8\", \"LC_IDENTIFICATION=de_CH.UTF-8\", \"PWD=/tmpwBKR3B\", \"LC_NUMERIC=de_CH.UTF-8\", \"LC_PAPER=de_CH.UTF-8\"])\n", 
                        "api": "execve", 
                        "return_value": "", 
                        "instruction_pointer": "7fd4891b70a9", 
                        "time": 1626376382.91407, 
                        "process_name": "fusermount", 
                        "pid": 2047, 
                        "arguments": {
                            "p2": [
                                "LC_TIME=de_CH.UTF-8", 
                                "HOME=/root", 
                                "LC_MONETARY=de_CH.UTF-8", 
                                "LOGNAME=root", 
                                "PATH=/usr/bin:/bin", 
                                "LC_ADDRESS=de_CH.UTF-8", 
                                "LANG=en_US.UTF-8", 
                                "LC_TELEPHONE=de_CH.UTF-8", 
                                "LC_NAME=de_CH.UTF-8", 
                                "SHELL=/bin/sh", 
                                "LC_MEASUREMENT=de_CH.UTF-8", 
                                "LC_IDENTIFICATION=de_CH.UTF-8", 
                                "PWD=/tmpwBKR3B", 
                                "LC_NUMERIC=de_CH.UTF-8", 
                                "LC_PAPER=de_CH.UTF-8"
                            ], 
                            "p0": "/tmp/fusermount", 
                            "p1": [
                                "/tmp/fusermount"
                            ]
                        }
                    }, 
                    {
                        "status": "", 
                        "raw": "Thu Jul 15 19:13:02 2021.914387 fusermount@7fd4891b70a9[2047] brk(0x0) = 93855173705728\n", 
                        "api": "brk", 
                        "return_value": "93855173705728", 
                        "instruction_pointer": "7fd4891b70a9", 
                        "time": 1626376382.914387, 
                        "process_name": "fusermount", 
                        "pid": 2047, 
                        "arguments": {
                            "p0": "0x0"
                        }
                    }, 
                    {
                        "status": "ENOENT", 
                        "raw": "Thu Jul 15 19:13:02 2021.914423 fusermount@7fd4891aa96e[2047] access(\"/etc/ld.so.nohwcap\", F_OK) = -2 (ENOENT)\n", 
                        "api": "access", 
                        "return_value": "-2", 
                        "instruction_pointer": "7fd4891aa96e", 
                        "time": 1626376382.914423, 
                        "process_name": "fusermount", 
                        "pid": 2047, 
                        "arguments": {
                            "p0": "/etc/ld.so.nohwcap", 
                            "p1": "F_OK"
                        }
                    }, 
                    {
                        "status": "ENOENT", 
                        "raw": "Thu Jul 15 19:13:02 2021.914445 fusermount@7fd4891b8007[2047] access(0x7fd4891c0880, R_OK) = -2 (ENOENT)\n", 
                        "api": "access", 
                        "return_value": "-2", 
                        "instruction_pointer": "7fd4891b8007", 
                        "time": 1626376382.914445, 
                        "process_name": "fusermount", 
                        "pid": 2047, 
                        "arguments": {
                            "p0": "0x7fd4891c0880", 
                            "p1": "R_OK"
                        }
                    }, 
                    {
                        "status": "", 
                        "raw": "Thu Jul 15 19:13:02 2021.914461 fusermount@7fd4891b7ebd[2047] openat(AT_FDCWD, \"/etc/ld.so.cache\", O_RDONLY|O_CLOEXEC) = 6\n", 
                        "api": "openat", 
                        "return_value": "6", 
                        "instruction_pointer": "7fd4891b7ebd", 
                        "time": 1626376382.914461, 
                        "process_name": "fusermount", 
                        "pid": 2047, 
                        "arguments": {
                            "p2": "O_RDONLY|O_CLOEXEC", 
                            "p0": "AT_FDCWD", 
                            "p1": "/etc/ld.so.cache"
                        }
                    }, 
                    {
                        "status": "", 
                        "raw": "Thu Jul 15 19:13:02 2021.914474 fusermount@7fd4891b7e23[2047] fstat(6, 0x7ffd01f668f0) = 0\n", 
                        "api": "fstat", 
                        "return_value": "0", 
                        "instruction_pointer": "7fd4891b7e23", 
                        "time": 1626376382.914474, 
                        "process_name": "fusermount", 
                        "pid": 2047, 
                        "arguments": {
                            "p0": "6", 
                            "p1": "0x7ffd01f668f0"
                        }
                    }, 
                    {
                        "status": "", 
                        "raw": "Thu Jul 15 19:13:02 2021.914485 fusermount@7fd4891b8123[2047] mmap2(0x0, 85414, PROT_READ, MAP_PRIVATE, 6, 0) = 0x7fd4893af000\n", 
                        "api": "mmap2", 
                        "return_value": "0x7fd4893af000", 
                        "instruction_pointer": "7fd4891b8123", 
                        "time": 1626376382.914485, 
                        "process_name": "fusermount", 
                        "pid": 2047, 
                        "arguments": {
                            "p2": "PROT_READ", 
                            "p3": "MAP_PRIVATE", 
                            "p0": "0x0", 
                            "p1": "85414", 
                            "p4": "6", 
                            "p5": "0"
                        }
                    }, 
                    {
                        "status": "", 
                        "raw": "Thu Jul 15 19:13:02 2021.914496 fusermount@7fd4891b80b7[2047] close(6) = 0\n", 
                        "api": "close", 
                        "return_value": "0", 
                        "instruction_pointer": "7fd4891b80b7", 
                        "time": 1626376382.914496, 
                        "process_name": "fusermount", 
                        "pid": 2047, 
                        "arguments": {
                            "p0": "6"
                        }
                    }, 
                    {
                        "status": "ENOENT", 
                        "raw": "Thu Jul 15 19:13:02 2021.914511 fusermount@7fd4891b32d9[2047] access(\"/etc/ld.so.nohwcap\", F_OK) = -2 (ENOENT)\n", 
                        "api": "access", 
                        "return_value": "-2", 
                        "instruction_pointer": "7fd4891b32d9", 
                        "time": 1626376382.914511, 
                        "process_name": "fusermount", 
                        "pid": 2047, 
                        "arguments": {
                            "p0": "/etc/ld.so.nohwcap", 
                            "p1": "F_OK"
                        }
                    }, 
                    {
                        "status": "", 
                        "raw": "Thu Jul 15 19:13:02 2021.914527 fusermount@7fd4891b7ebd[2047] openat(AT_FDCWD, \"/lib/x86_64-linux-gnu/libc.so.6\", O_RDONLY|O_CLOEXEC) = 6\n", 
                        "api": "openat", 
                        "return_value": "6", 
                        "instruction_pointer": "7fd4891b7ebd", 
                        "time": 1626376382.914527, 
                        "process_name": "fusermount", 
                        "pid": 2047, 
                        "arguments": {
                            "p2": "O_RDONLY|O_CLOEXEC", 
                            "p0": "AT_FDCWD", 
                            "p1": "/lib/x86_64-linux-gnu/libc.so.6"
                        }
                    }, 
                    {
                        "status": "", 
                        "raw": "Thu Jul 15 19:13:02 2021.914539 fusermount@7fd4891b7f84[2047] read(6, 0x7ffd01f66ab8, 832) = 832\n", 
                        "api": "read", 
                        "return_value": "832", 
                        "instruction_pointer": "7fd4891b7f84", 
                        "time": 1626376382.914539, 
                        "process_name": "fusermount", 
                        "pid": 2047, 
                        "arguments": {
                            "p2": "832", 
                            "p0": "6", 
                            "p1": "0x7ffd01f66ab8"
                        }
                    }, 
                    {
                        "status": "", 
                        "raw": "Thu Jul 15 19:13:02 2021.914549 fusermount@7fd4891b7e23[2047] fstat(6, 0x7ffd01f66950) = 0\n", 
                        "api": "fstat", 
                        "return_value": "0", 
                        "instruction_pointer": "7fd4891b7e23", 
                        "time": 1626376382.914549, 
                        "process_name": "fusermount", 
                        "pid": 2047, 
                        "arguments": {
                            "p0": "6", 
                            "p1": "0x7ffd01f66950"
                        }
                    }, 
                    {
                        "status": "", 
                        "raw": "Thu Jul 15 19:13:02 2021.914559 fusermount@7fd4891b8123[2047] mmap2(0x0, 8192, PROT_READ|PROT_WRITE, MAP_PRIVATE|MAP_ANONYMOUS, -1, 0) = 0x7fd4893ad000\n", 
                        "api": "mmap2", 
                        "return_value": "0x7fd4893ad000", 
                        "instruction_pointer": "7fd4891b8123", 
                        "time": 1626376382.914559, 
                        "process_name": "fusermount", 
                        "pid": 2047, 
                        "arguments": {
                            "p2": "PROT_READ|PROT_WRITE", 
                            "p3": "MAP_PRIVATE|MAP_ANONYMOUS", 
                            "p0": "0x0", 
                            "p1": "8192", 
                            "p4": "-1", 
                            "p5": "0"
                        }
                    }, 
                    {
                        "status": "", 
                        "raw": "Thu Jul 15 19:13:02 2021.914574 fusermount@7fd4891b8123[2047] mmap2(0x0, 4131552, PROT_READ|PROT_EXEC, MAP_PRIVATE|MAP_DENYWRITE, 6, 0) = 0x7fd488daa000\n", 
                        "api": "mmap2", 
                        "return_value": "0x7fd488daa000", 
                        "instruction_pointer": "7fd4891b8123", 
                        "time": 1626376382.914574, 
                        "process_name": "fusermount", 
                        "pid": 2047, 
                        "arguments": {
                            "p2": "PROT_READ|PROT_EXEC", 
                            "p3": "MAP_PRIVATE|MAP_DENYWRITE", 
                            "p0": "0x0", 
                            "p1": "4131552", 
                            "p4": "6", 
                            "p5": "0"
                        }
                    }, 
                    {
                        "status": "", 
                        "raw": "Thu Jul 15 19:13:02 2021.914587 fusermount@7fd4891b81d7[2047] mprotect(0x7fd488f91000, 2097152, PROT_NONE) = 0\n", 
                        "api": "mprotect", 
                        "return_value": "0", 
                        "instruction_pointer": "7fd4891b81d7", 
                        "time": 1626376382.914587, 
                        "process_name": "fusermount", 
                        "pid": 2047, 
                        "arguments": {
                            "p2": "PROT_NONE", 
                            "p0": "0x7fd488f91000", 
                            "p1": "2097152"
                        }
                    }, 
                    {
                        "status": "", 
                        "raw": "Thu Jul 15 19:13:02 2021.914603 fusermount@7fd4891b8123[2047] mmap2(0x7fd489191000, 24576, PROT_READ|PROT_WRITE, MAP_PRIVATE|MAP_FIXED|MAP_DENYWRITE, 6, 1994752) = 0x7fd489191000\n", 
                        "api": "mmap2", 
                        "return_value": "0x7fd489191000", 
                        "instruction_pointer": "7fd4891b8123", 
                        "time": 1626376382.914603, 
                        "process_name": "fusermount", 
                        "pid": 2047, 
                        "arguments": {
                            "p2": "PROT_READ|PROT_WRITE", 
                            "p3": "MAP_PRIVATE|MAP_FIXED|MAP_DENYWRITE", 
                            "p0": "0x7fd489191000", 
                            "p1": "24576", 
                            "p4": "6", 
                            "p5": "1994752"
                        }
                    }, 
                    {
                        "status": "", 
                        "raw": "Thu Jul 15 19:13:02 2021.914621 fusermount@7fd4891b8123[2047] mmap2(0x7fd489197000, 15072, PROT_READ|PROT_WRITE, MAP_PRIVATE|MAP_FIXED|MAP_ANONYMOUS, -1, 0) = 0x7fd489197000\n", 
                        "api": "mmap2", 
                        "return_value": "0x7fd489197000", 
                        "instruction_pointer": "7fd4891b8123", 
                        "time": 1626376382.914621, 
                        "process_name": "fusermount", 
                        "pid": 2047, 
                        "arguments": {
                            "p2": "PROT_READ|PROT_WRITE", 
                            "p3": "MAP_PRIVATE|MAP_FIXED|MAP_ANONYMOUS", 
                            "p0": "0x7fd489197000", 
                            "p1": "15072", 
                            "p4": "-1", 
                            "p5": "0"
                        }
                    }, 
                    {
                        "status": "", 
                        "raw": "Thu Jul 15 19:13:02 2021.914639 fusermount@7fd4891b80b7[2047] close(6) = 0\n", 
                        "api": "close", 
                        "return_value": "0", 
                        "instruction_pointer": "7fd4891b80b7", 
                        "time": 1626376382.914639, 
                        "process_name": "fusermount", 
                        "pid": 2047, 
                        "arguments": {
                            "p0": "6"
                        }
                    }, 
                    {
                        "status": "", 
                        "raw": "Thu Jul 15 19:13:02 2021.914661 fusermount@7fd48919c024[2047] arch_prctl(ARCH_SET_FS, 140550812132672) = 0\n", 
                        "api": "arch_prctl", 
                        "return_value": "0", 
                        "instruction_pointer": "7fd48919c024", 
                        "time": 1626376382.914661, 
                        "process_name": "fusermount", 
                        "pid": 2047, 
                        "arguments": {
                            "p0": "ARCH_SET_FS", 
                            "p1": "140550812132672"
                        }
                    }, 
                    {
                        "status": "", 
                        "raw": "Thu Jul 15 19:13:02 2021.914717 fusermount@7fd4891b81d7[2047] mprotect(0x7fd489191000, 16384, PROT_READ) = 0\n", 
                        "api": "mprotect", 
                        "return_value": "0", 
                        "instruction_pointer": "7fd4891b81d7", 
                        "time": 1626376382.914717, 
                        "process_name": "fusermount", 
                        "pid": 2047, 
                        "arguments": {
                            "p2": "PROT_READ", 
                            "p0": "0x7fd489191000", 
                            "p1": "16384"
                        }
                    }, 
                    {
                        "status": "", 
                        "raw": "Thu Jul 15 19:13:02 2021.914753 fusermount@7fd4891b81d7[2047] mprotect(0x555c5a676000, 4096, PROT_READ) = 0\n", 
                        "api": "mprotect", 
                        "return_value": "0", 
                        "instruction_pointer": "7fd4891b81d7", 
                        "time": 1626376382.914753, 
                        "process_name": "fusermount", 
                        "pid": 2047, 
                        "arguments": {
                            "p2": "PROT_READ", 
                            "p0": "0x555c5a676000", 
                            "p1": "4096"
                        }
                    }, 
                    {
                        "status": "", 
                        "raw": "Thu Jul 15 19:13:02 2021.914768 fusermount@7fd4891b81d7[2047] mprotect(0x7fd4893c4000, 4096, PROT_READ) = 0\n", 
                        "api": "mprotect", 
                        "return_value": "0", 
                        "instruction_pointer": "7fd4891b81d7", 
                        "time": 1626376382.914768, 
                        "process_name": "fusermount", 
                        "pid": 2047, 
                        "arguments": {
                            "p2": "PROT_READ", 
                            "p0": "0x7fd4893c4000", 
                            "p1": "4096"
                        }
                    }, 
                    {
                        "status": "", 
                        "raw": "Thu Jul 15 19:13:02 2021.914782 fusermount@7fd4891b81b7[2047] munmap(0x7fd4893af000, 85414) = 0\n", 
                        "api": "munmap", 
                        "return_value": "0", 
                        "instruction_pointer": "7fd4891b81b7", 
                        "time": 1626376382.914782, 
                        "process_name": "fusermount", 
                        "pid": 2047, 
                        "arguments": {
                            "p0": "0x7fd4893af000", 
                            "p1": "85414"
                        }
                    }, 
                    {
                        "status": "", 
                        "raw": "Thu Jul 15 19:13:02 2021.914871 fusermount@7fd488ec01f9[2047] brk(0x0) = 93855173705728\n", 
                        "api": "brk", 
                        "return_value": "93855173705728", 
                        "instruction_pointer": "7fd488ec01f9", 
                        "time": 1626376382.914871, 
                        "process_name": "fusermount", 
                        "pid": 2047, 
                        "arguments": {
                            "p0": "0x0"
                        }
                    }, 
                    {
                        "status": "", 
                        "raw": "Thu Jul 15 19:13:02 2021.914882 fusermount@7fd488ec01f9[2047] brk(0x555c5c4c1000) = 93855173840896\n", 
                        "api": "brk", 
                        "return_value": "93855173840896", 
                        "instruction_pointer": "7fd488ec01f9", 
                        "time": 1626376382.914882, 
                        "process_name": "fusermount", 
                        "pid": 2047, 
                        "arguments": {
                            "p0": "0x555c5c4c1000"
                        }
                    }, 
                    {
                        "status": "", 
                        "raw": "Thu Jul 15 19:13:02 2021.914911 fusermount@7fd488eba224[2047] write(2, \"/tmp/fusermount: missing mountpoint argument\\n\", 45) = 45\n", 
                        "api": "write", 
                        "return_value": "45", 
                        "instruction_pointer": "7fd488eba224", 
                        "time": 1626376382.914911, 
                        "process_name": "fusermount", 
                        "pid": 2047, 
                        "arguments": {
                            "p2": "45", 
                            "p0": "2", 
                            "p1": "/tmp/fusermount: missing mountpoint argument\n"
                        }
                    }, 
                    {
                        "status": "", 
                        "raw": "Thu Jul 15 19:13:02 2021.914936 fusermount@7fd488e8ebd6[2047] exit_group(1)\n", 
                        "api": "exit_group", 
                        "return_value": "", 
                        "instruction_pointer": "7fd488e8ebd6", 
                        "time": 1626376382.914936, 
                        "process_name": "fusermount", 
                        "pid": 2047, 
                        "arguments": {
                            "p0": "1"
                        }
                    }
                ], 
                "pid": 2047, 
                "process_name": "fusermount", 
                "command_line": "/tmp/fusermount", 
                "first_seen": 1626376382.91407, 
                "ppid": 2046, 
                "type": "process"
            }
        ], 
        "processtree": [
            {
                "track": true, 
                "pid": 2047, 
                "process_name": "fusermount", 
                "command_line": "/tmp/fusermount", 
                "first_seen": 1626376382.91407, 
                "ppid": 2046, 
                "children": []
            }
        ]
    }, 
    "debug": {
        "action": [], 
        "dbgview": [], 
        "errors": [], 
        "log": [
            "2021-07-15 21:12:59,005 [root] DEBUG: Starting analyzer from: /tmpwBKR3B\n", 
            "2021-07-15 21:12:59,007 [root] DEBUG: Storing results at: /tmp/afNWkgU\n", 
            "2021-07-15 21:12:59,007 [root] DEBUG: BIANCA DEBUG: \n", 
            "2021-07-15 21:12:59,020 [root] DEBUG: No analysis package specified, trying to detect it automagically.\n", 
            "2021-07-15 21:12:59,020 [root] INFO: Automatically selected analysis package \"generic\"\n", 
            "2021-07-15 21:12:59,047 [root] DEBUG: Bianca DEBUG[<class 'modules.auxiliary.stap.STAP'>]\n", 
            "2021-07-15 21:12:59,056 [modules.auxiliary.stap] WARNING: BIANCA DEBUG: IT GOT TO STAP INIT\n", 
            "2021-07-15 21:12:59,056 [modules.auxiliary.stap] WARNING: BIANCA DEBUG: STAP STARTEDDDDDDDDDDDD\n", 
            "2021-07-15 21:12:59,057 [modules.auxiliary.stap] WARNING: BIANCAAAA stap path: /root/.cuckoo/stap_.ko\n", 
            "2021-07-15 21:12:59,058 [modules.auxiliary.stap] WARNING: HELLO DARKNESS MY OLD FRIENDDD\n", 
            "2021-07-15 21:12:59,072 [modules.auxiliary.stap] WARNING: IT STARTED NOW NOW NOW\n", 
            "2021-07-15 21:13:02,909 [modules.auxiliary.stap] DEBUG: STAP aux module startup took 3.85 seconds\n", 
            "2021-07-15 21:13:02,909 [root] DEBUG: Started auxiliary module STAP\n", 
            "2021-07-15 21:13:02,912 [root] INFO: Added new process to list with pid: 2046\n", 
            "2021-07-15 21:13:03,915 [root] INFO: Process with pid 2046 has terminated\n", 
            "2021-07-15 21:13:03,915 [root] INFO: Process list is empty, terminating analysis.\n", 
            "2021-07-15 21:13:04,920 [modules.auxiliary.stap] DEBUG: stap subprocess retval None\n", 
            "2021-07-15 21:13:04,921 [modules.auxiliary.stap] DEBUG: BIANCA SEND FILE FROM STRAP: stap.log -> logs/all.stap\n", 
            "2021-07-15 21:13:04,924 [root] INFO: Analysis completed.\n"
        ], 
        "cuckoo": [
            "2021-07-15 21:13:00,471 [cuckoo.core.scheduler] INFO: Task #45: acquired machine cuc (label=cuc)\n", 
            "2021-07-15 21:13:00,471 [cuckoo.core.resultserver] DEBUG: Now tracking machine 192.168.56.101 for task #45\n", 
            "2021-07-15 21:13:00,472 [cuckoo.core.plugins] DEBUG: Started auxiliary module: Replay\n", 
            "2021-07-15 21:13:00,477 [cuckoo.auxiliary.sniffer] INFO: Started sniffer with PID 30929 (interface=vboxnet0, host=192.168.56.101)\n", 
            "2021-07-15 21:13:00,478 [cuckoo.core.plugins] DEBUG: Started auxiliary module: Sniffer\n", 
            "2021-07-15 21:13:00,595 [cuckoo.machinery.virtualbox] DEBUG: Starting vm cuc\n", 
            "2021-07-15 21:13:00,777 [cuckoo.machinery.virtualbox] DEBUG: Restoring virtual machine cuc to final_3\n", 
            "2021-07-15 21:13:07,349 [cuckoo.core.guest] INFO: Starting analysis #45 on guest (id=cuc, ip=192.168.56.101)\n", 
            "2021-07-15 21:13:08,352 [cuckoo.core.guest] DEBUG: cuc: not ready yet\n", 
            "2021-07-15 21:13:09,355 [cuckoo.core.guest] DEBUG: cuc: not ready yet\n", 
            "2021-07-15 21:13:10,359 [cuckoo.core.guest] DEBUG: cuc: not ready yet\n", 
            "2021-07-15 21:13:11,144 [cuckoo.core.guest] INFO: Guest is running Cuckoo Agent 0.10 (id=cuc, ip=192.168.56.101)\n", 
            "2021-07-15 21:13:11,151 [cuckoo.core.guest] DEBUG: Uploading analyzer to guest (id=cuc, ip=192.168.56.101, monitor=latest, size=31337)\n", 
            "2021-07-15 21:13:11,358 [cuckoo.core.resultserver] DEBUG: Task #45: live log analysis.log initialized.\n", 
            "2021-07-15 21:13:16,354 [cuckoo.core.guest] DEBUG: cuc: analysis #45 still processing\n", 
            "2021-07-15 21:13:17,288 [cuckoo.core.resultserver] DEBUG: Task #45: File upload for 'logs/all.stap'\n", 
            "2021-07-15 21:13:17,290 [cuckoo.core.resultserver] DEBUG: Task #45 uploaded file length: 9507\n", 
            "2021-07-15 21:13:21,383 [cuckoo.core.guest] DEBUG: cuc: analysis #45 still processing\n", 
            "2021-07-15 21:13:26,413 [cuckoo.core.guest] DEBUG: cuc: analysis #45 still processing\n", 
            "2021-07-15 21:13:31,442 [cuckoo.core.guest] DEBUG: cuc: analysis #45 still processing\n", 
            "2021-07-15 21:13:36,469 [cuckoo.core.guest] DEBUG: cuc: analysis #45 still processing\n", 
            "2021-07-15 21:13:41,502 [cuckoo.core.guest] DEBUG: cuc: analysis #45 still processing\n", 
            "2021-07-15 21:13:46,529 [cuckoo.core.guest] DEBUG: cuc: analysis #45 still processing\n", 
            "2021-07-15 21:13:51,557 [cuckoo.core.guest] DEBUG: cuc: analysis #45 still processing\n", 
            "2021-07-15 21:13:56,583 [cuckoo.core.guest] DEBUG: cuc: analysis #45 still processing\n", 
            "2021-07-15 21:14:01,609 [cuckoo.core.guest] DEBUG: cuc: analysis #45 still processing\n", 
            "2021-07-15 21:14:06,635 [cuckoo.core.guest] DEBUG: cuc: analysis #45 still processing\n", 
            "2021-07-15 21:14:11,661 [cuckoo.core.guest] DEBUG: cuc: analysis #45 still processing\n", 
            "2021-07-15 21:14:16,687 [cuckoo.core.guest] DEBUG: cuc: analysis #45 still processing\n", 
            "2021-07-15 21:14:21,714 [cuckoo.core.guest] DEBUG: cuc: analysis #45 still processing\n", 
            "2021-07-15 21:14:26,742 [cuckoo.core.guest] DEBUG: cuc: analysis #45 still processing\n", 
            "2021-07-15 21:14:31,768 [cuckoo.core.guest] DEBUG: cuc: analysis #45 still processing\n", 
            "2021-07-15 21:14:36,794 [cuckoo.core.guest] DEBUG: cuc: analysis #45 still processing\n", 
            "2021-07-15 21:14:41,821 [cuckoo.core.guest] DEBUG: cuc: analysis #45 still processing\n", 
            "2021-07-15 21:14:46,848 [cuckoo.core.guest] DEBUG: cuc: analysis #45 still processing\n", 
            "2021-07-15 21:14:51,876 [cuckoo.core.guest] DEBUG: cuc: analysis #45 still processing\n", 
            "2021-07-15 21:14:56,902 [cuckoo.core.guest] DEBUG: cuc: analysis #45 still processing\n", 
            "2021-07-15 21:15:01,928 [cuckoo.core.guest] DEBUG: cuc: analysis #45 still processing\n", 
            "2021-07-15 21:15:06,956 [cuckoo.core.guest] DEBUG: cuc: analysis #45 still processing\n", 
            "2021-07-15 21:15:11,982 [cuckoo.core.guest] DEBUG: cuc: analysis #45 still processing\n", 
            "2021-07-15 21:15:17,007 [cuckoo.core.guest] DEBUG: cuc: analysis #45 still processing\n", 
            "2021-07-15 21:15:22,034 [cuckoo.core.guest] DEBUG: cuc: analysis #45 still processing\n", 
            "2021-07-15 21:15:27,062 [cuckoo.core.guest] DEBUG: cuc: analysis #45 still processing\n", 
            "2021-07-15 21:15:32,091 [cuckoo.core.guest] DEBUG: cuc: analysis #45 still processing\n", 
            "2021-07-15 21:15:37,119 [cuckoo.core.guest] DEBUG: cuc: analysis #45 still processing\n", 
            "2021-07-15 21:15:42,146 [cuckoo.core.guest] DEBUG: c"
        ]
    }, 
    "strings": [
        "/lib64/ld-linux-x86-64.so.2", 
        "libc.so.6", 
        "setuid", 
        "strcpy", 
        "__printf_chk", 
        "readdir", 
        "strncmp", 
        "optind", 
        "strrchr", 
        "__strdup", 
        "perror", 
        "getpwuid", 
        "closedir", 
        "sigprocmask", 
        "sigfillset", 
        "setreuid", 
        "__stack_chk_fail", 
        "__lxstat", 
        "realloc", 
        "strtol", 
        "setmntent", 
        "execle", 
        "strlen", 
        "sigemptyset", 
        "strstr", 
        "__errno_location", 
        "__fprintf_chk", 
        "sigaddset", 
        "memcpy", 
        "fclose", 
        "__memmove_chk", 
        "getmntent", 
        "malloc", 
        "strcat", 
        "setfsgid", 
        "getgid", 
        "opendir", 
        "__ctype_b_loc", 
        "getenv", 
        "sscanf", 
        "optarg", 
        "stderr", 
        "setfsuid", 
        "getuid", 
        "fscanf", 
        "getopt_long", 
        "__fxstat", 
        "sendmsg", 
        "__realpath_chk", 
        "getcwd", 
        "geteuid", 
        "waitpid", 
        "strchr", 
        "endmntent", 
        "__cxa_finalize", 
        "umount2", 
        "setsid", 
        "__sprintf_chk", 
        "access", 
        "strcmp", 
        "strerror", 
        "__libc_start_main", 
        "_IO_stdin_used", 
        "_ITM_deregisterTMCloneTable", 
        "__gmon_start__", 
        "_Jv_RegisterClasses", 
        "_ITM_registerTMCloneTable", 
        "GLIBC_2.3", 
        "GLIBC_2.14", 
        "GLIBC_2.3.4", 
        "GLIBC_2.4", 
        "GLIBC_2.2.5", 
        "AWAVAUATA", 
        "[]A\\A]A^A_", 
        "Lcl$LL", 
        "fuseblk", 
        "[]A\\A]", 
        "[]A\\A]", 
        "[]A\\A]", 
        "[]A\\A]", 
        "]A\\A]A^", 
        "]A\\A]A^", 
        "[]A\\A]A^A_", 
        "AWAVAUP1", 
        "[]A\\A]A^", 
        "[]A\\A]", 
        "]A\\A]A^", 
        "[]A\\A]A^", 
        "[]A\\A]", 
        "AWAVAUATI", 
        "[]A\\A]A^A_", 
        "[]A\\A]A^A_", 
        "%s: failed to allocate memory", 
        "%s: failed to mark mounts private: %s", 
        "%s: failed to bind parent to /: %s", 
        "%s: internal error: invalid abs path: <%s>", 
        "%s: failed to chdir to %s: %s", 
        "%s: failed to obtain current directory: %s", 
        "%s: mountpoint moved (%s -> %s)", 
        "%s: could not determine username", 
        "%s: [options] mountpoint", 
        "Options:", 
        "    print help", 
        "    print version", 
        " -o opt[,opt...]   mount options", 
        "    unmount", 
        "    quiet", 
        "    lazy unmount", 
        "%s: -z can only be used with -u", 
        "%s: missing mountpoint argument", 
        "%s: extra arguments after the mountpoint", 
        "%s: old style mounting not supported", 
        "%s: fuse device not found, try 'modprobe fuse' first", 
        "%s: unknown parameter in %s at line %i: '%s'", 
        "%s: reading %s: line %i too long", 
        "%s: too many FUSE filesystems mounted; mount_max=N can be set in /etc/fuse.conf", 
        "%s: failed to access mountpoint %s: %s", 
        "%s: failed to chdir to mountpoint: %s", 
        "%s: mountpoint %s not owned by user", 
        "%s: user has no write access to mountpoint %s", 
        "%s: mountpoint %s is no longer a regular file", 
        "%s: mountpoint %s is not a directory or a regular file", 
        "%s: option blkdev is privileged", 
        "%s: note: 'large_read' mount option is deprecated for %i.%i kernels", 
        "%s: option %.*s only allowed if 'user_allow_other' is set in /etc/fuse.conf", 
        "%s: 'fuseblk' support missing", 
        "%s: unable to open fuse lock file: %s", 
        "%s: entry for %s not found in %s", 
        "%s: failed to clone namespace: %s", 
        "%s: child terminated abnormally (status %i)", 
        "fd=%i,rootmode=%o,user_id=%u,group_id=%u", 
        "%s: reading %s: missing newline at end of file", 
        "%s: failed to open %s: %s", 
        "/proc/mounts", 
        "%s: %s not mounted", 
        "fuseblk", 
        "fusermount version: %s", 
        "hVo:uzq", 
        "%s: failed to chdir to '/'", 
        "_FUSE_COMMFD", 
        "/dev/fuse", 
        "/proc/fs/fuse/dev", 
        "/etc/fuse.conf", 
        "user_allow_other", 
        "mount_max = %i", 
        "/etc/mtab", 
        "/proc/fs/fuse/version", 
        "%s: kernel interface too old", 
        "%s: error reading %s", 
        "/proc/self/fd/%i", 
        "fsname=", 
        "subtype=", 
        "blkdev", 
        "nonempty", 
        "auto_unmount", 
        "rootmode=", 
        "user_id=", 
        "group_id=", 
        "large_read", 
        "allow_root", 
        "%s: unsafe option %s ignored", 
        "fd=%i,rootmode=%o,user_id=%u", 
        "%s: mount failed: %s", 
        "sending file descriptor", 
        "/etc/mtab.fuselock", 
        "%s: error getting lock: %s", 
        "fuseblk.", 
        "%s: waitpid failed: %s", 
        "%s: failed to unmount %s: %s", 
        "%s: error releasing lock: %s", 
        "nosuid", 
        "noexec", 
        "noatime", 
        "dirsync", 
        "%s: sigprocmask: %s", 
        "%s: fork: %s", 
        "--no-canonicalize", 
        "/bin/mount", 
        "%s: waitpid: %s", 
        "/bin/umount", 
        "--fake", 
        "%s: invalid mountpoint '%s'", 
        "%s: bad mount point %s: %s", 
        "%s: mountpoint is not empty", 
        "/proc/filesystems", 
        "fuseblk", 
        "%s: failed to execute /bin/mount: %s", 
        "%s: failed to execute /bin/umount: %s", 
        "%s: failed to open mountpoint for reading: %s", 
        "%s: if you are sure this is safe, use the 'nonempty' mount option", 
        "fc1d4dff4f52bd8df25fd11a2c1b5812e2d71c.debug", 
        ".shstrtab", 
        ".interp", 
        ".note.ABI-tag", 
        ".note.gnu.build-id", 
        ".gnu.hash", 
        ".dynsym", 
        ".dynstr", 
        ".gnu.version", 
        ".gnu.version_r", 
        ".rela.dyn", 
        ".plt.got", 
        ".rodata", 
        ".eh_frame_hdr", 
        ".eh_frame", 
        ".init_array", 
        ".fini_array", 
        ".data.rel.ro", 
        ".dynamic", 
        ".gnu_debuglink"
    ], 
    "metadata": {
        "output": {
            "pcap": {
                "basename": "dump.pcap", 
                "sha256": "83a34ad4a7de76d7670e2cee8553e7197b173d7b11ae153968a9bdd56cdbd049", 
                "dirname": ""
            }
        }
    }
}