{
    "info": {
        "added": 1626372388.194028, 
        "started": 1626372388.363916, 
        "duration": 193, 
        "ended": 1626372581.77183, 
        "owner": null, 
        "score": 0.0, 
        "id": 14, 
        "category": "file", 
        "git": {
            "head": "13cbe0d9e457be3673304533043e992ead1ea9b2", 
            "fetch_head": "13cbe0d9e457be3673304533043e992ead1ea9b2"
        }, 
        "monitor": "2deb9ccd75d5a7a3fe05b2625b03a8639d6ee36b", 
        "package": "", 
        "route": "none", 
        "custom": null, 
        "machine": {
            "status": "stopped", 
            "name": "cuc", 
            "label": "cuc", 
            "manager": "VirtualBox", 
            "started_on": "2021-07-15 18:06:28", 
            "shutdown_on": "2021-07-15 18:09:41"
        }, 
        "platform": null, 
        "version": "2.0.7", 
        "options": ""
    }, 
    "signatures": [], 
    "target": {
        "category": "file", 
        "file": {
            "yara": [
                {
                    "meta": {
                        "description": "Contains an embedded PE32 file", 
                        "author": "nex"
                    }, 
                    "name": "embedded_pe", 
                    "offsets": {
                        "b": [
                            [
                                21933, 
                                0
                            ], 
                            [
                                22121, 
                                0
                            ]
                        ]
                    }, 
                    "strings": [
                        "VGhpcyBwcm9ncmFt"
                    ]
                }
            ], 
            "sha1": "66c5986322092bbeb9fa50d5e3ca404fa4e847c1", 
            "name": "bunzip2", 
            "type": "ELF 64-bit LSB shared object, x86-64, version 1 (SYSV), dynamically linked, interpreter /lib64/ld-linux-x86-64.so.2, for GNU/Linux 3.2.0, BuildID[sha1]=51975b86e99e687e6fcddc2e4ba1ee571e337c03, stripped", 
            "sha256": "d9393d0eca1de788628ad0961b74ec7a648709b24423371b208ae525f60bbdad", 
            "urls": [], 
            "crc32": "0FA4C39D", 
            "path": "/home/cuckoo/.cuckoo/storage/binaries/d9393d0eca1de788628ad0961b74ec7a648709b24423371b208ae525f60bbdad", 
            "ssdeep": null, 
            "size": 34888, 
            "sha512": "666c3a67a490be43f58d5da6a512a609036b7723abb4907eda845ef17a7bee12bd669eb5c738797dd368da4ecd3832e2895431c3fdd0d31d5cc4249043dbf35d", 
            "md5": "b398a691a3874b45f327c932cba91448"
        }
    }, 
    "network": {
        "tls": [], 
        "udp": [
            {
                "src": "192.168.56.101", 
                "dst": "224.0.0.251", 
                "offset": 332, 
                "time": 4.451111078262329, 
                "dport": 5353, 
                "sport": 5353
            }
        ], 
        "dns_servers": [
            "224.0.0.251"
        ], 
        "http": [], 
        "icmp": [], 
        "smtp": [], 
        "tcp": [], 
        "smtp_ex": [], 
        "mitm": [], 
        "hosts": [], 
        "pcap_sha256": "eaa041e4fc80095ca79a6894371a2eeca0f5f5121f931eb36d0d962da936e218", 
        "dns": [
            {
                "type": "PTR", 
                "request": "_ipps._tcp.local", 
                "answers": []
            }
        ], 
        "http_ex": [], 
        "domains": [
            {
                "ip": "", 
                "domain": "_ipps._tcp.local"
            }
        ], 
        "dead_hosts": [], 
        "sorted_pcap_sha256": "e5f3a6af134ba9762f046b80e423112d5f200754c931249ebf318030388d79b1", 
        "irc": [], 
        "https_ex": []
    }, 
    "behavior": {
        "generic": [
            {
                "process_path": null, 
                "process_name": "bunzip2", 
                "pid": 1597, 
                "summary": {}, 
                "first_seen": 1626365192.062444, 
                "ppid": 1596
            }
        ], 
        "processes": [
            {
                "calls": [
                    {
                        "status": "", 
                        "raw": "Thu Jul 15 16:06:32 2021.062444 bunzip2@7fc69baaf0a9[1597] execve(\"/tmp/bunzip2\", [\"/tmp/bunzip2\"], [\"LC_TIME=de_CH.UTF-8\", \"HOME=/root\", \"LC_MONETARY=de_CH.UTF-8\", \"LOGNAME=root\", \"PATH=/usr/bin:/bin\", \"LC_ADDRESS=de_CH.UTF-8\", \"LANG=en_US.UTF-8\", \"LC_TELEPHONE=de_CH.UTF-8\", \"LC_NAME=de_CH.UTF-8\", \"SHELL=/bin/sh\", \"LC_MEASUREMENT=de_CH.UTF-8\", \"LC_IDENTIFICATION=de_CH.UTF-8\", \"PWD=/tmpWQTsNF\", \"LC_NUMERIC=de_CH.UTF-8\", \"LC_PAPER=de_CH.UTF-8\"])\n", 
                        "api": "execve", 
                        "return_value": "", 
                        "instruction_pointer": "7fc69baaf0a9", 
                        "time": 1626365192.062444, 
                        "process_name": "bunzip2", 
                        "pid": 1597, 
                        "arguments": {
                            "p2": [
                                "LC_TIME=de_CH.UTF-8", 
                                "HOME=/root", 
                                "LC_MONETARY=de_CH.UTF-8", 
                                "LOGNAME=root", 
                                "PATH=/usr/bin:/bin", 
                                "LC_ADDRESS=de_CH.UTF-8", 
                                "LANG=en_US.UTF-8", 
                                "LC_TELEPHONE=de_CH.UTF-8", 
                                "LC_NAME=de_CH.UTF-8", 
                                "SHELL=/bin/sh", 
                                "LC_MEASUREMENT=de_CH.UTF-8", 
                                "LC_IDENTIFICATION=de_CH.UTF-8", 
                                "PWD=/tmpWQTsNF", 
                                "LC_NUMERIC=de_CH.UTF-8", 
                                "LC_PAPER=de_CH.UTF-8"
                            ], 
                            "p0": "/tmp/bunzip2", 
                            "p1": [
                                "/tmp/bunzip2"
                            ]
                        }
                    }, 
                    {
                        "status": "", 
                        "raw": "Thu Jul 15 16:06:32 2021.062614 bunzip2@7fc69baaf0a9[1597] brk(0x0) = 94462051868672\n", 
                        "api": "brk", 
                        "return_value": "94462051868672", 
                        "instruction_pointer": "7fc69baaf0a9", 
                        "time": 1626365192.062614, 
                        "process_name": "bunzip2", 
                        "pid": 1597, 
                        "arguments": {
                            "p0": "0x0"
                        }
                    }, 
                    {
                        "status": "ENOENT", 
                        "raw": "Thu Jul 15 16:06:32 2021.062672 bunzip2@7fc69baa296e[1597] access(\"/etc/ld.so.nohwcap\", F_OK) = -2 (ENOENT)\n", 
                        "api": "access", 
                        "return_value": "-2", 
                        "instruction_pointer": "7fc69baa296e", 
                        "time": 1626365192.062672, 
                        "process_name": "bunzip2", 
                        "pid": 1597, 
                        "arguments": {
                            "p0": "/etc/ld.so.nohwcap", 
                            "p1": "F_OK"
                        }
                    }, 
                    {
                        "status": "ENOENT", 
                        "raw": "Thu Jul 15 16:06:32 2021.062703 bunzip2@7fc69bab0007[1597] access(\"/etc/ld.so.preload\", R_OK) = -2 (ENOENT)\n", 
                        "api": "access", 
                        "return_value": "-2", 
                        "instruction_pointer": "7fc69bab0007", 
                        "time": 1626365192.062703, 
                        "process_name": "bunzip2", 
                        "pid": 1597, 
                        "arguments": {
                            "p0": "/etc/ld.so.preload", 
                            "p1": "R_OK"
                        }
                    }, 
                    {
                        "status": "", 
                        "raw": "Thu Jul 15 16:06:32 2021.062721 bunzip2@7fc69baafebd[1597] openat(AT_FDCWD, \"/etc/ld.so.cache\", O_RDONLY|O_CLOEXEC) = 6\n", 
                        "api": "openat", 
                        "return_value": "6", 
                        "instruction_pointer": "7fc69baafebd", 
                        "time": 1626365192.062721, 
                        "process_name": "bunzip2", 
                        "pid": 1597, 
                        "arguments": {
                            "p2": "O_RDONLY|O_CLOEXEC", 
                            "p0": "AT_FDCWD", 
                            "p1": "/etc/ld.so.cache"
                        }
                    }, 
                    {
                        "status": "", 
                        "raw": "Thu Jul 15 16:06:32 2021.062741 bunzip2@7fc69baafe23[1597] fstat(6, 0x7ffe2082d270) = 0\n", 
                        "api": "fstat", 
                        "return_value": "0", 
                        "instruction_pointer": "7fc69baafe23", 
                        "time": 1626365192.062741, 
                        "process_name": "bunzip2", 
                        "pid": 1597, 
                        "arguments": {
                            "p0": "6", 
                            "p1": "0x7ffe2082d270"
                        }
                    }, 
                    {
                        "status": "", 
                        "raw": "Thu Jul 15 16:06:32 2021.062756 bunzip2@7fc69bab0123[1597] mmap2(0x0, 85414, PROT_READ, MAP_PRIVATE, 6, 0) = 0x7fc69bca7000\n", 
                        "api": "mmap2", 
                        "return_value": "0x7fc69bca7000", 
                        "instruction_pointer": "7fc69bab0123", 
                        "time": 1626365192.062756, 
                        "process_name": "bunzip2", 
                        "pid": 1597, 
                        "arguments": {
                            "p2": "PROT_READ", 
                            "p3": "MAP_PRIVATE", 
                            "p0": "0x0", 
                            "p1": "85414", 
                            "p4": "6", 
                            "p5": "0"
                        }
                    }, 
                    {
                        "status": "", 
                        "raw": "Thu Jul 15 16:06:32 2021.062773 bunzip2@7fc69bab00b7[1597] close(6) = 0\n", 
                        "api": "close", 
                        "return_value": "0", 
                        "instruction_pointer": "7fc69bab00b7", 
                        "time": 1626365192.062773, 
                        "process_name": "bunzip2", 
                        "pid": 1597, 
                        "arguments": {
                            "p0": "6"
                        }
                    }, 
                    {
                        "status": "ENOENT", 
                        "raw": "Thu Jul 15 16:06:32 2021.062792 bunzip2@7fc69baab2d9[1597] access(\"/etc/ld.so.nohwcap\", F_OK) = -2 (ENOENT)\n", 
                        "api": "access", 
                        "return_value": "-2", 
                        "instruction_pointer": "7fc69baab2d9", 
                        "time": 1626365192.062792, 
                        "process_name": "bunzip2", 
                        "pid": 1597, 
                        "arguments": {
                            "p0": "/etc/ld.so.nohwcap", 
                            "p1": "F_OK"
                        }
                    }, 
                    {
                        "status": "", 
                        "raw": "Thu Jul 15 16:06:32 2021.062840 bunzip2@7fc69baafebd[1597] openat(AT_FDCWD, \"/lib/x86_64-linux-gnu/libbz2.so.1.0\", O_RDONLY|O_CLOEXEC) = 6\n", 
                        "api": "openat", 
                        "return_value": "6", 
                        "instruction_pointer": "7fc69baafebd", 
                        "time": 1626365192.06284, 
                        "process_name": "bunzip2", 
                        "pid": 1597, 
                        "arguments": {
                            "p2": "O_RDONLY|O_CLOEXEC", 
                            "p0": "AT_FDCWD", 
                            "p1": "/lib/x86_64-linux-gnu/libbz2.so.1.0"
                        }
                    }, 
                    {
                        "status": "", 
                        "raw": "Thu Jul 15 16:06:32 2021.062855 bunzip2@7fc69baaff84[1597] read(6, 0x7ffe2082d438, 832) = 832\n", 
                        "api": "read", 
                        "return_value": "832", 
                        "instruction_pointer": "7fc69baaff84", 
                        "time": 1626365192.062855, 
                        "process_name": "bunzip2", 
                        "pid": 1597, 
                        "arguments": {
                            "p2": "832", 
                            "p0": "6", 
                            "p1": "0x7ffe2082d438"
                        }
                    }, 
                    {
                        "status": "", 
                        "raw": "Thu Jul 15 16:06:32 2021.062866 bunzip2@7fc69baafe23[1597] fstat(6, 0x7ffe2082d2d0) = 0\n", 
                        "api": "fstat", 
                        "return_value": "0", 
                        "instruction_pointer": "7fc69baafe23", 
                        "time": 1626365192.062866, 
                        "process_name": "bunzip2", 
                        "pid": 1597, 
                        "arguments": {
                            "p0": "6", 
                            "p1": "0x7ffe2082d2d0"
                        }
                    }, 
                    {
                        "status": "", 
                        "raw": "Thu Jul 15 16:06:32 2021.062876 bunzip2@7fc69bab0123[1597] mmap2(0x0, 8192, PROT_READ|PROT_WRITE, MAP_PRIVATE|MAP_ANONYMOUS, -1, 0) = 0x7fc69bca5000\n", 
                        "api": "mmap2", 
                        "return_value": "0x7fc69bca5000", 
                        "instruction_pointer": "7fc69bab0123", 
                        "time": 1626365192.062876, 
                        "process_name": "bunzip2", 
                        "pid": 1597, 
                        "arguments": {
                            "p2": "PROT_READ|PROT_WRITE", 
                            "p3": "MAP_PRIVATE|MAP_ANONYMOUS", 
                            "p0": "0x0", 
                            "p1": "8192", 
                            "p4": "-1", 
                            "p5": "0"
                        }
                    }, 
                    {
                        "status": "", 
                        "raw": "Thu Jul 15 16:06:32 2021.062892 bunzip2@7fc69bab0123[1597] mmap2(0x0, 2161864, PROT_READ|PROT_EXEC, MAP_PRIVATE|MAP_DENYWRITE, 6, 0) = 0x7fc69b883000\n", 
                        "api": "mmap2", 
                        "return_value": "0x7fc69b883000", 
                        "instruction_pointer": "7fc69bab0123", 
                        "time": 1626365192.062892, 
                        "process_name": "bunzip2", 
                        "pid": 1597, 
                        "arguments": {
                            "p2": "PROT_READ|PROT_EXEC", 
                            "p3": "MAP_PRIVATE|MAP_DENYWRITE", 
                            "p0": "0x0", 
                            "p1": "2161864", 
                            "p4": "6", 
                            "p5": "0"
                        }
                    }, 
                    {
                        "status": "", 
                        "raw": "Thu Jul 15 16:06:32 2021.062917 bunzip2@7fc69bab01d7[1597] mprotect(0x7fc69b892000, 2093056, PROT_NONE) = 0\n", 
                        "api": "mprotect", 
                        "return_value": "0", 
                        "instruction_pointer": "7fc69bab01d7", 
                        "time": 1626365192.062917, 
                        "process_name": "bunzip2", 
                        "pid": 1597, 
                        "arguments": {
                            "p2": "PROT_NONE", 
                            "p0": "0x7fc69b892000", 
                            "p1": "2093056"
                        }
                    }, 
                    {
                        "status": "", 
                        "raw": "Thu Jul 15 16:06:32 2021.062933 bunzip2@7fc69bab0123[1597] mmap2(0x7fc69ba91000, 8192, PROT_READ|PROT_WRITE, MAP_PRIVATE|MAP_FIXED|MAP_DENYWRITE, 6, 57344) = 0x7fc69ba91000\n", 
                        "api": "mmap2", 
                        "return_value": "0x7fc69ba91000", 
                        "instruction_pointer": "7fc69bab0123", 
                        "time": 1626365192.062933, 
                        "process_name": "bunzip2", 
                        "pid": 1597, 
                        "arguments": {
                            "p2": "PROT_READ|PROT_WRITE", 
                            "p3": "MAP_PRIVATE|MAP_FIXED|MAP_DENYWRITE", 
                            "p0": "0x7fc69ba91000", 
                            "p1": "8192", 
                            "p4": "6", 
                            "p5": "57344"
                        }
                    }, 
                    {
                        "status": "", 
                        "raw": "Thu Jul 15 16:06:32 2021.062958 bunzip2@7fc69bab00b7[1597] close(6) = 0\n", 
                        "api": "close", 
                        "return_value": "0", 
                        "instruction_pointer": "7fc69bab00b7", 
                        "time": 1626365192.062958, 
                        "process_name": "bunzip2", 
                        "pid": 1597, 
                        "arguments": {
                            "p0": "6"
                        }
                    }, 
                    {
                        "status": "ENOENT", 
                        "raw": "Thu Jul 15 16:06:32 2021.062975 bunzip2@7fc69baab2d9[1597] access(\"/etc/ld.so.nohwcap\", F_OK) = -2 (ENOENT)\n", 
                        "api": "access", 
                        "return_value": "-2", 
                        "instruction_pointer": "7fc69baab2d9", 
                        "time": 1626365192.062975, 
                        "process_name": "bunzip2", 
                        "pid": 1597, 
                        "arguments": {
                            "p0": "/etc/ld.so.nohwcap", 
                            "p1": "F_OK"
                        }
                    }, 
                    {
                        "status": "", 
                        "raw": "Thu Jul 15 16:06:32 2021.062992 bunzip2@7fc69baafebd[1597] openat(AT_FDCWD, \"/lib/x86_64-linux-gnu/libc.so.6\", O_RDONLY|O_CLOEXEC) = 6\n", 
                        "api": "openat", 
                        "return_value": "6", 
                        "instruction_pointer": "7fc69baafebd", 
                        "time": 1626365192.062992, 
                        "process_name": "bunzip2", 
                        "pid": 1597, 
                        "arguments": {
                            "p2": "O_RDONLY|O_CLOEXEC", 
                            "p0": "AT_FDCWD", 
                            "p1": "/lib/x86_64-linux-gnu/libc.so.6"
                        }
                    }, 
                    {
                        "status": "", 
                        "raw": "Thu Jul 15 16:06:32 2021.063005 bunzip2@7fc69baaff84[1597] read(6, 0x7ffe2082d408, 832) = 832\n", 
                        "api": "read", 
                        "return_value": "832", 
                        "instruction_pointer": "7fc69baaff84", 
                        "time": 1626365192.063005, 
                        "process_name": "bunzip2", 
                        "pid": 1597, 
                        "arguments": {
                            "p2": "832", 
                            "p0": "6", 
                            "p1": "0x7ffe2082d408"
                        }
                    }, 
                    {
                        "status": "", 
                        "raw": "Thu Jul 15 16:06:32 2021.063015 bunzip2@7fc69baafe23[1597] fstat(6, 0x7ffe2082d2a0) = 0\n", 
                        "api": "fstat", 
                        "return_value": "0", 
                        "instruction_pointer": "7fc69baafe23", 
                        "time": 1626365192.063015, 
                        "process_name": "bunzip2", 
                        "pid": 1597, 
                        "arguments": {
                            "p0": "6", 
                            "p1": "0x7ffe2082d2a0"
                        }
                    }, 
                    {
                        "status": "", 
                        "raw": "Thu Jul 15 16:06:32 2021.063028 bunzip2@7fc69bab0123[1597] mmap2(0x0, 4131552, PROT_READ|PROT_EXEC, MAP_PRIVATE|MAP_DENYWRITE, 6, 0) = 0x7fc69b492000\n", 
                        "api": "mmap2", 
                        "return_value": "0x7fc69b492000", 
                        "instruction_pointer": "7fc69bab0123", 
                        "time": 1626365192.063028, 
                        "process_name": "bunzip2", 
                        "pid": 1597, 
                        "arguments": {
                            "p2": "PROT_READ|PROT_EXEC", 
                            "p3": "MAP_PRIVATE|MAP_DENYWRITE", 
                            "p0": "0x0", 
                            "p1": "4131552", 
                            "p4": "6", 
                            "p5": "0"
                        }
                    }, 
                    {
                        "status": "", 
                        "raw": "Thu Jul 15 16:06:32 2021.063042 bunzip2@7fc69bab01d7[1597] mprotect(0x7fc69b679000, 2097152, PROT_NONE) = 0\n", 
                        "api": "mprotect", 
                        "return_value": "0", 
                        "instruction_pointer": "7fc69bab01d7", 
                        "time": 1626365192.063042, 
                        "process_name": "bunzip2", 
                        "pid": 1597, 
                        "arguments": {
                            "p2": "PROT_NONE", 
                            "p0": "0x7fc69b679000", 
                            "p1": "2097152"
                        }
                    }, 
                    {
                        "status": "", 
                        "raw": "Thu Jul 15 16:06:32 2021.063056 bunzip2@7fc69bab0123[1597] mmap2(0x7fc69b879000, 24576, PROT_READ|PROT_WRITE, MAP_PRIVATE|MAP_FIXED|MAP_DENYWRITE, 6, 1994752) = 0x7fc69b879000\n", 
                        "api": "mmap2", 
                        "return_value": "0x7fc69b879000", 
                        "instruction_pointer": "7fc69bab0123", 
                        "time": 1626365192.063056, 
                        "process_name": "bunzip2", 
                        "pid": 1597, 
                        "arguments": {
                            "p2": "PROT_READ|PROT_WRITE", 
                            "p3": "MAP_PRIVATE|MAP_FIXED|MAP_DENYWRITE", 
                            "p0": "0x7fc69b879000", 
                            "p1": "24576", 
                            "p4": "6", 
                            "p5": "1994752"
                        }
                    }, 
                    {
                        "status": "", 
                        "raw": "Thu Jul 15 16:06:32 2021.063074 bunzip2@7fc69bab0123[1597] mmap2(0x7fc69b87f000, 15072, PROT_READ|PROT_WRITE, MAP_PRIVATE|MAP_FIXED|MAP_ANONYMOUS, -1, 0) = 0x7fc69b87f000\n", 
                        "api": "mmap2", 
                        "return_value": "0x7fc69b87f000", 
                        "instruction_pointer": "7fc69bab0123", 
                        "time": 1626365192.063074, 
                        "process_name": "bunzip2", 
                        "pid": 1597, 
                        "arguments": {
                            "p2": "PROT_READ|PROT_WRITE", 
                            "p3": "MAP_PRIVATE|MAP_FIXED|MAP_ANONYMOUS", 
                            "p0": "0x7fc69b87f000", 
                            "p1": "15072", 
                            "p4": "-1", 
                            "p5": "0"
                        }
                    }, 
                    {
                        "status": "", 
                        "raw": "Thu Jul 15 16:06:32 2021.063093 bunzip2@7fc69bab00b7[1597] close(6) = 0\n", 
                        "api": "close", 
                        "return_value": "0", 
                        "instruction_pointer": "7fc69bab00b7", 
                        "time": 1626365192.063093, 
                        "process_name": "bunzip2", 
                        "pid": 1597, 
                        "arguments": {
                            "p0": "6"
                        }
                    }, 
                    {
                        "status": "", 
                        "raw": "Thu Jul 15 16:06:32 2021.063116 bunzip2@7fc69bab0123[1597] mmap2(0x0, 12288, PROT_READ|PROT_WRITE, MAP_PRIVATE|MAP_ANONYMOUS, -1, 0) = 0x7fc69bca2000\n", 
                        "api": "mmap2", 
                        "return_value": "0x7fc69bca2000", 
                        "instruction_pointer": "7fc69bab0123", 
                        "time": 1626365192.063116, 
                        "process_name": "bunzip2", 
                        "pid": 1597, 
                        "arguments": {
                            "p2": "PROT_READ|PROT_WRITE", 
                            "p3": "MAP_PRIVATE|MAP_ANONYMOUS", 
                            "p0": "0x0", 
                            "p1": "12288", 
                            "p4": "-1", 
                            "p5": "0"
                        }
                    }, 
                    {
                        "status": "", 
                        "raw": "Thu Jul 15 16:06:32 2021.063132 bunzip2@7fc69ba94024[1597] arch_prctl(ARCH_SET_FS, 140490993968960) = 0\n", 
                        "api": "arch_prctl", 
                        "return_value": "0", 
                        "instruction_pointer": "7fc69ba94024", 
                        "time": 1626365192.063132, 
                        "process_name": "bunzip2", 
                        "pid": 1597, 
                        "arguments": {
                            "p0": "ARCH_SET_FS", 
                            "p1": "140490993968960"
                        }
                    }, 
                    {
                        "status": "", 
                        "raw": "Thu Jul 15 16:06:32 2021.063194 bunzip2@7fc69bab01d7[1597] mprotect(0x7fc69b879000, 16384, PROT_READ) = 0\n", 
                        "api": "mprotect", 
                        "return_value": "0", 
                        "instruction_pointer": "7fc69bab01d7", 
                        "time": 1626365192.063194, 
                        "process_name": "bunzip2", 
                        "pid": 1597, 
                        "arguments": {
                            "p2": "PROT_READ", 
                            "p0": "0x7fc69b879000", 
                            "p1": "16384"
                        }
                    }, 
                    {
                        "status": "", 
                        "raw": "Thu Jul 15 16:06:32 2021.063213 bunzip2@7fc69bab01d7[1597] mprotect(0x7fc69ba91000, 4096, PROT_READ) = 0\n", 
                        "api": "mprotect", 
                        "return_value": "0", 
                        "instruction_pointer": "7fc69bab01d7", 
                        "time": 1626365192.063213, 
                        "process_name": "bunzip2", 
                        "pid": 1597, 
                        "arguments": {
                            "p2": "PROT_READ", 
                            "p0": "0x7fc69ba91000", 
                            "p1": "4096"
                        }
                    }, 
                    {
                        "status": "", 
                        "raw": "Thu Jul 15 16:06:32 2021.063240 bunzip2@7fc69bab01d7[1597] mprotect(0x55e9a7cd7000, 4096, PROT_READ) = 0\n", 
                        "api": "mprotect", 
                        "return_value": "0", 
                        "instruction_pointer": "7fc69bab01d7", 
                        "time": 1626365192.06324, 
                        "process_name": "bunzip2", 
                        "pid": 1597, 
                        "arguments": {
                            "p2": "PROT_READ", 
                            "p0": "0x55e9a7cd7000", 
                            "p1": "4096"
                        }
                    }, 
                    {
                        "status": "", 
                        "raw": "Thu Jul 15 16:06:32 2021.063256 bunzip2@7fc69bab01d7[1597] mprotect(0x7fc69bcbc000, 4096, PROT_READ) = 0\n", 
                        "api": "mprotect", 
                        "return_value": "0", 
                        "instruction_pointer": "7fc69bab01d7", 
                        "time": 1626365192.063256, 
                        "process_name": "bunzip2", 
                        "pid": 1597, 
                        "arguments": {
                            "p2": "PROT_READ", 
                            "p0": "0x7fc69bcbc000", 
                            "p1": "4096"
                        }
                    }, 
                    {
                        "status": "", 
                        "raw": "Thu Jul 15 16:06:32 2021.063271 bunzip2@7fc69bab01b7[1597] munmap(0x7fc69bca7000, 85414) = 0\n", 
                        "api": "munmap", 
                        "return_value": "0", 
                        "instruction_pointer": "7fc69bab01b7", 
                        "time": 1626365192.063271, 
                        "process_name": "bunzip2", 
                        "pid": 1597, 
                        "arguments": {
                            "p0": "0x7fc69bca7000", 
                            "p1": "85414"
                        }
                    }, 
                    {
                        "status": "", 
                        "raw": "Thu Jul 15 16:06:32 2021.063332 bunzip2@7fc69b4d110d[1597] rt_sigaction(SIGSEGV, {0x55e9a7ad2ad0, SA_RESTART|SA_RESTORER, 0x7fc69b4d1040, [SIGSEGV]}, 0x7ffe2082da20, 8) = 0\n", 
                        "api": "rt_sigaction", 
                        "return_value": "0", 
                        "instruction_pointer": "7fc69b4d110d", 
                        "time": 1626365192.063332, 
                        "process_name": "bunzip2", 
                        "pid": 1597, 
                        "arguments": {
                            "p2": "0x7ffe2082da20", 
                            "p3": "8", 
                            "p0": "SIGSEGV", 
                            "p1": [
                                "0x55e9a7ad2ad0", 
                                "SA_RESTART|SA_RESTORER", 
                                "0x7fc69b4d1040", 
                                [
                                    "SIGSEGV]"
                                ]
                            ]
                        }
                    }, 
                    {
                        "status": "", 
                        "raw": "Thu Jul 15 16:06:32 2021.063346 bunzip2@7fc69b4d110d[1597] rt_sigaction(SIGBUS, {0x55e9a7ad2ad0, SA_RESTART|SA_RESTORER, 0x7fc69b4d1040, [SIGBUS]}, 0x7ffe2082da20, 8) = 0\n", 
                        "api": "rt_sigaction", 
                        "return_value": "0", 
                        "instruction_pointer": "7fc69b4d110d", 
                        "time": 1626365192.063346, 
                        "process_name": "bunzip2", 
                        "pid": 1597, 
                        "arguments": {
                            "p2": "0x7ffe2082da20", 
                            "p3": "8", 
                            "p0": "SIGBUS", 
                            "p1": [
                                "0x55e9a7ad2ad0", 
                                "SA_RESTART|SA_RESTORER", 
                                "0x7fc69b4d1040", 
                                [
                                    "SIGBUS]"
                                ]
                            ]
                        }
                    }, 
                    {
                        "status": "ENOTTY", 
                        "raw": "Thu Jul 15 16:06:32 2021.063364 bunzip2@7fc69b5a79e8[1597] ioctl(0, 21505, 0x7ffe2082da20) = -25 (ENOTTY)\n", 
                        "api": "ioctl", 
                        "return_value": "-25", 
                        "instruction_pointer": "7fc69b5a79e8", 
                        "time": 1626365192.063364, 
                        "process_name": "bunzip2", 
                        "pid": 1597, 
                        "arguments": {
                            "p2": "0x7ffe2082da20", 
                            "p0": "0", 
                            "p1": "21505"
                        }
                    }, 
                    {
                        "status": "", 
                        "raw": "Thu Jul 15 16:06:32 2021.063406 bunzip2@7fc69b5a81f9[1597] brk(0x0) = 94462051868672\n", 
                        "api": "brk", 
                        "return_value": "94462051868672", 
                        "instruction_pointer": "7fc69b5a81f9", 
                        "time": 1626365192.063406, 
                        "process_name": "bunzip2", 
                        "pid": 1597, 
                        "arguments": {
                            "p0": "0x0"
                        }
                    }, 
                    {
                        "status": "", 
                        "raw": "Thu Jul 15 16:06:32 2021.063415 bunzip2@7fc69b5a81f9[1597] brk(0x55e9a90df000) = 94462052003840\n", 
                        "api": "brk", 
                        "return_value": "94462052003840", 
                        "instruction_pointer": "7fc69b5a81f9", 
                        "time": 1626365192.063415, 
                        "process_name": "bunzip2", 
                        "pid": 1597, 
                        "arguments": {
                            "p0": "0x55e9a90df000"
                        }
                    }, 
                    {
                        "status": "", 
                        "raw": "Thu Jul 15 16:06:32 2021.063434 bunzip2@7fc69b5a1893[1597] fstat(0, 0x7ffe2082b1b0) = 0\n", 
                        "api": "fstat", 
                        "return_value": "0", 
                        "instruction_pointer": "7fc69b5a1893", 
                        "time": 1626365192.063434, 
                        "process_name": "bunzip2", 
                        "pid": 1597, 
                        "arguments": {
                            "p0": "0", 
                            "p1": "0x7ffe2082b1b0"
                        }
                    }, 
                    {
                        "status": "", 
                        "raw": "Thu Jul 15 16:06:32 2021.063447 bunzip2@7fc69b5a2151[1597] read(0, 0x55e9a90cf100, 4096) = 0\n", 
                        "api": "read", 
                        "return_value": "0", 
                        "instruction_pointer": "7fc69b5a2151", 
                        "time": 1626365192.063447, 
                        "process_name": "bunzip2", 
                        "pid": 1597, 
                        "arguments": {
                            "p2": "4096", 
                            "p0": "0", 
                            "p1": "0x55e9a90cf100"
                        }
                    }, 
                    {
                        "status": "", 
                        "raw": "Thu Jul 15 16:06:32 2021.063457 bunzip2@7fc69b5a2151[1597] read(0, 0x55e9a90cf100, 4096) = 0\n", 
                        "api": "read", 
                        "return_value": "0", 
                        "instruction_pointer": "7fc69b5a2151", 
                        "time": 1626365192.063457, 
                        "process_name": "bunzip2", 
                        "pid": 1597, 
                        "arguments": {
                            "p2": "4096", 
                            "p0": "0", 
                            "p1": "0x55e9a90cf100"
                        }
                    }, 
                    {
                        "status": "", 
                        "raw": "Thu Jul 15 16:06:32 2021.063484 bunzip2@7fc69b5a2224[1597] write(2, \"\\nbunzip2: Compressed file ends unexpectedly;\"..., 99) = 99\n", 
                        "api": "write", 
                        "return_value": "99", 
                        "instruction_pointer": "7fc69b5a2224", 
                        "time": 1626365192.063484, 
                        "process_name": "bunzip2", 
                        "pid": 1597, 
                        "arguments": {
                            "p2": "99", 
                            "p0": "2", 
                            "p1": "\"\\nbunzip2: Compressed file ends unexpectedly;\"..."
                        }
                    }, 
                    {
                        "status": "", 
                        "raw": "Thu Jul 15 16:06:32 2021.063513 bunzip2@7fc69b5a2224[1597] write(2, \"bunzip2: Inappropriate ioctl for device\\n\", 40) = 40\n", 
                        "api": "write", 
                        "return_value": "40", 
                        "instruction_pointer": "7fc69b5a2224", 
                        "time": 1626365192.063513, 
                        "process_name": "bunzip2", 
                        "pid": 1597, 
                        "arguments": {
                            "p2": "40", 
                            "p0": "2", 
                            "p1": "bunzip2: Inappropriate ioctl for device\n"
                        }
                    }, 
                    {
                        "status": "", 
                        "raw": "Thu Jul 15 16:06:32 2021.063529 bunzip2@7fc69b5a2224[1597] write(2, \"\\tInput file = \\x28stdin\\x29\\x2c output file = \\x28stdout\\x29\\n\", 46) = 46\n", 
                        "api": "write", 
                        "return_value": "46", 
                        "instruction_pointer": "7fc69b5a2224", 
                        "time": 1626365192.063529, 
                        "process_name": "bunzip2", 
                        "pid": 1597, 
                        "arguments": {
                            "p2": "46", 
                            "p0": "2", 
                            "p1": "\tInput file = (stdin), output file = (stdout)\n"
                        }
                    }, 
                    {
                        "status": "", 
                        "raw": "Thu Jul 15 16:06:32 2021.063545 bunzip2@7fc69b5a2224[1597] write(2, \"\\nIt is possible that the compressed file\\x28s\\x29 \"..., 240) = 240\n", 
                        "api": "write", 
                        "return_value": "240", 
                        "instruction_pointer": "7fc69b5a2224", 
                        "time": 1626365192.063545, 
                        "process_name": "bunzip2", 
                        "pid": 1597, 
                        "arguments": {
                            "p2": "240", 
                            "p0": "2", 
                            "p1": "\"\\nIt is possible that the compressed file\\x28s\\x29 \"..."
                        }
                    }, 
                    {
                        "status": "", 
                        "raw": "Thu Jul 15 16:06:32 2021.063562 bunzip2@7fc69b576bd6[1597] exit_group(2)\n", 
                        "api": "exit_group", 
                        "return_value": "", 
                        "instruction_pointer": "7fc69b576bd6", 
                        "time": 1626365192.063562, 
                        "process_name": "bunzip2", 
                        "pid": 1597, 
                        "arguments": {
                            "p0": "2"
                        }
                    }
                ], 
                "pid": 1597, 
                "process_name": "bunzip2", 
                "command_line": "/tmp/bunzip2", 
                "first_seen": 1626365192.062444, 
                "ppid": 1596, 
                "type": "process"
            }
        ], 
        "processtree": [
            {
                "track": true, 
                "pid": 1597, 
                "process_name": "bunzip2", 
                "command_line": "/tmp/bunzip2", 
                "first_seen": 1626365192.062444, 
                "ppid": 1596, 
                "children": []
            }
        ]
    }, 
    "debug": {
        "action": [], 
        "dbgview": [], 
        "errors": [], 
        "log": [
            "2021-07-15 18:06:28,010 [root] DEBUG: Starting analyzer from: /tmpWQTsNF\n", 
            "2021-07-15 18:06:28,013 [root] DEBUG: Storing results at: /tmp/ssmaaRV\n", 
            "2021-07-15 18:06:28,015 [root] DEBUG: BIANCA DEBUG: \n", 
            "2021-07-15 18:06:28,018 [root] DEBUG: No analysis package specified, trying to detect it automagically.\n", 
            "2021-07-15 18:06:28,020 [root] INFO: Automatically selected analysis package \"generic\"\n", 
            "2021-07-15 18:06:28,074 [root] DEBUG: Bianca DEBUG[<class 'modules.auxiliary.stap.STAP'>]\n", 
            "2021-07-15 18:06:28,083 [modules.auxiliary.stap] WARNING: BIANCA DEBUG: IT GOT TO STAP INIT\n", 
            "2021-07-15 18:06:28,086 [modules.auxiliary.stap] WARNING: BIANCA DEBUG: STAP STARTEDDDDDDDDDDDD\n", 
            "2021-07-15 18:06:28,087 [modules.auxiliary.stap] WARNING: BIANCAAAA stap path: /root/.cuckoo/stap_.ko\n", 
            "2021-07-15 18:06:28,088 [modules.auxiliary.stap] WARNING: HELLO DARKNESS MY OLD FRIENDDD\n", 
            "2021-07-15 18:06:28,094 [modules.auxiliary.stap] WARNING: IT STARTED NOW NOW NOW\n", 
            "2021-07-15 18:06:32,058 [modules.auxiliary.stap] DEBUG: STAP aux module startup took 3.97 seconds\n", 
            "2021-07-15 18:06:32,058 [root] DEBUG: Started auxiliary module STAP\n", 
            "2021-07-15 18:06:32,060 [root] INFO: Added new process to list with pid: 1596\n", 
            "2021-07-15 18:06:33,062 [root] INFO: Process with pid 1596 has terminated\n", 
            "2021-07-15 18:06:33,063 [root] INFO: Process list is empty, terminating analysis.\n", 
            "2021-07-15 18:06:34,064 [modules.auxiliary.stap] DEBUG: stap subprocess retval None\n", 
            "2021-07-15 18:06:34,065 [modules.auxiliary.stap] DEBUG: BIANCA SEND FILE FROM STRAP: stap.log -> logs/all.stap\n", 
            "2021-07-15 18:06:34,069 [root] INFO: Analysis completed.\n"
        ], 
        "cuckoo": [
            "2021-07-15 18:06:28,578 [cuckoo.core.scheduler] INFO: Task #14: acquired machine cuc (label=cuc)\n", 
            "2021-07-15 18:06:28,578 [cuckoo.core.resultserver] DEBUG: Now tracking machine 192.168.56.101 for task #14\n", 
            "2021-07-15 18:06:28,579 [cuckoo.core.plugins] DEBUG: Started auxiliary module: Replay\n", 
            "2021-07-15 18:06:28,584 [cuckoo.auxiliary.sniffer] INFO: Started sniffer with PID 23074 (interface=vboxnet0, host=192.168.56.101)\n", 
            "2021-07-15 18:06:28,584 [cuckoo.core.plugins] DEBUG: Started auxiliary module: Sniffer\n", 
            "2021-07-15 18:06:28,691 [cuckoo.machinery.virtualbox] DEBUG: Starting vm cuc\n", 
            "2021-07-15 18:06:28,872 [cuckoo.machinery.virtualbox] DEBUG: Restoring virtual machine cuc to final_3\n", 
            "2021-07-15 18:06:35,334 [cuckoo.core.guest] INFO: Starting analysis #14 on guest (id=cuc, ip=192.168.56.101)\n", 
            "2021-07-15 18:06:36,338 [cuckoo.core.guest] DEBUG: cuc: not ready yet\n", 
            "2021-07-15 18:06:37,341 [cuckoo.core.guest] DEBUG: cuc: not ready yet\n", 
            "2021-07-15 18:06:38,345 [cuckoo.core.guest] DEBUG: cuc: not ready yet\n", 
            "2021-07-15 18:06:38,398 [cuckoo.core.guest] DEBUG: cuc: not ready yet\n", 
            "2021-07-15 18:06:39,406 [cuckoo.core.guest] INFO: Guest is running Cuckoo Agent 0.10 (id=cuc, ip=192.168.56.101)\n", 
            "2021-07-15 18:06:39,413 [cuckoo.core.guest] DEBUG: Uploading analyzer to guest (id=cuc, ip=192.168.56.101, monitor=latest, size=31337)\n", 
            "2021-07-15 18:06:39,583 [cuckoo.core.resultserver] DEBUG: Task #14: live log analysis.log initialized.\n", 
            "2021-07-15 18:06:44,579 [cuckoo.core.guest] DEBUG: cuc: analysis #14 still processing\n", 
            "2021-07-15 18:06:45,658 [cuckoo.core.resultserver] DEBUG: Task #14: File upload for 'logs/all.stap'\n", 
            "2021-07-15 18:06:45,660 [cuckoo.core.resultserver] DEBUG: Task #14 uploaded file length: 11732\n", 
            "2021-07-15 18:06:49,639 [cuckoo.core.guest] DEBUG: cuc: analysis #14 still processing\n", 
            "2021-07-15 18:06:54,670 [cuckoo.core.guest] DEBUG: cuc: analysis #14 still processing\n", 
            "2021-07-15 18:06:59,708 [cuckoo.core.guest] DEBUG: cuc: analysis #14 still processing\n", 
            "2021-07-15 18:07:04,737 [cuckoo.core.guest] DEBUG: cuc: analysis #14 still processing\n", 
            "2021-07-15 18:07:09,763 [cuckoo.core.guest] DEBUG: cuc: analysis #14 still processing\n", 
            "2021-07-15 18:07:14,790 [cuckoo.core.guest] DEBUG: cuc: analysis #14 still processing\n", 
            "2021-07-15 18:07:19,817 [cuckoo.core.guest] DEBUG: cuc: analysis #14 still processing\n", 
            "2021-07-15 18:07:24,845 [cuckoo.core.guest] DEBUG: cuc: analysis #14 still processing\n", 
            "2021-07-15 18:07:29,887 [cuckoo.core.guest] DEBUG: cuc: analysis #14 still processing\n", 
            "2021-07-15 18:07:34,917 [cuckoo.core.guest] DEBUG: cuc: analysis #14 still processing\n", 
            "2021-07-15 18:07:39,942 [cuckoo.core.guest] DEBUG: cuc: analysis #14 still processing\n", 
            "2021-07-15 18:07:44,969 [cuckoo.core.guest] DEBUG: cuc: analysis #14 still processing\n", 
            "2021-07-15 18:07:49,996 [cuckoo.core.guest] DEBUG: cuc: analysis #14 still processing\n", 
            "2021-07-15 18:07:55,022 [cuckoo.core.guest] DEBUG: cuc: analysis #14 still processing\n", 
            "2021-07-15 18:08:00,049 [cuckoo.core.guest] DEBUG: cuc: analysis #14 still processing\n", 
            "2021-07-15 18:08:05,252 [cuckoo.core.guest] DEBUG: cuc: analysis #14 still processing\n", 
            "2021-07-15 18:08:10,316 [cuckoo.core.guest] DEBUG: cuc: analysis #14 still processing\n", 
            "2021-07-15 18:08:15,351 [cuckoo.core.guest] DEBUG: cuc: analysis #14 still processing\n", 
            "2021-07-15 18:08:20,479 [cuckoo.core.guest] DEBUG: cuc: analysis #14 still processing\n", 
            "2021-07-15 18:08:25,521 [cuckoo.core.guest] DEBUG: cuc: analysis #14 still processing\n", 
            "2021-07-15 18:08:30,549 [cuckoo.core.guest] DEBUG: cuc: analysis #14 still processing\n", 
            "2021-07-15 18:08:35,583 [cuckoo.core.guest] DEBUG: cuc: analysis #14 still processing\n", 
            "2021-07-15 18:08:40,611 [cuckoo.core.guest] DEBUG: cuc: analysis #14 still processing\n", 
            "2021-07-15 18:08:45,671 [cuckoo.core.guest] DEBUG: cuc: analysis #14 still processing\n", 
            "2021-07-15 18:08:50,697 [cuckoo.core.guest] DEBUG: cuc: analysis #14 still processing\n", 
            "2021-07-15 18:08:55,743 [cuckoo.core.guest] DEBUG: cuc: analysis #14 still processing\n", 
            "2021-07-15 18:09:00,771 [cuckoo.core.guest] DEBUG: cuc: analysis #14 still processing\n", 
            "2021-07-15 18:09:05,798 [cuckoo.core.guest] DEBUG: cuc: analysis #1"
        ]
    }, 
    "strings": [
        "/lib64/ld-linux-x86-64.so.2", 
        "libbz2.so.1.0", 
        "_ITM_deregisterTMCloneTable", 
        "__gmon_start__", 
        "_ITM_registerTMCloneTable", 
        "BZ2_bzReadGetUnused", 
        "BZ2_bzlibVersion", 
        "BZ2_bzWriteClose64", 
        "BZ2_bzReadClose", 
        "BZ2_bzReadOpen", 
        "BZ2_bzWrite", 
        "BZ2_bzWriteOpen", 
        "BZ2_bzRead", 
        "libc.so.6", 
        "fflush", 
        "fchmod", 
        "strncmp", 
        "perror", 
        "signal", 
        "strncpy", 
        "__stack_chk_fail", 
        "rewind", 
        "isatty", 
        "strlen", 
        "ungetc", 
        "strstr", 
        "__errno_location", 
        "__fprintf_chk", 
        "fchown", 
        "stdout", 
        "memcpy", 
        "fclose", 
        "malloc", 
        "remove", 
        "__lxstat64", 
        "__xstat64", 
        "__ctype_b_loc", 
        "getenv", 
        "stderr", 
        "fileno", 
        "fwrite", 
        "fdopen", 
        "__cxa_finalize", 
        "fopen64", 
        "__strcat_chk", 
        "strcmp", 
        "strerror", 
        "__libc_start_main", 
        "ferror", 
        "_edata", 
        "__bss_start", 
        "progNameReally", 
        "verbosity", 
        "tmpName", 
        "workFactor", 
        "numFilesProcessed", 
        "smallMode", 
        "outputHandleJustInCase", 
        "numFileNames", 
        "longestFileName", 
        "srcMode", 
        "keepInputFiles", 
        "blockSize100k", 
        "exitValue", 
        "outName", 
        "_IO_stdin_used", 
        "testFailsExist", 
        "inName", 
        "unzFailsExist", 
        "forceOverwrite", 
        "deleteOutputOnInterrupt", 
        "opMode", 
        "progName", 
        "unzSuffix", 
        "GLIBC_2.3", 
        "GLIBC_2.14", 
        "GLIBC_2.4", 
        "GLIBC_2.2.5", 
        "GLIBC_2.3.4", 
        "AWAVAUATI", 
        "[]A\\A]A^A_", 
        "D$8dH3", 
        "AUATUSH", 
        "[]A\\A]A^A_", 
        "AUATUSH", 
        "[]A\\A]A^A_", 
        "AWAVAUATI", 
        "L9-IJ ", 
        "[]A\\A]A^A_", 
        "AVAUATUSH", 
        "[]A\\A]A^", 
        "AUATUSH", 
        "[]A\\A]", 
        "AWAVAUATI", 
        "[]A\\A]A^A_", 
        "[]A\\A]A^A_", 
        " no data compressed.", 
        "test:bzReadGetUnused", 
        "%s: %s: ", 
        "file ends unexpectedly", 
        "test:unexpected error", 
        "decompress:bzReadGetUnused", 
        "decompress:unexpected error", 
        "uncompress: bad modes", 
        "(stdin)", 
        "(stdout)", 
        "uncompress: bad srcMode", 
        "  %s: ", 
        "%s: %s is not a bzip2 file.", 
        "testf: bad modes", 
        "(none)", 
        "%s: Can't open input %s: %s.", 
        "testf: bad srcMode", 
        "%s: Bad flag `%s'", 
        "--stdout", 
        "--decompress", 
        "--compress", 
        "--force", 
        "--test", 
        "--keep", 
        "--small", 
        "--quiet", 
        "--version", 
        "--license", 
        "--exponential", 
        "--repetitive-best", 
        "--repetitive-fast", 
        "--fast", 
        "--best", 
        "--verbose", 
        "--help", 
        "bzip2: I'm not configured correctly for this platform!", 
        "I require Int32, Int16 and Char to have sizes", 
        "of 4, 2 and 1 bytes to run properly, and they don't.", 
        "Probably you can fix this by defining them correctly,", 
        "and recompiling.  Bye!", 
        "%s: Deleting output file %s, if it exists.", 
        "%s: WARNING: deletion of output file (apparently) failed.", 
        "%s: WARNING: deletion of output file suppressed", 
        "%s:    since input file no longer exists.  Output file", 
        "%s:    `%s' may be incomplete.", 
        "%s:    I suggest doing an integrity test (bzip2 -tv) of it.", 
        "%s: WARNING: some files have not been processed:", 
        "%s:    %d specified on command line, %d not processed yet.", 
        "%s: Control-C or similar caught, quitting.", 
        "bzip2, a block-sorting file compressor.  Version %s.", 
        "   Copyright (C) 1996-2010 by Julian Seward.", 
        "   This program is free software; you can redistribute it and/or modify", 
        "   it under the terms set out in the LICENSE file, which is included", 
        "   in the bzip2-1.0.6 source distribution.", 
        "   This program is distributed in the hope that it will be useful,", 
        "   but WITHOUT ANY WARRANTY; without even the implied warranty of", 
        "   MERCHANTABILITY or FITNESS FOR A PARTICULAR PURPOSE.  See the", 
        "   LICENSE file for more details.", 
        "bzip2, a block-sorting file compressor.  Version %s.", 
        "   usage: %s [flags and input files in any order]", 
        "   -h --help           print this message", 
        "   -d --decompress     force decompression", 
        "   -z --compress       force compression", 
        "   -k --keep           keep (don't delete) input files", 
        "   -f --force          overwrite existing output files", 
        "   -t --test           test compressed file integrity", 
        "   -c --stdout         output to standard out", 
        "   -q --quiet          suppress noncritical error messages", 
        "   -v --verbose        be verbose (a 2nd -v gives more)", 
        "   -L --license        display software version & license", 
        "   -V --version        display software version & license", 
        "   -s --small          use less memory (at most 2500k)", 
        "   -1 .. -9            set block size to 100k .. 900k", 
        "   --fast              alias for -1", 
        "   --best              alias for -9", 
        "   If invoked as `bzip2', default action is to compress.", 
        "              as `bunzip2',  default action is to decompress.", 
        "              as `bzcat', default action is to decompress to stdout.", 
        "   If no file names are given, bzip2 compresses or decompresses", 
        "   from standard input to standard output.  You can combine", 
        "   short flags, so `-v -4' means the same as -v4 or -4v, &c.", 
        "It is possible that the compressed file(s) have become corrupted.", 
        "You can use the -tvv option to test integrity of such files.", 
        "You can use the `bzip2recover' program to attempt to recover", 
        "data from undamaged sections of corrupted files.", 
        "Input file = %s, output file = %s", 
        "%s: Caught a SIGSEGV or SIGBUS whilst compressing.", 
        "   Possible causes are (most likely first):", 
        "   (1) This computer has unreliable memory or cache hardware", 
        "       (a surprisingly common problem; try a different machine.)", 
        "   (2) A bug in the compiler used to create this executable", 
        "       (unlikely, if you didn't compile bzip2 yourself.)", 
        "   (3) A real bug in bzip2 -- I hope this should never be the case.", 
        "   The user's manual, Section 4.3, has more info on (1) and (2).", 
        "   If you suspect this is a bug in bzip2, or are unsure about (1)", 
        "   or (2), feel free to report it to me at: jseward@bzip.org.", 
        "   Section 4.3 of the user's manual describes the info a useful", 
        "   bug report should have.  If the manual is available on your", 
        "   system, please try and read it before mailing me.  If you don't", 
        "   have the manual or can't be bothered to read it, mail me anyway.", 
        "%s: Caught a SIGSEGV or SIGBUS whilst decompressing.", 
        "   Possible causes are (most likely first):", 
        "   (1) The compressed data is corrupted, and bzip2's usual checks", 
        "       failed to detect this.  Try bzip2 -tvv my_file.bz2.", 
        "   (2) This computer has unreliable memory or cache hardware", 
        "       (a surprisingly common problem; try a different machine.)", 
        "   (3) A bug in the compiler used to create this executable", 
        "       (unlikely, if you didn't compile bzip2 yourself.)", 
        "   (4) A real bug in bzip2 -- I hope this should never be the case.", 
        "   The user's manual, Section 4.3, has more info on (2) and (3).", 
        "   If you suspect this is a bug in bzip2, or are unsure about (2)", 
        "   or (3), feel free to report it to me at: jseward@bzip.org.", 
        "   Section 4.3 of the user's manual describes the info a useful", 
        "   bug report should have.  If the manual is available on your", 
        "   system, please try and read it before mailing me.  If you don't", 
        "   have the manual or can't be bothered to read it, mail me anyway.", 
        "%s: couldn't allocate enough memory", 
        "%s: PANIC -- internal consistency error:", 
        "This is a BUG.  Please report it to me at:", 
        "jseward@bzip.org", 
        "%s: I/O or other error, bailing out.  Possible reason follows.", 
        "%6.3f:1, %6.3f bits/byte, %5.2f%% saved, %s in, %s out.", 
        "data integrity (CRC) error in data", 
        "bad magic number (file not created by bzip2)", 
        "trailing garbage after EOF ignored", 
        "%s: Data integrity error when decompressing.", 
        "%s: Compressed file ends unexpectedly;", 
        "perhaps it is corrupted?  *Possible* reason follows.", 
        "%s: %s: trailing garbage after EOF ignored", 
        "bzip2: file name", 
        "is suspiciously (more than %d chars) long.", 
        "Try using a reasonable file name instead.  Sorry! :-)", 
        "%s: Can't open input file %s: %s.", 
        "%s: Input file %s is a directory.", 
        "%s: Input file %s is not a normal file.", 
        "%s: Can't guess original name for %s -- using %s", 
        "%s: Output file %s already exists.", 
        "%s: Input file %s has %d other link%s.", 
        "%s: I won't read compressed data from a terminal.", 
        "%s: For help, type: `%s --help'.", 
        "%s: Can't open input file %s:%s.", 
        "%s: Can't create output file %s: %s.", 
        "%s: Input file %s already has %s suffix.", 
        "%s: I won't write compressed data to a terminal.", 
        "%s: %s is redundant in versions 0.9.5 and above", 
        "%s: -c and -t cannot be used together.", 
        "975b86e99e687e6fcddc2e4ba1ee571e337c03.debug", 
        ".shstrtab", 
        ".interp", 
        ".note.ABI-tag", 
        ".note.gnu.build-id", 
        ".gnu.hash", 
        ".dynsym", 
        ".dynstr", 
        ".gnu.version", 
        ".gnu.version_r", 
        ".rela.dyn", 
        ".rela.plt", 
        ".plt.got", 
        ".rodata", 
        ".eh_frame_hdr", 
        ".eh_frame", 
        ".init_array", 
        ".fini_array", 
        ".dynamic", 
        ".gnu_debuglink"
    ], 
    "metadata": {
        "output": {
            "pcap": {
                "basename": "dump.pcap", 
                "sha256": "eaa041e4fc80095ca79a6894371a2eeca0f5f5121f931eb36d0d962da936e218", 
                "dirname": ""
            }
        }
    }
}