{
    "info": {
        "added": 1626372894.815548, 
        "started": 1626372895.211671, 
        "duration": 200, 
        "ended": 1626373095.598428, 
        "owner": null, 
        "score": 0.0, 
        "id": 16, 
        "category": "file", 
        "git": {
            "head": "13cbe0d9e457be3673304533043e992ead1ea9b2", 
            "fetch_head": "13cbe0d9e457be3673304533043e992ead1ea9b2"
        }, 
        "monitor": "2deb9ccd75d5a7a3fe05b2625b03a8639d6ee36b", 
        "package": "", 
        "route": "none", 
        "custom": null, 
        "machine": {
            "status": "stopped", 
            "name": "cuc", 
            "label": "cuc", 
            "manager": "VirtualBox", 
            "started_on": "2021-07-15 18:14:55", 
            "shutdown_on": "2021-07-15 18:18:15"
        }, 
        "platform": null, 
        "version": "2.0.7", 
        "options": ""
    }, 
    "signatures": [], 
    "target": {
        "category": "file", 
        "file": {
            "yara": [
                {
                    "meta": {
                        "description": "Contains an embedded PE32 file", 
                        "author": "nex"
                    }, 
                    "name": "embedded_pe", 
                    "offsets": {
                        "b": [
                            [
                                21933, 
                                0
                            ], 
                            [
                                22121, 
                                0
                            ]
                        ]
                    }, 
                    "strings": [
                        "VGhpcyBwcm9ncmFt"
                    ]
                }
            ], 
            "sha1": "66c5986322092bbeb9fa50d5e3ca404fa4e847c1", 
            "name": "bzcat", 
            "type": "ELF 64-bit LSB shared object, x86-64, version 1 (SYSV), dynamically linked, interpreter /lib64/ld-linux-x86-64.so.2, for GNU/Linux 3.2.0, BuildID[sha1]=51975b86e99e687e6fcddc2e4ba1ee571e337c03, stripped", 
            "sha256": "d9393d0eca1de788628ad0961b74ec7a648709b24423371b208ae525f60bbdad", 
            "urls": [], 
            "crc32": "0FA4C39D", 
            "path": "/home/cuckoo/.cuckoo/storage/binaries/d9393d0eca1de788628ad0961b74ec7a648709b24423371b208ae525f60bbdad", 
            "ssdeep": null, 
            "size": 34888, 
            "sha512": "666c3a67a490be43f58d5da6a512a609036b7723abb4907eda845ef17a7bee12bd669eb5c738797dd368da4ecd3832e2895431c3fdd0d31d5cc4249043dbf35d", 
            "md5": "b398a691a3874b45f327c932cba91448"
        }
    }, 
    "network": {
        "tls": [], 
        "udp": [
            {
                "src": "192.168.56.101", 
                "dst": "224.0.0.251", 
                "offset": 448, 
                "time": 6.292312145233154, 
                "dport": 5353, 
                "sport": 5353
            }
        ], 
        "dns_servers": [
            "224.0.0.251"
        ], 
        "http": [], 
        "icmp": [], 
        "smtp": [], 
        "tcp": [], 
        "smtp_ex": [], 
        "mitm": [], 
        "hosts": [], 
        "pcap_sha256": "7fcf35288b3c997308d152b9838cb9897e1478c1dc8cec57ce390d69d734d6e2", 
        "dns": [
            {
                "type": "PTR", 
                "request": "_ipps._tcp.local", 
                "answers": []
            }
        ], 
        "http_ex": [], 
        "domains": [
            {
                "ip": "", 
                "domain": "_ipps._tcp.local"
            }
        ], 
        "dead_hosts": [], 
        "sorted_pcap_sha256": "f29682b3089f78ae6717cfb2a180f5327434e2122ad5298300fa69784486a683", 
        "irc": [], 
        "https_ex": []
    }, 
    "behavior": {
        "generic": [
            {
                "process_path": null, 
                "process_name": "bzcat", 
                "pid": 2064, 
                "summary": {}, 
                "first_seen": 1626365698.215332, 
                "ppid": 2063
            }
        ], 
        "processes": [
            {
                "calls": [
                    {
                        "status": "", 
                        "raw": "Thu Jul 15 16:14:58 2021.215332 bzcat@7fa00e1330a9[2064] execve(\"/tmp/bzcat\", [\"/tmp/bzcat\"], [\"LC_TIME=de_CH.UTF-8\", \"HOME=/root\", \"LC_MONETARY=de_CH.UTF-8\", \"LOGNAME=root\", \"PATH=/usr/bin:/bin\", \"LC_ADDRESS=de_CH.UTF-8\", \"LANG=en_US.UTF-8\", \"LC_TELEPHONE=de_CH.UTF-8\", \"LC_NAME=de_CH.UTF-8\", \"SHELL=/bin/sh\", \"LC_MEASUREMENT=de_CH.UTF-8\", \"LC_IDENTIFICATION=de_CH.UTF-8\", \"PWD=/tmpTtKvay\", \"LC_NUMERIC=de_CH.UTF-8\", \"LC_PAPER=de_CH.UTF-8\"])\n", 
                        "api": "execve", 
                        "return_value": "", 
                        "instruction_pointer": "7fa00e1330a9", 
                        "time": 1626365698.215332, 
                        "process_name": "bzcat", 
                        "pid": 2064, 
                        "arguments": {
                            "p2": [
                                "LC_TIME=de_CH.UTF-8", 
                                "HOME=/root", 
                                "LC_MONETARY=de_CH.UTF-8", 
                                "LOGNAME=root", 
                                "PATH=/usr/bin:/bin", 
                                "LC_ADDRESS=de_CH.UTF-8", 
                                "LANG=en_US.UTF-8", 
                                "LC_TELEPHONE=de_CH.UTF-8", 
                                "LC_NAME=de_CH.UTF-8", 
                                "SHELL=/bin/sh", 
                                "LC_MEASUREMENT=de_CH.UTF-8", 
                                "LC_IDENTIFICATION=de_CH.UTF-8", 
                                "PWD=/tmpTtKvay", 
                                "LC_NUMERIC=de_CH.UTF-8", 
                                "LC_PAPER=de_CH.UTF-8"
                            ], 
                            "p0": "/tmp/bzcat", 
                            "p1": [
                                "/tmp/bzcat"
                            ]
                        }
                    }, 
                    {
                        "status": "", 
                        "raw": "Thu Jul 15 16:14:58 2021.215472 bzcat@7fa00e1330a9[2064] brk(0x0) = 94882477584384\n", 
                        "api": "brk", 
                        "return_value": "94882477584384", 
                        "instruction_pointer": "7fa00e1330a9", 
                        "time": 1626365698.215472, 
                        "process_name": "bzcat", 
                        "pid": 2064, 
                        "arguments": {
                            "p0": "0x0"
                        }
                    }, 
                    {
                        "status": "ENOENT", 
                        "raw": "Thu Jul 15 16:14:58 2021.215508 bzcat@7fa00e12696e[2064] access(\"/etc/ld.so.nohwcap\", F_OK) = -2 (ENOENT)\n", 
                        "api": "access", 
                        "return_value": "-2", 
                        "instruction_pointer": "7fa00e12696e", 
                        "time": 1626365698.215508, 
                        "process_name": "bzcat", 
                        "pid": 2064, 
                        "arguments": {
                            "p0": "/etc/ld.so.nohwcap", 
                            "p1": "F_OK"
                        }
                    }, 
                    {
                        "status": "ENOENT", 
                        "raw": "Thu Jul 15 16:14:58 2021.215526 bzcat@7fa00e134007[2064] access(\"/etc/ld.so.preload\", R_OK) = -2 (ENOENT)\n", 
                        "api": "access", 
                        "return_value": "-2", 
                        "instruction_pointer": "7fa00e134007", 
                        "time": 1626365698.215526, 
                        "process_name": "bzcat", 
                        "pid": 2064, 
                        "arguments": {
                            "p0": "/etc/ld.so.preload", 
                            "p1": "R_OK"
                        }
                    }, 
                    {
                        "status": "", 
                        "raw": "Thu Jul 15 16:14:58 2021.215540 bzcat@7fa00e133ebd[2064] openat(AT_FDCWD, \"/etc/ld.so.cache\", O_RDONLY|O_CLOEXEC) = 6\n", 
                        "api": "openat", 
                        "return_value": "6", 
                        "instruction_pointer": "7fa00e133ebd", 
                        "time": 1626365698.21554, 
                        "process_name": "bzcat", 
                        "pid": 2064, 
                        "arguments": {
                            "p2": "O_RDONLY|O_CLOEXEC", 
                            "p0": "AT_FDCWD", 
                            "p1": "/etc/ld.so.cache"
                        }
                    }, 
                    {
                        "status": "", 
                        "raw": "Thu Jul 15 16:14:58 2021.215553 bzcat@7fa00e133e23[2064] fstat(6, 0x7fffe98b56f0) = 0\n", 
                        "api": "fstat", 
                        "return_value": "0", 
                        "instruction_pointer": "7fa00e133e23", 
                        "time": 1626365698.215553, 
                        "process_name": "bzcat", 
                        "pid": 2064, 
                        "arguments": {
                            "p0": "6", 
                            "p1": "0x7fffe98b56f0"
                        }
                    }, 
                    {
                        "status": "", 
                        "raw": "Thu Jul 15 16:14:58 2021.215565 bzcat@7fa00e134123[2064] mmap2(0x0, 85414, PROT_READ, MAP_PRIVATE, 6, 0) = 0x7fa00e32b000\n", 
                        "api": "mmap2", 
                        "return_value": "0x7fa00e32b000", 
                        "instruction_pointer": "7fa00e134123", 
                        "time": 1626365698.215565, 
                        "process_name": "bzcat", 
                        "pid": 2064, 
                        "arguments": {
                            "p2": "PROT_READ", 
                            "p3": "MAP_PRIVATE", 
                            "p0": "0x0", 
                            "p1": "85414", 
                            "p4": "6", 
                            "p5": "0"
                        }
                    }, 
                    {
                        "status": "", 
                        "raw": "Thu Jul 15 16:14:58 2021.215576 bzcat@7fa00e1340b7[2064] close(6) = 0\n", 
                        "api": "close", 
                        "return_value": "0", 
                        "instruction_pointer": "7fa00e1340b7", 
                        "time": 1626365698.215576, 
                        "process_name": "bzcat", 
                        "pid": 2064, 
                        "arguments": {
                            "p0": "6"
                        }
                    }, 
                    {
                        "status": "ENOENT", 
                        "raw": "Thu Jul 15 16:14:58 2021.215591 bzcat@7fa00e12f2d9[2064] access(\"/etc/ld.so.nohwcap\", F_OK) = -2 (ENOENT)\n", 
                        "api": "access", 
                        "return_value": "-2", 
                        "instruction_pointer": "7fa00e12f2d9", 
                        "time": 1626365698.215591, 
                        "process_name": "bzcat", 
                        "pid": 2064, 
                        "arguments": {
                            "p0": "/etc/ld.so.nohwcap", 
                            "p1": "F_OK"
                        }
                    }, 
                    {
                        "status": "", 
                        "raw": "Thu Jul 15 16:14:58 2021.215609 bzcat@7fa00e133ebd[2064] openat(AT_FDCWD, \"/lib/x86_64-linux-gnu/libbz2.so.1.0\", O_RDONLY|O_CLOEXEC) = 6\n", 
                        "api": "openat", 
                        "return_value": "6", 
                        "instruction_pointer": "7fa00e133ebd", 
                        "time": 1626365698.215609, 
                        "process_name": "bzcat", 
                        "pid": 2064, 
                        "arguments": {
                            "p2": "O_RDONLY|O_CLOEXEC", 
                            "p0": "AT_FDCWD", 
                            "p1": "/lib/x86_64-linux-gnu/libbz2.so.1.0"
                        }
                    }, 
                    {
                        "status": "", 
                        "raw": "Thu Jul 15 16:14:58 2021.215622 bzcat@7fa00e133f84[2064] read(6, 0x7fffe98b58b8, 832) = 832\n", 
                        "api": "read", 
                        "return_value": "832", 
                        "instruction_pointer": "7fa00e133f84", 
                        "time": 1626365698.215622, 
                        "process_name": "bzcat", 
                        "pid": 2064, 
                        "arguments": {
                            "p2": "832", 
                            "p0": "6", 
                            "p1": "0x7fffe98b58b8"
                        }
                    }, 
                    {
                        "status": "", 
                        "raw": "Thu Jul 15 16:14:58 2021.215633 bzcat@7fa00e133e23[2064] fstat(6, 0x7fffe98b5750) = 0\n", 
                        "api": "fstat", 
                        "return_value": "0", 
                        "instruction_pointer": "7fa00e133e23", 
                        "time": 1626365698.215633, 
                        "process_name": "bzcat", 
                        "pid": 2064, 
                        "arguments": {
                            "p0": "6", 
                            "p1": "0x7fffe98b5750"
                        }
                    }, 
                    {
                        "status": "", 
                        "raw": "Thu Jul 15 16:14:58 2021.215644 bzcat@7fa00e134123[2064] mmap2(0x0, 8192, PROT_READ|PROT_WRITE, MAP_PRIVATE|MAP_ANONYMOUS, -1, 0) = 0x7fa00e329000\n", 
                        "api": "mmap2", 
                        "return_value": "0x7fa00e329000", 
                        "instruction_pointer": "7fa00e134123", 
                        "time": 1626365698.215644, 
                        "process_name": "bzcat", 
                        "pid": 2064, 
                        "arguments": {
                            "p2": "PROT_READ|PROT_WRITE", 
                            "p3": "MAP_PRIVATE|MAP_ANONYMOUS", 
                            "p0": "0x0", 
                            "p1": "8192", 
                            "p4": "-1", 
                            "p5": "0"
                        }
                    }, 
                    {
                        "status": "", 
                        "raw": "Thu Jul 15 16:14:58 2021.215659 bzcat@7fa00e134123[2064] mmap2(0x0, 2161864, PROT_READ|PROT_EXEC, MAP_PRIVATE|MAP_DENYWRITE, 6, 0) = 0x7fa00df07000\n", 
                        "api": "mmap2", 
                        "return_value": "0x7fa00df07000", 
                        "instruction_pointer": "7fa00e134123", 
                        "time": 1626365698.215659, 
                        "process_name": "bzcat", 
                        "pid": 2064, 
                        "arguments": {
                            "p2": "PROT_READ|PROT_EXEC", 
                            "p3": "MAP_PRIVATE|MAP_DENYWRITE", 
                            "p0": "0x0", 
                            "p1": "2161864", 
                            "p4": "6", 
                            "p5": "0"
                        }
                    }, 
                    {
                        "status": "", 
                        "raw": "Thu Jul 15 16:14:58 2021.215692 bzcat@7fa00e1341d7[2064] mprotect(0x7fa00df16000, 2093056, PROT_NONE) = 0\n", 
                        "api": "mprotect", 
                        "return_value": "0", 
                        "instruction_pointer": "7fa00e1341d7", 
                        "time": 1626365698.215692, 
                        "process_name": "bzcat", 
                        "pid": 2064, 
                        "arguments": {
                            "p2": "PROT_NONE", 
                            "p0": "0x7fa00df16000", 
                            "p1": "2093056"
                        }
                    }, 
                    {
                        "status": "", 
                        "raw": "Thu Jul 15 16:14:58 2021.215707 bzcat@7fa00e134123[2064] mmap2(0x7fa00e115000, 8192, PROT_READ|PROT_WRITE, MAP_PRIVATE|MAP_FIXED|MAP_DENYWRITE, 6, 57344) = 0x7fa00e115000\n", 
                        "api": "mmap2", 
                        "return_value": "0x7fa00e115000", 
                        "instruction_pointer": "7fa00e134123", 
                        "time": 1626365698.215707, 
                        "process_name": "bzcat", 
                        "pid": 2064, 
                        "arguments": {
                            "p2": "PROT_READ|PROT_WRITE", 
                            "p3": "MAP_PRIVATE|MAP_FIXED|MAP_DENYWRITE", 
                            "p0": "0x7fa00e115000", 
                            "p1": "8192", 
                            "p4": "6", 
                            "p5": "57344"
                        }
                    }, 
                    {
                        "status": "", 
                        "raw": "Thu Jul 15 16:14:58 2021.215751 bzcat@7fa00e1340b7[2064] close(6) = 0\n", 
                        "api": "close", 
                        "return_value": "0", 
                        "instruction_pointer": "7fa00e1340b7", 
                        "time": 1626365698.215751, 
                        "process_name": "bzcat", 
                        "pid": 2064, 
                        "arguments": {
                            "p0": "6"
                        }
                    }, 
                    {
                        "status": "ENOENT", 
                        "raw": "Thu Jul 15 16:14:58 2021.215768 bzcat@7fa00e12f2d9[2064] access(\"/etc/ld.so.nohwcap\", F_OK) = -2 (ENOENT)\n", 
                        "api": "access", 
                        "return_value": "-2", 
                        "instruction_pointer": "7fa00e12f2d9", 
                        "time": 1626365698.215768, 
                        "process_name": "bzcat", 
                        "pid": 2064, 
                        "arguments": {
                            "p0": "/etc/ld.so.nohwcap", 
                            "p1": "F_OK"
                        }
                    }, 
                    {
                        "status": "", 
                        "raw": "Thu Jul 15 16:14:58 2021.215784 bzcat@7fa00e133ebd[2064] openat(AT_FDCWD, \"/lib/x86_64-linux-gnu/libc.so.6\", O_RDONLY|O_CLOEXEC) = 6\n", 
                        "api": "openat", 
                        "return_value": "6", 
                        "instruction_pointer": "7fa00e133ebd", 
                        "time": 1626365698.215784, 
                        "process_name": "bzcat", 
                        "pid": 2064, 
                        "arguments": {
                            "p2": "O_RDONLY|O_CLOEXEC", 
                            "p0": "AT_FDCWD", 
                            "p1": "/lib/x86_64-linux-gnu/libc.so.6"
                        }
                    }, 
                    {
                        "status": "", 
                        "raw": "Thu Jul 15 16:14:58 2021.215797 bzcat@7fa00e133f84[2064] read(6, 0x7fffe98b5888, 832) = 832\n", 
                        "api": "read", 
                        "return_value": "832", 
                        "instruction_pointer": "7fa00e133f84", 
                        "time": 1626365698.215797, 
                        "process_name": "bzcat", 
                        "pid": 2064, 
                        "arguments": {
                            "p2": "832", 
                            "p0": "6", 
                            "p1": "0x7fffe98b5888"
                        }
                    }, 
                    {
                        "status": "", 
                        "raw": "Thu Jul 15 16:14:58 2021.215808 bzcat@7fa00e133e23[2064] fstat(6, 0x7fffe98b5720) = 0\n", 
                        "api": "fstat", 
                        "return_value": "0", 
                        "instruction_pointer": "7fa00e133e23", 
                        "time": 1626365698.215808, 
                        "process_name": "bzcat", 
                        "pid": 2064, 
                        "arguments": {
                            "p0": "6", 
                            "p1": "0x7fffe98b5720"
                        }
                    }, 
                    {
                        "status": "", 
                        "raw": "Thu Jul 15 16:14:58 2021.215819 bzcat@7fa00e134123[2064] mmap2(0x0, 4131552, PROT_READ|PROT_EXEC, MAP_PRIVATE|MAP_DENYWRITE, 6, 0) = 0x7fa00db16000\n", 
                        "api": "mmap2", 
                        "return_value": "0x7fa00db16000", 
                        "instruction_pointer": "7fa00e134123", 
                        "time": 1626365698.215819, 
                        "process_name": "bzcat", 
                        "pid": 2064, 
                        "arguments": {
                            "p2": "PROT_READ|PROT_EXEC", 
                            "p3": "MAP_PRIVATE|MAP_DENYWRITE", 
                            "p0": "0x0", 
                            "p1": "4131552", 
                            "p4": "6", 
                            "p5": "0"
                        }
                    }, 
                    {
                        "status": "", 
                        "raw": "Thu Jul 15 16:14:58 2021.215832 bzcat@7fa00e1341d7[2064] mprotect(0x7fa00dcfd000, 2097152, PROT_NONE) = 0\n", 
                        "api": "mprotect", 
                        "return_value": "0", 
                        "instruction_pointer": "7fa00e1341d7", 
                        "time": 1626365698.215832, 
                        "process_name": "bzcat", 
                        "pid": 2064, 
                        "arguments": {
                            "p2": "PROT_NONE", 
                            "p0": "0x7fa00dcfd000", 
                            "p1": "2097152"
                        }
                    }, 
                    {
                        "status": "", 
                        "raw": "Thu Jul 15 16:14:58 2021.215847 bzcat@7fa00e134123[2064] mmap2(0x7fa00defd000, 24576, PROT_READ|PROT_WRITE, MAP_PRIVATE|MAP_FIXED|MAP_DENYWRITE, 6, 1994752) = 0x7fa00defd000\n", 
                        "api": "mmap2", 
                        "return_value": "0x7fa00defd000", 
                        "instruction_pointer": "7fa00e134123", 
                        "time": 1626365698.215847, 
                        "process_name": "bzcat", 
                        "pid": 2064, 
                        "arguments": {
                            "p2": "PROT_READ|PROT_WRITE", 
                            "p3": "MAP_PRIVATE|MAP_FIXED|MAP_DENYWRITE", 
                            "p0": "0x7fa00defd000", 
                            "p1": "24576", 
                            "p4": "6", 
                            "p5": "1994752"
                        }
                    }, 
                    {
                        "status": "", 
                        "raw": "Thu Jul 15 16:14:58 2021.215869 bzcat@7fa00e134123[2064] mmap2(0x7fa00df03000, 15072, PROT_READ|PROT_WRITE, MAP_PRIVATE|MAP_FIXED|MAP_ANONYMOUS, -1, 0) = 0x7fa00df03000\n", 
                        "api": "mmap2", 
                        "return_value": "0x7fa00df03000", 
                        "instruction_pointer": "7fa00e134123", 
                        "time": 1626365698.215869, 
                        "process_name": "bzcat", 
                        "pid": 2064, 
                        "arguments": {
                            "p2": "PROT_READ|PROT_WRITE", 
                            "p3": "MAP_PRIVATE|MAP_FIXED|MAP_ANONYMOUS", 
                            "p0": "0x7fa00df03000", 
                            "p1": "15072", 
                            "p4": "-1", 
                            "p5": "0"
                        }
                    }, 
                    {
                        "status": "", 
                        "raw": "Thu Jul 15 16:14:58 2021.215891 bzcat@7fa00e1340b7[2064] close(6) = 0\n", 
                        "api": "close", 
                        "return_value": "0", 
                        "instruction_pointer": "7fa00e1340b7", 
                        "time": 1626365698.215891, 
                        "process_name": "bzcat", 
                        "pid": 2064, 
                        "arguments": {
                            "p0": "6"
                        }
                    }, 
                    {
                        "status": "", 
                        "raw": "Thu Jul 15 16:14:58 2021.215912 bzcat@7fa00e134123[2064] mmap2(0x0, 12288, PROT_READ|PROT_WRITE, MAP_PRIVATE|MAP_ANONYMOUS, -1, 0) = 0x7fa00e326000\n", 
                        "api": "mmap2", 
                        "return_value": "0x7fa00e326000", 
                        "instruction_pointer": "7fa00e134123", 
                        "time": 1626365698.215912, 
                        "process_name": "bzcat", 
                        "pid": 2064, 
                        "arguments": {
                            "p2": "PROT_READ|PROT_WRITE", 
                            "p3": "MAP_PRIVATE|MAP_ANONYMOUS", 
                            "p0": "0x0", 
                            "p1": "12288", 
                            "p4": "-1", 
                            "p5": "0"
                        }
                    }, 
                    {
                        "status": "", 
                        "raw": "Thu Jul 15 16:14:58 2021.215929 bzcat@7fa00e118024[2064] arch_prctl(ARCH_SET_FS, 140325409679168) = 0\n", 
                        "api": "arch_prctl", 
                        "return_value": "0", 
                        "instruction_pointer": "7fa00e118024", 
                        "time": 1626365698.215929, 
                        "process_name": "bzcat", 
                        "pid": 2064, 
                        "arguments": {
                            "p0": "ARCH_SET_FS", 
                            "p1": "140325409679168"
                        }
                    }, 
                    {
                        "status": "", 
                        "raw": "Thu Jul 15 16:14:58 2021.215985 bzcat@7fa00e1341d7[2064] mprotect(0x7fa00defd000, 16384, PROT_READ) = 0\n", 
                        "api": "mprotect", 
                        "return_value": "0", 
                        "instruction_pointer": "7fa00e1341d7", 
                        "time": 1626365698.215985, 
                        "process_name": "bzcat", 
                        "pid": 2064, 
                        "arguments": {
                            "p2": "PROT_READ", 
                            "p0": "0x7fa00defd000", 
                            "p1": "16384"
                        }
                    }, 
                    {
                        "status": "", 
                        "raw": "Thu Jul 15 16:14:58 2021.216004 bzcat@7fa00e1341d7[2064] mprotect(0x7fa00e115000, 4096, PROT_READ) = 0\n", 
                        "api": "mprotect", 
                        "return_value": "0", 
                        "instruction_pointer": "7fa00e1341d7", 
                        "time": 1626365698.216004, 
                        "process_name": "bzcat", 
                        "pid": 2064, 
                        "arguments": {
                            "p2": "PROT_READ", 
                            "p0": "0x7fa00e115000", 
                            "p1": "4096"
                        }
                    }, 
                    {
                        "status": "", 
                        "raw": "Thu Jul 15 16:14:58 2021.216030 bzcat@7fa00e1341d7[2064] mprotect(0x564b8ade4000, 4096, PROT_READ) = 0\n", 
                        "api": "mprotect", 
                        "return_value": "0", 
                        "instruction_pointer": "7fa00e1341d7", 
                        "time": 1626365698.21603, 
                        "process_name": "bzcat", 
                        "pid": 2064, 
                        "arguments": {
                            "p2": "PROT_READ", 
                            "p0": "0x564b8ade4000", 
                            "p1": "4096"
                        }
                    }, 
                    {
                        "status": "", 
                        "raw": "Thu Jul 15 16:14:58 2021.216046 bzcat@7fa00e1341d7[2064] mprotect(0x7fa00e340000, 4096, PROT_READ) = 0\n", 
                        "api": "mprotect", 
                        "return_value": "0", 
                        "instruction_pointer": "7fa00e1341d7", 
                        "time": 1626365698.216046, 
                        "process_name": "bzcat", 
                        "pid": 2064, 
                        "arguments": {
                            "p2": "PROT_READ", 
                            "p0": "0x7fa00e340000", 
                            "p1": "4096"
                        }
                    }, 
                    {
                        "status": "", 
                        "raw": "Thu Jul 15 16:14:58 2021.216061 bzcat@7fa00e1341b7[2064] munmap(0x7fa00e32b000, 85414) = 0\n", 
                        "api": "munmap", 
                        "return_value": "0", 
                        "instruction_pointer": "7fa00e1341b7", 
                        "time": 1626365698.216061, 
                        "process_name": "bzcat", 
                        "pid": 2064, 
                        "arguments": {
                            "p0": "0x7fa00e32b000", 
                            "p1": "85414"
                        }
                    }, 
                    {
                        "status": "", 
                        "raw": "Thu Jul 15 16:14:58 2021.216125 bzcat@7fa00db5510d[2064] rt_sigaction(SIGSEGV, {0x564b8abdfad0, SA_RESTART|SA_RESTORER, 0x7fa00db55040, [SIGSEGV]}, 0x7fffe98b5ea0, 8) = 0\n", 
                        "api": "rt_sigaction", 
                        "return_value": "0", 
                        "instruction_pointer": "7fa00db5510d", 
                        "time": 1626365698.216125, 
                        "process_name": "bzcat", 
                        "pid": 2064, 
                        "arguments": {
                            "p2": "0x7fffe98b5ea0", 
                            "p3": "8", 
                            "p0": "SIGSEGV", 
                            "p1": [
                                "0x564b8abdfad0", 
                                "SA_RESTART|SA_RESTORER", 
                                "0x7fa00db55040", 
                                [
                                    "SIGSEGV]"
                                ]
                            ]
                        }
                    }, 
                    {
                        "status": "", 
                        "raw": "Thu Jul 15 16:14:58 2021.216142 bzcat@7fa00db5510d[2064] rt_sigaction(SIGBUS, {0x564b8abdfad0, SA_RESTART|SA_RESTORER, 0x7fa00db55040, [SIGBUS]}, 0x7fffe98b5ea0, 8) = 0\n", 
                        "api": "rt_sigaction", 
                        "return_value": "0", 
                        "instruction_pointer": "7fa00db5510d", 
                        "time": 1626365698.216142, 
                        "process_name": "bzcat", 
                        "pid": 2064, 
                        "arguments": {
                            "p2": "0x7fffe98b5ea0", 
                            "p3": "8", 
                            "p0": "SIGBUS", 
                            "p1": [
                                "0x564b8abdfad0", 
                                "SA_RESTART|SA_RESTORER", 
                                "0x7fa00db55040", 
                                [
                                    "SIGBUS]"
                                ]
                            ]
                        }
                    }, 
                    {
                        "status": "ENOTTY", 
                        "raw": "Thu Jul 15 16:14:58 2021.216170 bzcat@7fa00dc2b9e8[2064] ioctl(0, 21505, 0x7fffe98b5ea0) = -25 (ENOTTY)\n", 
                        "api": "ioctl", 
                        "return_value": "-25", 
                        "instruction_pointer": "7fa00dc2b9e8", 
                        "time": 1626365698.21617, 
                        "process_name": "bzcat", 
                        "pid": 2064, 
                        "arguments": {
                            "p2": "0x7fffe98b5ea0", 
                            "p0": "0", 
                            "p1": "21505"
                        }
                    }, 
                    {
                        "status": "", 
                        "raw": "Thu Jul 15 16:14:58 2021.216220 bzcat@7fa00dc2c1f9[2064] brk(0x0) = 94882477584384\n", 
                        "api": "brk", 
                        "return_value": "94882477584384", 
                        "instruction_pointer": "7fa00dc2c1f9", 
                        "time": 1626365698.21622, 
                        "process_name": "bzcat", 
                        "pid": 2064, 
                        "arguments": {
                            "p0": "0x0"
                        }
                    }, 
                    {
                        "status": "", 
                        "raw": "Thu Jul 15 16:14:58 2021.216229 bzcat@7fa00dc2c1f9[2064] brk(0x564b8c614000) = 94882477719552\n", 
                        "api": "brk", 
                        "return_value": "94882477719552", 
                        "instruction_pointer": "7fa00dc2c1f9", 
                        "time": 1626365698.216229, 
                        "process_name": "bzcat", 
                        "pid": 2064, 
                        "arguments": {
                            "p0": "0x564b8c614000"
                        }
                    }, 
                    {
                        "status": "", 
                        "raw": "Thu Jul 15 16:14:58 2021.216249 bzcat@7fa00dc25893[2064] fstat(0, 0x7fffe98b3630) = 0\n", 
                        "api": "fstat", 
                        "return_value": "0", 
                        "instruction_pointer": "7fa00dc25893", 
                        "time": 1626365698.216249, 
                        "process_name": "bzcat", 
                        "pid": 2064, 
                        "arguments": {
                            "p0": "0", 
                            "p1": "0x7fffe98b3630"
                        }
                    }, 
                    {
                        "status": "", 
                        "raw": "Thu Jul 15 16:14:58 2021.216262 bzcat@7fa00dc26151[2064] read(0, 0x564b8c604100, 4096) = 0\n", 
                        "api": "read", 
                        "return_value": "0", 
                        "instruction_pointer": "7fa00dc26151", 
                        "time": 1626365698.216262, 
                        "process_name": "bzcat", 
                        "pid": 2064, 
                        "arguments": {
                            "p2": "4096", 
                            "p0": "0", 
                            "p1": "0x564b8c604100"
                        }
                    }, 
                    {
                        "status": "", 
                        "raw": "Thu Jul 15 16:14:58 2021.216273 bzcat@7fa00dc26151[2064] read(0, 0x564b8c604100, 4096) = 0\n", 
                        "api": "read", 
                        "return_value": "0", 
                        "instruction_pointer": "7fa00dc26151", 
                        "time": 1626365698.216273, 
                        "process_name": "bzcat", 
                        "pid": 2064, 
                        "arguments": {
                            "p2": "4096", 
                            "p0": "0", 
                            "p1": "0x564b8c604100"
                        }
                    }, 
                    {
                        "status": "", 
                        "raw": "Thu Jul 15 16:14:58 2021.216297 bzcat@7fa00dc26224[2064] write(2, \"\\nbzcat: Compressed file ends unexpectedly;\\n\"..., 97) = 97\n", 
                        "api": "write", 
                        "return_value": "97", 
                        "instruction_pointer": "7fa00dc26224", 
                        "time": 1626365698.216297, 
                        "process_name": "bzcat", 
                        "pid": 2064, 
                        "arguments": {
                            "p2": "97", 
                            "p0": "2", 
                            "p1": "\"\\nbzcat: Compressed file ends unexpectedly;\\n\"..."
                        }
                    }, 
                    {
                        "status": "", 
                        "raw": "Thu Jul 15 16:14:58 2021.216328 bzcat@7fa00dc26224[2064] write(2, \"bzcat: Inappropriate ioctl for device\\n\", 38) = 38\n", 
                        "api": "write", 
                        "return_value": "38", 
                        "instruction_pointer": "7fa00dc26224", 
                        "time": 1626365698.216328, 
                        "process_name": "bzcat", 
                        "pid": 2064, 
                        "arguments": {
                            "p2": "38", 
                            "p0": "2", 
                            "p1": "bzcat: Inappropriate ioctl for device\n"
                        }
                    }, 
                    {
                        "status": "", 
                        "raw": "Thu Jul 15 16:14:58 2021.216346 bzcat@7fa00dc26224[2064] write(2, \"\\tInput file = \\x28stdin\\x29\\x2c output file = \\x28stdout\\x29\\n\", 46) = 46\n", 
                        "api": "write", 
                        "return_value": "46", 
                        "instruction_pointer": "7fa00dc26224", 
                        "time": 1626365698.216346, 
                        "process_name": "bzcat", 
                        "pid": 2064, 
                        "arguments": {
                            "p2": "46", 
                            "p0": "2", 
                            "p1": "\tInput file = (stdin), output file = (stdout)\n"
                        }
                    }, 
                    {
                        "status": "", 
                        "raw": "Thu Jul 15 16:14:58 2021.216363 bzcat@7fa00dc26224[2064] write(2, \"\\nIt is possible that the compressed file\\x28s\\x29 \"..., 240) = 240\n", 
                        "api": "write", 
                        "return_value": "240", 
                        "instruction_pointer": "7fa00dc26224", 
                        "time": 1626365698.216363, 
                        "process_name": "bzcat", 
                        "pid": 2064, 
                        "arguments": {
                            "p2": "240", 
                            "p0": "2", 
                            "p1": "\"\\nIt is possible that the compressed file\\x28s\\x29 \"..."
                        }
                    }, 
                    {
                        "status": "", 
                        "raw": "Thu Jul 15 16:14:58 2021.216380 bzcat@7fa00dbfabd6[2064] exit_group(2)\n", 
                        "api": "exit_group", 
                        "return_value": "", 
                        "instruction_pointer": "7fa00dbfabd6", 
                        "time": 1626365698.21638, 
                        "process_name": "bzcat", 
                        "pid": 2064, 
                        "arguments": {
                            "p0": "2"
                        }
                    }
                ], 
                "pid": 2064, 
                "process_name": "bzcat", 
                "command_line": "/tmp/bzcat", 
                "first_seen": 1626365698.215332, 
                "ppid": 2063, 
                "type": "process"
            }
        ], 
        "processtree": [
            {
                "track": true, 
                "pid": 2064, 
                "process_name": "bzcat", 
                "command_line": "/tmp/bzcat", 
                "first_seen": 1626365698.215332, 
                "ppid": 2063, 
                "children": []
            }
        ]
    }, 
    "debug": {
        "action": [], 
        "dbgview": [], 
        "errors": [], 
        "log": [
            "2021-07-15 18:14:54,012 [root] DEBUG: Starting analyzer from: /tmpTtKvay\n", 
            "2021-07-15 18:14:54,013 [root] DEBUG: Storing results at: /tmp/whLJwOqTM\n", 
            "2021-07-15 18:14:54,013 [root] DEBUG: BIANCA DEBUG: \n", 
            "2021-07-15 18:14:54,013 [root] DEBUG: No analysis package specified, trying to detect it automagically.\n", 
            "2021-07-15 18:14:54,013 [root] INFO: Automatically selected analysis package \"generic\"\n", 
            "2021-07-15 18:14:54,072 [root] DEBUG: Bianca DEBUG[<class 'modules.auxiliary.stap.STAP'>]\n", 
            "2021-07-15 18:14:54,073 [modules.auxiliary.stap] WARNING: BIANCA DEBUG: IT GOT TO STAP INIT\n", 
            "2021-07-15 18:14:54,073 [modules.auxiliary.stap] WARNING: BIANCA DEBUG: STAP STARTEDDDDDDDDDDDD\n", 
            "2021-07-15 18:14:54,079 [modules.auxiliary.stap] WARNING: BIANCAAAA stap path: /root/.cuckoo/stap_.ko\n", 
            "2021-07-15 18:14:54,079 [modules.auxiliary.stap] WARNING: HELLO DARKNESS MY OLD FRIENDDD\n", 
            "2021-07-15 18:14:54,087 [modules.auxiliary.stap] WARNING: IT STARTED NOW NOW NOW\n", 
            "2021-07-15 18:14:58,209 [modules.auxiliary.stap] DEBUG: STAP aux module startup took 4.13 seconds\n", 
            "2021-07-15 18:14:58,210 [root] DEBUG: Started auxiliary module STAP\n", 
            "2021-07-15 18:14:58,212 [root] INFO: Added new process to list with pid: 2063\n", 
            "2021-07-15 18:14:59,216 [root] INFO: Process with pid 2063 has terminated\n", 
            "2021-07-15 18:14:59,216 [root] INFO: Process list is empty, terminating analysis.\n", 
            "2021-07-15 18:15:00,217 [modules.auxiliary.stap] DEBUG: stap subprocess retval None\n", 
            "2021-07-15 18:15:00,218 [modules.auxiliary.stap] DEBUG: BIANCA SEND FILE FROM STRAP: stap.log -> logs/all.stap\n", 
            "2021-07-15 18:15:00,221 [root] INFO: Analysis completed.\n"
        ], 
        "cuckoo": [
            "2021-07-15 18:14:55,429 [cuckoo.core.scheduler] INFO: Task #16: acquired machine cuc (label=cuc)\n", 
            "2021-07-15 18:14:55,429 [cuckoo.core.resultserver] DEBUG: Now tracking machine 192.168.56.101 for task #16\n", 
            "2021-07-15 18:14:55,429 [cuckoo.core.plugins] DEBUG: Started auxiliary module: Replay\n", 
            "2021-07-15 18:14:55,435 [cuckoo.auxiliary.sniffer] INFO: Started sniffer with PID 23692 (interface=vboxnet0, host=192.168.56.101)\n", 
            "2021-07-15 18:14:55,435 [cuckoo.core.plugins] DEBUG: Started auxiliary module: Sniffer\n", 
            "2021-07-15 18:14:55,552 [cuckoo.machinery.virtualbox] DEBUG: Starting vm cuc\n", 
            "2021-07-15 18:14:55,745 [cuckoo.machinery.virtualbox] DEBUG: Restoring virtual machine cuc to final_3\n", 
            "2021-07-15 18:15:02,530 [cuckoo.core.guest] INFO: Starting analysis #16 on guest (id=cuc, ip=192.168.56.101)\n", 
            "2021-07-15 18:15:03,533 [cuckoo.core.guest] DEBUG: cuc: not ready yet\n", 
            "2021-07-15 18:15:04,537 [cuckoo.core.guest] DEBUG: cuc: not ready yet\n", 
            "2021-07-15 18:15:05,540 [cuckoo.core.guest] DEBUG: cuc: not ready yet\n", 
            "2021-07-15 18:15:06,543 [cuckoo.core.guest] DEBUG: cuc: not ready yet\n", 
            "2021-07-15 18:15:07,546 [cuckoo.core.guest] DEBUG: cuc: not ready yet\n", 
            "2021-07-15 18:15:08,550 [cuckoo.core.guest] DEBUG: cuc: not ready yet\n", 
            "2021-07-15 18:15:09,553 [cuckoo.core.guest] DEBUG: cuc: not ready yet\n", 
            "2021-07-15 18:15:10,556 [cuckoo.core.guest] DEBUG: cuc: not ready yet\n", 
            "2021-07-15 18:15:11,560 [cuckoo.core.guest] DEBUG: cuc: not ready yet\n", 
            "2021-07-15 18:15:12,563 [cuckoo.core.guest] DEBUG: cuc: not ready yet\n", 
            "2021-07-15 18:15:13,568 [cuckoo.core.guest] DEBUG: cuc: not ready yet\n", 
            "2021-07-15 18:15:13,603 [cuckoo.core.guest] INFO: Guest is running Cuckoo Agent 0.10 (id=cuc, ip=192.168.56.101)\n", 
            "2021-07-15 18:15:13,609 [cuckoo.core.guest] DEBUG: Uploading analyzer to guest (id=cuc, ip=192.168.56.101, monitor=latest, size=31337)\n", 
            "2021-07-15 18:15:13,802 [cuckoo.core.resultserver] DEBUG: Task #16: live log analysis.log initialized.\n", 
            "2021-07-15 18:15:18,798 [cuckoo.core.guest] DEBUG: cuc: analysis #16 still processing\n", 
            "2021-07-15 18:15:20,031 [cuckoo.core.resultserver] DEBUG: Task #16: File upload for 'logs/all.stap'\n", 
            "2021-07-15 18:15:20,034 [cuckoo.core.resultserver] DEBUG: Task #16 uploaded file length: 11697\n", 
            "2021-07-15 18:15:23,831 [cuckoo.core.guest] DEBUG: cuc: analysis #16 still processing\n", 
            "2021-07-15 18:15:28,860 [cuckoo.core.guest] DEBUG: cuc: analysis #16 still processing\n", 
            "2021-07-15 18:15:33,889 [cuckoo.core.guest] DEBUG: cuc: analysis #16 still processing\n", 
            "2021-07-15 18:15:38,920 [cuckoo.core.guest] DEBUG: cuc: analysis #16 still processing\n", 
            "2021-07-15 18:15:43,957 [cuckoo.core.guest] DEBUG: cuc: analysis #16 still processing\n", 
            "2021-07-15 18:15:48,992 [cuckoo.core.guest] DEBUG: cuc: analysis #16 still processing\n", 
            "2021-07-15 18:15:54,021 [cuckoo.core.guest] DEBUG: cuc: analysis #16 still processing\n", 
            "2021-07-15 18:15:59,047 [cuckoo.core.guest] DEBUG: cuc: analysis #16 still processing\n", 
            "2021-07-15 18:16:04,076 [cuckoo.core.guest] DEBUG: cuc: analysis #16 still processing\n", 
            "2021-07-15 18:16:09,102 [cuckoo.core.guest] DEBUG: cuc: analysis #16 still processing\n", 
            "2021-07-15 18:16:14,127 [cuckoo.core.guest] DEBUG: cuc: analysis #16 still processing\n", 
            "2021-07-15 18:16:19,154 [cuckoo.core.guest] DEBUG: cuc: analysis #16 still processing\n", 
            "2021-07-15 18:16:24,181 [cuckoo.core.guest] DEBUG: cuc: analysis #16 still processing\n", 
            "2021-07-15 18:16:29,209 [cuckoo.core.guest] DEBUG: cuc: analysis #16 still processing\n", 
            "2021-07-15 18:16:34,235 [cuckoo.core.guest] DEBUG: cuc: analysis #16 still processing\n", 
            "2021-07-15 18:16:39,263 [cuckoo.core.guest] DEBUG: cuc: analysis #16 still processing\n", 
            "2021-07-15 18:16:44,310 [cuckoo.core.guest] DEBUG: cuc: analysis #16 still processing\n", 
            "2021-07-15 18:16:49,341 [cuckoo.core.guest] DEBUG: cuc: analysis #16 still processing\n", 
            "2021-07-15 18:16:54,367 [cuckoo.core.guest] DEBUG: cuc: analysis #16 still processing\n", 
            "2021-07-15 18:16:59,394 [cuckoo.core.guest] DEBUG: cuc: analysis #16 still processing\n", 
            "2021-07-15 18:17:04,443 [cuckoo.core.guest] DEBUG: cuc: analysis #16 still processing\n", 
            "2021-07-15 18:17:09,470 [cuckoo.core.guest] DEBUG: cuc: analysis #16 still processing\n", 
            "2021-07"
        ]
    }, 
    "strings": [
        "/lib64/ld-linux-x86-64.so.2", 
        "libbz2.so.1.0", 
        "_ITM_deregisterTMCloneTable", 
        "__gmon_start__", 
        "_ITM_registerTMCloneTable", 
        "BZ2_bzReadGetUnused", 
        "BZ2_bzlibVersion", 
        "BZ2_bzWriteClose64", 
        "BZ2_bzReadClose", 
        "BZ2_bzReadOpen", 
        "BZ2_bzWrite", 
        "BZ2_bzWriteOpen", 
        "BZ2_bzRead", 
        "libc.so.6", 
        "fflush", 
        "fchmod", 
        "strncmp", 
        "perror", 
        "signal", 
        "strncpy", 
        "__stack_chk_fail", 
        "rewind", 
        "isatty", 
        "strlen", 
        "ungetc", 
        "strstr", 
        "__errno_location", 
        "__fprintf_chk", 
        "fchown", 
        "stdout", 
        "memcpy", 
        "fclose", 
        "malloc", 
        "remove", 
        "__lxstat64", 
        "__xstat64", 
        "__ctype_b_loc", 
        "getenv", 
        "stderr", 
        "fileno", 
        "fwrite", 
        "fdopen", 
        "__cxa_finalize", 
        "fopen64", 
        "__strcat_chk", 
        "strcmp", 
        "strerror", 
        "__libc_start_main", 
        "ferror", 
        "_edata", 
        "__bss_start", 
        "progNameReally", 
        "verbosity", 
        "tmpName", 
        "workFactor", 
        "numFilesProcessed", 
        "smallMode", 
        "outputHandleJustInCase", 
        "numFileNames", 
        "longestFileName", 
        "srcMode", 
        "keepInputFiles", 
        "blockSize100k", 
        "exitValue", 
        "outName", 
        "_IO_stdin_used", 
        "testFailsExist", 
        "inName", 
        "unzFailsExist", 
        "forceOverwrite", 
        "deleteOutputOnInterrupt", 
        "opMode", 
        "progName", 
        "unzSuffix", 
        "GLIBC_2.3", 
        "GLIBC_2.14", 
        "GLIBC_2.4", 
        "GLIBC_2.2.5", 
        "GLIBC_2.3.4", 
        "AWAVAUATI", 
        "[]A\\A]A^A_", 
        "D$8dH3", 
        "AUATUSH", 
        "[]A\\A]A^A_", 
        "AUATUSH", 
        "[]A\\A]A^A_", 
        "AWAVAUATI", 
        "L9-IJ ", 
        "[]A\\A]A^A_", 
        "AVAUATUSH", 
        "[]A\\A]A^", 
        "AUATUSH", 
        "[]A\\A]", 
        "AWAVAUATI", 
        "[]A\\A]A^A_", 
        "[]A\\A]A^A_", 
        " no data compressed.", 
        "test:bzReadGetUnused", 
        "%s: %s: ", 
        "file ends unexpectedly", 
        "test:unexpected error", 
        "decompress:bzReadGetUnused", 
        "decompress:unexpected error", 
        "uncompress: bad modes", 
        "(stdin)", 
        "(stdout)", 
        "uncompress: bad srcMode", 
        "  %s: ", 
        "%s: %s is not a bzip2 file.", 
        "testf: bad modes", 
        "(none)", 
        "%s: Can't open input %s: %s.", 
        "testf: bad srcMode", 
        "%s: Bad flag `%s'", 
        "--stdout", 
        "--decompress", 
        "--compress", 
        "--force", 
        "--test", 
        "--keep", 
        "--small", 
        "--quiet", 
        "--version", 
        "--license", 
        "--exponential", 
        "--repetitive-best", 
        "--repetitive-fast", 
        "--fast", 
        "--best", 
        "--verbose", 
        "--help", 
        "bzip2: I'm not configured correctly for this platform!", 
        "I require Int32, Int16 and Char to have sizes", 
        "of 4, 2 and 1 bytes to run properly, and they don't.", 
        "Probably you can fix this by defining them correctly,", 
        "and recompiling.  Bye!", 
        "%s: Deleting output file %s, if it exists.", 
        "%s: WARNING: deletion of output file (apparently) failed.", 
        "%s: WARNING: deletion of output file suppressed", 
        "%s:    since input file no longer exists.  Output file", 
        "%s:    `%s' may be incomplete.", 
        "%s:    I suggest doing an integrity test (bzip2 -tv) of it.", 
        "%s: WARNING: some files have not been processed:", 
        "%s:    %d specified on command line, %d not processed yet.", 
        "%s: Control-C or similar caught, quitting.", 
        "bzip2, a block-sorting file compressor.  Version %s.", 
        "   Copyright (C) 1996-2010 by Julian Seward.", 
        "   This program is free software; you can redistribute it and/or modify", 
        "   it under the terms set out in the LICENSE file, which is included", 
        "   in the bzip2-1.0.6 source distribution.", 
        "   This program is distributed in the hope that it will be useful,", 
        "   but WITHOUT ANY WARRANTY; without even the implied warranty of", 
        "   MERCHANTABILITY or FITNESS FOR A PARTICULAR PURPOSE.  See the", 
        "   LICENSE file for more details.", 
        "bzip2, a block-sorting file compressor.  Version %s.", 
        "   usage: %s [flags and input files in any order]", 
        "   -h --help           print this message", 
        "   -d --decompress     force decompression", 
        "   -z --compress       force compression", 
        "   -k --keep           keep (don't delete) input files", 
        "   -f --force          overwrite existing output files", 
        "   -t --test           test compressed file integrity", 
        "   -c --stdout         output to standard out", 
        "   -q --quiet          suppress noncritical error messages", 
        "   -v --verbose        be verbose (a 2nd -v gives more)", 
        "   -L --license        display software version & license", 
        "   -V --version        display software version & license", 
        "   -s --small          use less memory (at most 2500k)", 
        "   -1 .. -9            set block size to 100k .. 900k", 
        "   --fast              alias for -1", 
        "   --best              alias for -9", 
        "   If invoked as `bzip2', default action is to compress.", 
        "              as `bunzip2',  default action is to decompress.", 
        "              as `bzcat', default action is to decompress to stdout.", 
        "   If no file names are given, bzip2 compresses or decompresses", 
        "   from standard input to standard output.  You can combine", 
        "   short flags, so `-v -4' means the same as -v4 or -4v, &c.", 
        "It is possible that the compressed file(s) have become corrupted.", 
        "You can use the -tvv option to test integrity of such files.", 
        "You can use the `bzip2recover' program to attempt to recover", 
        "data from undamaged sections of corrupted files.", 
        "Input file = %s, output file = %s", 
        "%s: Caught a SIGSEGV or SIGBUS whilst compressing.", 
        "   Possible causes are (most likely first):", 
        "   (1) This computer has unreliable memory or cache hardware", 
        "       (a surprisingly common problem; try a different machine.)", 
        "   (2) A bug in the compiler used to create this executable", 
        "       (unlikely, if you didn't compile bzip2 yourself.)", 
        "   (3) A real bug in bzip2 -- I hope this should never be the case.", 
        "   The user's manual, Section 4.3, has more info on (1) and (2).", 
        "   If you suspect this is a bug in bzip2, or are unsure about (1)", 
        "   or (2), feel free to report it to me at: jseward@bzip.org.", 
        "   Section 4.3 of the user's manual describes the info a useful", 
        "   bug report should have.  If the manual is available on your", 
        "   system, please try and read it before mailing me.  If you don't", 
        "   have the manual or can't be bothered to read it, mail me anyway.", 
        "%s: Caught a SIGSEGV or SIGBUS whilst decompressing.", 
        "   Possible causes are (most likely first):", 
        "   (1) The compressed data is corrupted, and bzip2's usual checks", 
        "       failed to detect this.  Try bzip2 -tvv my_file.bz2.", 
        "   (2) This computer has unreliable memory or cache hardware", 
        "       (a surprisingly common problem; try a different machine.)", 
        "   (3) A bug in the compiler used to create this executable", 
        "       (unlikely, if you didn't compile bzip2 yourself.)", 
        "   (4) A real bug in bzip2 -- I hope this should never be the case.", 
        "   The user's manual, Section 4.3, has more info on (2) and (3).", 
        "   If you suspect this is a bug in bzip2, or are unsure about (2)", 
        "   or (3), feel free to report it to me at: jseward@bzip.org.", 
        "   Section 4.3 of the user's manual describes the info a useful", 
        "   bug report should have.  If the manual is available on your", 
        "   system, please try and read it before mailing me.  If you don't", 
        "   have the manual or can't be bothered to read it, mail me anyway.", 
        "%s: couldn't allocate enough memory", 
        "%s: PANIC -- internal consistency error:", 
        "This is a BUG.  Please report it to me at:", 
        "jseward@bzip.org", 
        "%s: I/O or other error, bailing out.  Possible reason follows.", 
        "%6.3f:1, %6.3f bits/byte, %5.2f%% saved, %s in, %s out.", 
        "data integrity (CRC) error in data", 
        "bad magic number (file not created by bzip2)", 
        "trailing garbage after EOF ignored", 
        "%s: Data integrity error when decompressing.", 
        "%s: Compressed file ends unexpectedly;", 
        "perhaps it is corrupted?  *Possible* reason follows.", 
        "%s: %s: trailing garbage after EOF ignored", 
        "bzip2: file name", 
        "is suspiciously (more than %d chars) long.", 
        "Try using a reasonable file name instead.  Sorry! :-)", 
        "%s: Can't open input file %s: %s.", 
        "%s: Input file %s is a directory.", 
        "%s: Input file %s is not a normal file.", 
        "%s: Can't guess original name for %s -- using %s", 
        "%s: Output file %s already exists.", 
        "%s: Input file %s has %d other link%s.", 
        "%s: I won't read compressed data from a terminal.", 
        "%s: For help, type: `%s --help'.", 
        "%s: Can't open input file %s:%s.", 
        "%s: Can't create output file %s: %s.", 
        "%s: Input file %s already has %s suffix.", 
        "%s: I won't write compressed data to a terminal.", 
        "%s: %s is redundant in versions 0.9.5 and above", 
        "%s: -c and -t cannot be used together.", 
        "975b86e99e687e6fcddc2e4ba1ee571e337c03.debug", 
        ".shstrtab", 
        ".interp", 
        ".note.ABI-tag", 
        ".note.gnu.build-id", 
        ".gnu.hash", 
        ".dynsym", 
        ".dynstr", 
        ".gnu.version", 
        ".gnu.version_r", 
        ".rela.dyn", 
        ".rela.plt", 
        ".plt.got", 
        ".rodata", 
        ".eh_frame_hdr", 
        ".eh_frame", 
        ".init_array", 
        ".fini_array", 
        ".dynamic", 
        ".gnu_debuglink"
    ], 
    "metadata": {
        "output": {
            "pcap": {
                "basename": "dump.pcap", 
                "sha256": "7fcf35288b3c997308d152b9838cb9897e1478c1dc8cec57ce390d69d734d6e2", 
                "dirname": ""
            }
        }
    }
}