{"started_on": {"$dt": "2021-07-15T18:37:25.338130"}, "duration": 200, "sample_id": 15, "owner": null, "id": 17, "category": "file", "priority": 1, "guest": {"status": "stopped", "name": "cuc", "label": "cuc", "manager": "VirtualBox", "started_on": "2021-07-15 18:37:25", "shutdown_on": "2021-07-15 18:40:45"}, "clock": {"$dt": "2021-07-15T18:37:25.120328"}, "custom": null, "machine": null, "platform": null, "memory": false, "status": "completed", "tags": [], "processing": null, "enforce_timeout": false, "completed_on": {"$dt": "2021-07-15T18:40:45.393530"}, "target": "/home/cuckoo/Desktop/apps/bin/bzdiff", "package": "", "route": "none", "timeout": 0, "submit_id": null, "options": {}, "added_on": {"$dt": "2021-07-15T18:37:25.120347"}}