{"started_on": {"$dt": "2021-07-15T17:05:37.711198"}, "duration": -1, "sample_id": 8, "owner": null, "id": 9, "category": "file", "priority": 2, "guest": {"status": "stopped", "name": "cuc", "label": "cuc", "manager": "VirtualBox", "started_on": "2021-07-15 17:05:38", "shutdown_on": "2021-07-15 17:09:03"}, "clock": {"$dt": "2021-07-15T17:05:36.937402"}, "custom": null, "machine": null, "platform": "linux", "memory": false, "status": "running", "tags": [], "processing": null, "enforce_timeout": false, "completed_on": null, "target": "/tmp/cuckoo-tmp-cuckoo/tmpgwHdhc/lyx.sh", "package": "generic", "route": "none", "timeout": 120, "submit_id": 9, "options": {"procmemdump": "yes", "route": "none"}, "added_on": {"$dt": "2021-07-15T17:05:36.937438"}}