{
    "info": {
        "added": 1626382164.323918, 
        "started": 1626382165.051351, 
        "duration": 192, 
        "ended": 1626382357.614592, 
        "owner": null, 
        "score": 0.0, 
        "id": 40, 
        "category": "file", 
        "git": {
            "head": "13cbe0d9e457be3673304533043e992ead1ea9b2", 
            "fetch_head": "13cbe0d9e457be3673304533043e992ead1ea9b2"
        }, 
        "monitor": "2deb9ccd75d5a7a3fe05b2625b03a8639d6ee36b", 
        "package": "", 
        "route": "none", 
        "custom": null, 
        "machine": {
            "status": "stopped", 
            "name": "cuc", 
            "label": "cuc", 
            "manager": "VirtualBox", 
            "started_on": "2021-07-15 20:49:25", 
            "shutdown_on": "2021-07-15 20:52:37"
        }, 
        "platform": null, 
        "version": "2.0.7", 
        "options": ""
    }, 
    "signatures": [], 
    "target": {
        "category": "file", 
        "file": {
            "yara": [], 
            "sha1": "717551253a53d0f974e3d03d0cf839e7ccfc2889", 
            "name": "false", 
            "type": "ELF 64-bit LSB shared object, x86-64, version 1 (SYSV), dynamically linked, interpreter /lib64/ld-linux-x86-64.so.2, for GNU/Linux 3.2.0, BuildID[sha1]=332b161cc91797d52c0e6bb9d4f0545351bfc0ba, stripped", 
            "sha256": "b1182f50814e018d5e7a47e7d7effdea89f417545973dfa4f4e1f970d6abc659", 
            "urls": [
                "http://gnu.org/licenses/gpl.html", 
                "http://translationproject.org/team/", 
                "http://www.gnu.org/software/coreutils/", 
                "http://www.gnu.org/gethelp/"
            ], 
            "crc32": "B8820BBB", 
            "path": "/home/cuckoo/.cuckoo/storage/binaries/b1182f50814e018d5e7a47e7d7effdea89f417545973dfa4f4e1f970d6abc659", 
            "ssdeep": null, 
            "size": 30904, 
            "sha512": "bc0638e66307ce1c7281d7f25b180743dcf44f1de31b95e2197eae3000cbb84189efa9058dfda27d29a29e9988573020ac0645bbe812fda229571d709df4ca51", 
            "md5": "2a0575d3c20962b2ef3844b2192ffe4e"
        }
    }, 
    "network": {
        "tls": [], 
        "udp": [
            {
                "src": "192.168.56.101", 
                "dst": "224.0.0.251", 
                "offset": 234, 
                "time": 0.3847990036010742, 
                "dport": 5353, 
                "sport": 5353
            }
        ], 
        "dns_servers": [
            "224.0.0.251"
        ], 
        "http": [], 
        "icmp": [], 
        "smtp": [], 
        "tcp": [], 
        "smtp_ex": [], 
        "mitm": [], 
        "hosts": [], 
        "pcap_sha256": "6311bb12ffc5b33d487003b92e30fd7409e1d6eadd7469225908d121cdfe66ab", 
        "dns": [
            {
                "type": "PTR", 
                "request": "_ipps._tcp.local", 
                "answers": []
            }, 
            {
                "type": "PTR", 
                "request": "_scanner._tcp.local", 
                "answers": []
            }
        ], 
        "http_ex": [], 
        "domains": [
            {
                "ip": "", 
                "domain": "_scanner._tcp.local"
            }, 
            {
                "ip": "", 
                "domain": "_ipps._tcp.local"
            }
        ], 
        "dead_hosts": [], 
        "sorted_pcap_sha256": "f14fbc9d74f5b7bf3533c1975d501ff6fd0dd6299ba40e61ee7e59fbcab03a04", 
        "irc": [], 
        "https_ex": []
    }, 
    "behavior": {
        "generic": [
            {
                "process_path": null, 
                "process_name": "false", 
                "pid": 1598, 
                "summary": {}, 
                "first_seen": 1626374967.924492, 
                "ppid": 1597
            }
        ], 
        "processes": [
            {
                "calls": [
                    {
                        "status": "", 
                        "raw": "Thu Jul 15 18:49:27 2021.924492 false@7f07854a10a9[1598] execve(\"/tmp/false\", [\"/tmp/false\"], [\"LC_TIME=de_CH.UTF-8\", \"HOME=/root\", \"LC_MONETARY=de_CH.UTF-8\", \"LOGNAME=root\", \"PATH=/usr/bin:/bin\", \"LC_ADDRESS=de_CH.UTF-8\", \"LANG=en_US.UTF-8\", \"LC_TELEPHONE=de_CH.UTF-8\", \"LC_NAME=de_CH.UTF-8\", \"SHELL=/bin/sh\", \"LC_MEASUREMENT=de_CH.UTF-8\", \"LC_IDENTIFICATION=de_CH.UTF-8\", \"PWD=/tmpnF2nLx\", \"LC_NUMERIC=de_CH.UTF-8\", \"LC_PAPER=de_CH.UTF-8\"])\n", 
                        "api": "execve", 
                        "return_value": "", 
                        "instruction_pointer": "7f07854a10a9", 
                        "time": 1626374967.924492, 
                        "process_name": "false", 
                        "pid": 1598, 
                        "arguments": {
                            "p2": [
                                "LC_TIME=de_CH.UTF-8", 
                                "HOME=/root", 
                                "LC_MONETARY=de_CH.UTF-8", 
                                "LOGNAME=root", 
                                "PATH=/usr/bin:/bin", 
                                "LC_ADDRESS=de_CH.UTF-8", 
                                "LANG=en_US.UTF-8", 
                                "LC_TELEPHONE=de_CH.UTF-8", 
                                "LC_NAME=de_CH.UTF-8", 
                                "SHELL=/bin/sh", 
                                "LC_MEASUREMENT=de_CH.UTF-8", 
                                "LC_IDENTIFICATION=de_CH.UTF-8", 
                                "PWD=/tmpnF2nLx", 
                                "LC_NUMERIC=de_CH.UTF-8", 
                                "LC_PAPER=de_CH.UTF-8"
                            ], 
                            "p0": "/tmp/false", 
                            "p1": [
                                "/tmp/false"
                            ]
                        }
                    }, 
                    {
                        "status": "", 
                        "raw": "Thu Jul 15 18:49:27 2021.924794 false@7f07854a10a9[1598] brk(0x0) = 94019239714816\n", 
                        "api": "brk", 
                        "return_value": "94019239714816", 
                        "instruction_pointer": "7f07854a10a9", 
                        "time": 1626374967.924794, 
                        "process_name": "false", 
                        "pid": 1598, 
                        "arguments": {
                            "p0": "0x0"
                        }
                    }, 
                    {
                        "status": "ENOENT", 
                        "raw": "Thu Jul 15 18:49:27 2021.924844 false@7f078549496e[1598] access(\"/etc/ld.so.nohwcap\", F_OK) = -2 (ENOENT)\n", 
                        "api": "access", 
                        "return_value": "-2", 
                        "instruction_pointer": "7f078549496e", 
                        "time": 1626374967.924844, 
                        "process_name": "false", 
                        "pid": 1598, 
                        "arguments": {
                            "p0": "/etc/ld.so.nohwcap", 
                            "p1": "F_OK"
                        }
                    }, 
                    {
                        "status": "ENOENT", 
                        "raw": "Thu Jul 15 18:49:27 2021.924862 false@7f07854a2007[1598] access(\"/etc/ld.so.preload\", R_OK) = -2 (ENOENT)\n", 
                        "api": "access", 
                        "return_value": "-2", 
                        "instruction_pointer": "7f07854a2007", 
                        "time": 1626374967.924862, 
                        "process_name": "false", 
                        "pid": 1598, 
                        "arguments": {
                            "p0": "/etc/ld.so.preload", 
                            "p1": "R_OK"
                        }
                    }, 
                    {
                        "status": "", 
                        "raw": "Thu Jul 15 18:49:27 2021.924876 false@7f07854a1ebd[1598] openat(AT_FDCWD, \"/etc/ld.so.cache\", O_RDONLY|O_CLOEXEC) = 6\n", 
                        "api": "openat", 
                        "return_value": "6", 
                        "instruction_pointer": "7f07854a1ebd", 
                        "time": 1626374967.924876, 
                        "process_name": "false", 
                        "pid": 1598, 
                        "arguments": {
                            "p2": "O_RDONLY|O_CLOEXEC", 
                            "p0": "AT_FDCWD", 
                            "p1": "/etc/ld.so.cache"
                        }
                    }, 
                    {
                        "status": "", 
                        "raw": "Thu Jul 15 18:49:27 2021.924890 false@7f07854a1e23[1598] fstat(6, 0x7ffcf247c510) = 0\n", 
                        "api": "fstat", 
                        "return_value": "0", 
                        "instruction_pointer": "7f07854a1e23", 
                        "time": 1626374967.92489, 
                        "process_name": "false", 
                        "pid": 1598, 
                        "arguments": {
                            "p0": "6", 
                            "p1": "0x7ffcf247c510"
                        }
                    }, 
                    {
                        "status": "", 
                        "raw": "Thu Jul 15 18:49:27 2021.924901 false@7f07854a2123[1598] mmap2(0x0, 85414, PROT_READ, MAP_PRIVATE, 6, 0) = 0x7f0785699000\n", 
                        "api": "mmap2", 
                        "return_value": "0x7f0785699000", 
                        "instruction_pointer": "7f07854a2123", 
                        "time": 1626374967.924901, 
                        "process_name": "false", 
                        "pid": 1598, 
                        "arguments": {
                            "p2": "PROT_READ", 
                            "p3": "MAP_PRIVATE", 
                            "p0": "0x0", 
                            "p1": "85414", 
                            "p4": "6", 
                            "p5": "0"
                        }
                    }, 
                    {
                        "status": "", 
                        "raw": "Thu Jul 15 18:49:27 2021.924913 false@7f07854a20b7[1598] close(6) = 0\n", 
                        "api": "close", 
                        "return_value": "0", 
                        "instruction_pointer": "7f07854a20b7", 
                        "time": 1626374967.924913, 
                        "process_name": "false", 
                        "pid": 1598, 
                        "arguments": {
                            "p0": "6"
                        }
                    }, 
                    {
                        "status": "ENOENT", 
                        "raw": "Thu Jul 15 18:49:27 2021.924928 false@7f078549d2d9[1598] access(\"/etc/ld.so.nohwcap\", F_OK) = -2 (ENOENT)\n", 
                        "api": "access", 
                        "return_value": "-2", 
                        "instruction_pointer": "7f078549d2d9", 
                        "time": 1626374967.924928, 
                        "process_name": "false", 
                        "pid": 1598, 
                        "arguments": {
                            "p0": "/etc/ld.so.nohwcap", 
                            "p1": "F_OK"
                        }
                    }, 
                    {
                        "status": "", 
                        "raw": "Thu Jul 15 18:49:27 2021.924945 false@7f07854a1ebd[1598] openat(AT_FDCWD, \"/lib/x86_64-linux-gnu/libc.so.6\", O_RDONLY|O_CLOEXEC) = 6\n", 
                        "api": "openat", 
                        "return_value": "6", 
                        "instruction_pointer": "7f07854a1ebd", 
                        "time": 1626374967.924945, 
                        "process_name": "false", 
                        "pid": 1598, 
                        "arguments": {
                            "p2": "O_RDONLY|O_CLOEXEC", 
                            "p0": "AT_FDCWD", 
                            "p1": "/lib/x86_64-linux-gnu/libc.so.6"
                        }
                    }, 
                    {
                        "status": "", 
                        "raw": "Thu Jul 15 18:49:27 2021.924959 false@7f07854a1f84[1598] read(6, 0x7ffcf247c6d8, 832) = 832\n", 
                        "api": "read", 
                        "return_value": "832", 
                        "instruction_pointer": "7f07854a1f84", 
                        "time": 1626374967.924959, 
                        "process_name": "false", 
                        "pid": 1598, 
                        "arguments": {
                            "p2": "832", 
                            "p0": "6", 
                            "p1": "0x7ffcf247c6d8"
                        }
                    }, 
                    {
                        "status": "", 
                        "raw": "Thu Jul 15 18:49:27 2021.924969 false@7f07854a1e23[1598] fstat(6, 0x7ffcf247c570) = 0\n", 
                        "api": "fstat", 
                        "return_value": "0", 
                        "instruction_pointer": "7f07854a1e23", 
                        "time": 1626374967.924969, 
                        "process_name": "false", 
                        "pid": 1598, 
                        "arguments": {
                            "p0": "6", 
                            "p1": "0x7ffcf247c570"
                        }
                    }, 
                    {
                        "status": "", 
                        "raw": "Thu Jul 15 18:49:27 2021.924980 false@7f07854a2123[1598] mmap2(0x0, 8192, PROT_READ|PROT_WRITE, MAP_PRIVATE|MAP_ANONYMOUS, -1, 0) = 0x7f0785697000\n", 
                        "api": "mmap2", 
                        "return_value": "0x7f0785697000", 
                        "instruction_pointer": "7f07854a2123", 
                        "time": 1626374967.92498, 
                        "process_name": "false", 
                        "pid": 1598, 
                        "arguments": {
                            "p2": "PROT_READ|PROT_WRITE", 
                            "p3": "MAP_PRIVATE|MAP_ANONYMOUS", 
                            "p0": "0x0", 
                            "p1": "8192", 
                            "p4": "-1", 
                            "p5": "0"
                        }
                    }, 
                    {
                        "status": "", 
                        "raw": "Thu Jul 15 18:49:27 2021.924995 false@7f07854a2123[1598] mmap2(0x0, 4131552, PROT_READ|PROT_EXEC, MAP_PRIVATE|MAP_DENYWRITE, 6, 0) = 0x7f0785094000\n", 
                        "api": "mmap2", 
                        "return_value": "0x7f0785094000", 
                        "instruction_pointer": "7f07854a2123", 
                        "time": 1626374967.924995, 
                        "process_name": "false", 
                        "pid": 1598, 
                        "arguments": {
                            "p2": "PROT_READ|PROT_EXEC", 
                            "p3": "MAP_PRIVATE|MAP_DENYWRITE", 
                            "p0": "0x0", 
                            "p1": "4131552", 
                            "p4": "6", 
                            "p5": "0"
                        }
                    }, 
                    {
                        "status": "", 
                        "raw": "Thu Jul 15 18:49:27 2021.925009 false@7f07854a21d7[1598] mprotect(0x7f078527b000, 2097152, PROT_NONE) = 0\n", 
                        "api": "mprotect", 
                        "return_value": "0", 
                        "instruction_pointer": "7f07854a21d7", 
                        "time": 1626374967.925009, 
                        "process_name": "false", 
                        "pid": 1598, 
                        "arguments": {
                            "p2": "PROT_NONE", 
                            "p0": "0x7f078527b000", 
                            "p1": "2097152"
                        }
                    }, 
                    {
                        "status": "", 
                        "raw": "Thu Jul 15 18:49:27 2021.925024 false@7f07854a2123[1598] mmap2(0x7f078547b000, 24576, PROT_READ|PROT_WRITE, MAP_PRIVATE|MAP_FIXED|MAP_DENYWRITE, 6, 1994752) = 0x7f078547b000\n", 
                        "api": "mmap2", 
                        "return_value": "0x7f078547b000", 
                        "instruction_pointer": "7f07854a2123", 
                        "time": 1626374967.925024, 
                        "process_name": "false", 
                        "pid": 1598, 
                        "arguments": {
                            "p2": "PROT_READ|PROT_WRITE", 
                            "p3": "MAP_PRIVATE|MAP_FIXED|MAP_DENYWRITE", 
                            "p0": "0x7f078547b000", 
                            "p1": "24576", 
                            "p4": "6", 
                            "p5": "1994752"
                        }
                    }, 
                    {
                        "status": "", 
                        "raw": "Thu Jul 15 18:49:27 2021.925043 false@7f07854a2123[1598] mmap2(0x7f0785481000, 15072, PROT_READ|PROT_WRITE, MAP_PRIVATE|MAP_FIXED|MAP_ANONYMOUS, -1, 0) = 0x7f0785481000\n", 
                        "api": "mmap2", 
                        "return_value": "0x7f0785481000", 
                        "instruction_pointer": "7f07854a2123", 
                        "time": 1626374967.925043, 
                        "process_name": "false", 
                        "pid": 1598, 
                        "arguments": {
                            "p2": "PROT_READ|PROT_WRITE", 
                            "p3": "MAP_PRIVATE|MAP_FIXED|MAP_ANONYMOUS", 
                            "p0": "0x7f0785481000", 
                            "p1": "15072", 
                            "p4": "-1", 
                            "p5": "0"
                        }
                    }, 
                    {
                        "status": "", 
                        "raw": "Thu Jul 15 18:49:27 2021.925061 false@7f07854a20b7[1598] close(6) = 0\n", 
                        "api": "close", 
                        "return_value": "0", 
                        "instruction_pointer": "7f07854a20b7", 
                        "time": 1626374967.925061, 
                        "process_name": "false", 
                        "pid": 1598, 
                        "arguments": {
                            "p0": "6"
                        }
                    }, 
                    {
                        "status": "", 
                        "raw": "Thu Jul 15 18:49:27 2021.925084 false@7f0785486024[1598] arch_prctl(ARCH_SET_FS, 139670279783744) = 0\n", 
                        "api": "arch_prctl", 
                        "return_value": "0", 
                        "instruction_pointer": "7f0785486024", 
                        "time": 1626374967.925084, 
                        "process_name": "false", 
                        "pid": 1598, 
                        "arguments": {
                            "p0": "ARCH_SET_FS", 
                            "p1": "139670279783744"
                        }
                    }, 
                    {
                        "status": "", 
                        "raw": "Thu Jul 15 18:49:27 2021.925146 false@7f07854a21d7[1598] mprotect(0x7f078547b000, 16384, PROT_READ) = 0\n", 
                        "api": "mprotect", 
                        "return_value": "0", 
                        "instruction_pointer": "7f07854a21d7", 
                        "time": 1626374967.925146, 
                        "process_name": "false", 
                        "pid": 1598, 
                        "arguments": {
                            "p2": "PROT_READ", 
                            "p0": "0x7f078547b000", 
                            "p1": "16384"
                        }
                    }, 
                    {
                        "status": "", 
                        "raw": "Thu Jul 15 18:49:27 2021.925174 false@7f07854a21d7[1598] mprotect(0x55828dfb0000, 4096, PROT_READ) = 0\n", 
                        "api": "mprotect", 
                        "return_value": "0", 
                        "instruction_pointer": "7f07854a21d7", 
                        "time": 1626374967.925174, 
                        "process_name": "false", 
                        "pid": 1598, 
                        "arguments": {
                            "p2": "PROT_READ", 
                            "p0": "0x55828dfb0000", 
                            "p1": "4096"
                        }
                    }, 
                    {
                        "status": "", 
                        "raw": "Thu Jul 15 18:49:27 2021.925190 false@7f07854a21d7[1598] mprotect(0x7f07856ae000, 4096, PROT_READ) = 0\n", 
                        "api": "mprotect", 
                        "return_value": "0", 
                        "instruction_pointer": "7f07854a21d7", 
                        "time": 1626374967.92519, 
                        "process_name": "false", 
                        "pid": 1598, 
                        "arguments": {
                            "p2": "PROT_READ", 
                            "p0": "0x7f07856ae000", 
                            "p1": "4096"
                        }
                    }, 
                    {
                        "status": "", 
                        "raw": "Thu Jul 15 18:49:27 2021.925205 false@7f07854a21b7[1598] munmap(0x7f0785699000, 85414) = 0\n", 
                        "api": "munmap", 
                        "return_value": "0", 
                        "instruction_pointer": "7f07854a21b7", 
                        "time": 1626374967.925205, 
                        "process_name": "false", 
                        "pid": 1598, 
                        "arguments": {
                            "p0": "0x7f0785699000", 
                            "p1": "85414"
                        }
                    }, 
                    {
                        "status": "", 
                        "raw": "Thu Jul 15 18:49:27 2021.925288 false@7f0785178bd6[1598] exit_group(1)\n", 
                        "api": "exit_group", 
                        "return_value": "", 
                        "instruction_pointer": "7f0785178bd6", 
                        "time": 1626374967.925288, 
                        "process_name": "false", 
                        "pid": 1598, 
                        "arguments": {
                            "p0": "1"
                        }
                    }
                ], 
                "pid": 1598, 
                "process_name": "false", 
                "command_line": "/tmp/false", 
                "first_seen": 1626374967.924492, 
                "ppid": 1597, 
                "type": "process"
            }
        ], 
        "processtree": [
            {
                "track": true, 
                "pid": 1598, 
                "process_name": "false", 
                "command_line": "/tmp/false", 
                "first_seen": 1626374967.924492, 
                "ppid": 1597, 
                "children": []
            }
        ]
    }, 
    "debug": {
        "action": [], 
        "dbgview": [], 
        "errors": [], 
        "log": [
            "2021-07-15 20:49:24,003 [root] DEBUG: Starting analyzer from: /tmpnF2nLx\n", 
            "2021-07-15 20:49:24,009 [root] DEBUG: Storing results at: /tmp/VWOAUCLb\n", 
            "2021-07-15 20:49:24,010 [root] DEBUG: BIANCA DEBUG: \n", 
            "2021-07-15 20:49:24,011 [root] DEBUG: No analysis package specified, trying to detect it automagically.\n", 
            "2021-07-15 20:49:24,012 [root] INFO: Automatically selected analysis package \"generic\"\n", 
            "2021-07-15 20:49:24,042 [root] DEBUG: Bianca DEBUG[<class 'modules.auxiliary.stap.STAP'>]\n", 
            "2021-07-15 20:49:24,043 [modules.auxiliary.stap] WARNING: BIANCA DEBUG: IT GOT TO STAP INIT\n", 
            "2021-07-15 20:49:24,050 [modules.auxiliary.stap] WARNING: BIANCA DEBUG: STAP STARTEDDDDDDDDDDDD\n", 
            "2021-07-15 20:49:24,051 [modules.auxiliary.stap] WARNING: BIANCAAAA stap path: /root/.cuckoo/stap_.ko\n", 
            "2021-07-15 20:49:24,051 [modules.auxiliary.stap] WARNING: HELLO DARKNESS MY OLD FRIENDDD\n", 
            "2021-07-15 20:49:24,056 [modules.auxiliary.stap] WARNING: IT STARTED NOW NOW NOW\n", 
            "2021-07-15 20:49:27,919 [modules.auxiliary.stap] DEBUG: STAP aux module startup took 3.87 seconds\n", 
            "2021-07-15 20:49:27,920 [root] DEBUG: Started auxiliary module STAP\n", 
            "2021-07-15 20:49:27,922 [root] INFO: Added new process to list with pid: 1597\n", 
            "2021-07-15 20:49:28,930 [root] INFO: Process with pid 1597 has terminated\n", 
            "2021-07-15 20:49:28,931 [root] INFO: Process list is empty, terminating analysis.\n", 
            "2021-07-15 20:49:29,932 [modules.auxiliary.stap] DEBUG: stap subprocess retval None\n", 
            "2021-07-15 20:49:29,932 [modules.auxiliary.stap] DEBUG: BIANCA SEND FILE FROM STRAP: stap.log -> logs/all.stap\n", 
            "2021-07-15 20:49:29,939 [root] INFO: Analysis completed.\n"
        ], 
        "cuckoo": [
            "2021-07-15 20:49:25,263 [cuckoo.core.scheduler] INFO: Task #40: acquired machine cuc (label=cuc)\n", 
            "2021-07-15 20:49:25,263 [cuckoo.core.resultserver] DEBUG: Now tracking machine 192.168.56.101 for task #40\n", 
            "2021-07-15 20:49:25,264 [cuckoo.core.plugins] DEBUG: Started auxiliary module: Replay\n", 
            "2021-07-15 20:49:25,269 [cuckoo.auxiliary.sniffer] INFO: Started sniffer with PID 29875 (interface=vboxnet0, host=192.168.56.101)\n", 
            "2021-07-15 20:49:25,270 [cuckoo.core.plugins] DEBUG: Started auxiliary module: Sniffer\n", 
            "2021-07-15 20:49:25,341 [cuckoo.machinery.virtualbox] DEBUG: Starting vm cuc\n", 
            "2021-07-15 20:49:25,512 [cuckoo.machinery.virtualbox] DEBUG: Restoring virtual machine cuc to final_3\n", 
            "2021-07-15 20:49:31,996 [cuckoo.core.guest] INFO: Starting analysis #40 on guest (id=cuc, ip=192.168.56.101)\n", 
            "2021-07-15 20:49:32,998 [cuckoo.core.guest] DEBUG: cuc: not ready yet\n", 
            "2021-07-15 20:49:34,002 [cuckoo.core.guest] DEBUG: cuc: not ready yet\n", 
            "2021-07-15 20:49:35,004 [cuckoo.core.guest] DEBUG: cuc: not ready yet\n", 
            "2021-07-15 20:49:35,012 [cuckoo.core.guest] INFO: Guest is running Cuckoo Agent 0.10 (id=cuc, ip=192.168.56.101)\n", 
            "2021-07-15 20:49:35,019 [cuckoo.core.guest] DEBUG: Uploading analyzer to guest (id=cuc, ip=192.168.56.101, monitor=latest, size=31337)\n", 
            "2021-07-15 20:49:35,195 [cuckoo.core.resultserver] DEBUG: Task #40: live log analysis.log initialized.\n", 
            "2021-07-15 20:49:40,185 [cuckoo.core.guest] DEBUG: cuc: analysis #40 still processing\n", 
            "2021-07-15 20:49:41,137 [cuckoo.core.resultserver] DEBUG: Task #40: File upload for 'logs/all.stap'\n", 
            "2021-07-15 20:49:41,142 [cuckoo.core.resultserver] DEBUG: Task #40 uploaded file length: 9030\n", 
            "2021-07-15 20:49:45,212 [cuckoo.core.guest] DEBUG: cuc: analysis #40 still processing\n", 
            "2021-07-15 20:49:50,248 [cuckoo.core.guest] DEBUG: cuc: analysis #40 still processing\n", 
            "2021-07-15 20:49:55,279 [cuckoo.core.guest] DEBUG: cuc: analysis #40 still processing\n", 
            "2021-07-15 20:50:00,306 [cuckoo.core.guest] DEBUG: cuc: analysis #40 still processing\n", 
            "2021-07-15 20:50:05,333 [cuckoo.core.guest] DEBUG: cuc: analysis #40 still processing\n", 
            "2021-07-15 20:50:10,360 [cuckoo.core.guest] DEBUG: cuc: analysis #40 still processing\n", 
            "2021-07-15 20:50:15,387 [cuckoo.core.guest] DEBUG: cuc: analysis #40 still processing\n", 
            "2021-07-15 20:50:20,413 [cuckoo.core.guest] DEBUG: cuc: analysis #40 still processing\n", 
            "2021-07-15 20:50:25,439 [cuckoo.core.guest] DEBUG: cuc: analysis #40 still processing\n", 
            "2021-07-15 20:50:30,467 [cuckoo.core.guest] DEBUG: cuc: analysis #40 still processing\n", 
            "2021-07-15 20:50:35,494 [cuckoo.core.guest] DEBUG: cuc: analysis #40 still processing\n", 
            "2021-07-15 20:50:40,521 [cuckoo.core.guest] DEBUG: cuc: analysis #40 still processing\n", 
            "2021-07-15 20:50:45,548 [cuckoo.core.guest] DEBUG: cuc: analysis #40 still processing\n", 
            "2021-07-15 20:50:50,578 [cuckoo.core.guest] DEBUG: cuc: analysis #40 still processing\n", 
            "2021-07-15 20:50:55,605 [cuckoo.core.guest] DEBUG: cuc: analysis #40 still processing\n", 
            "2021-07-15 20:51:00,633 [cuckoo.core.guest] DEBUG: cuc: analysis #40 still processing\n", 
            "2021-07-15 20:51:05,795 [cuckoo.core.guest] DEBUG: cuc: analysis #40 still processing\n", 
            "2021-07-15 20:51:10,821 [cuckoo.core.guest] DEBUG: cuc: analysis #40 still processing\n", 
            "2021-07-15 20:51:15,849 [cuckoo.core.guest] DEBUG: cuc: analysis #40 still processing\n", 
            "2021-07-15 20:51:21,040 [cuckoo.core.guest] DEBUG: cuc: analysis #40 still processing\n", 
            "2021-07-15 20:51:26,067 [cuckoo.core.guest] DEBUG: cuc: analysis #40 still processing\n", 
            "2021-07-15 20:51:31,105 [cuckoo.core.guest] DEBUG: cuc: analysis #40 still processing\n", 
            "2021-07-15 20:51:36,133 [cuckoo.core.guest] DEBUG: cuc: analysis #40 still processing\n", 
            "2021-07-15 20:51:41,161 [cuckoo.core.guest] DEBUG: cuc: analysis #40 still processing\n", 
            "2021-07-15 20:51:46,189 [cuckoo.core.guest] DEBUG: cuc: analysis #40 still processing\n", 
            "2021-07-15 20:51:51,217 [cuckoo.core.guest] DEBUG: cuc: analysis #40 still processing\n", 
            "2021-07-15 20:51:56,317 [cuckoo.core.guest] DEBUG: cuc: analysis #40 still processing\n", 
            "2021-07-15 20:52:01,447 [cuckoo.core.guest] DEBUG: cuc: analysis #40 still processing\n", 
            "2021-07-15 20:52:06,520 [cuckoo.core.guest] DEBUG: c"
        ]
    }, 
    "strings": [
        "/lib64/ld-linux-x86-64.so.2", 
        "libc.so.6", 
        "fflush", 
        "__printf_chk", 
        "setlocale", 
        "mbrtowc", 
        "strncmp", 
        "strrchr", 
        "dcgettext", 
        "__stack_chk_fail", 
        "iswprint", 
        "realloc", 
        "program_invocation_name", 
        "__ctype_get_mb_cur_max", 
        "calloc", 
        "strlen", 
        "ungetc", 
        "memset", 
        "__errno_location", 
        "memcmp", 
        "__fprintf_chk", 
        "stdout", 
        "memcpy", 
        "fclose", 
        "malloc", 
        "mbsinit", 
        "__uflow", 
        "nl_langinfo", 
        "__ctype_b_loc", 
        "getenv", 
        "__freading", 
        "stderr", 
        "fscanf", 
        "fileno", 
        "fwrite", 
        "__fpending", 
        "program_invocation_short_name", 
        "fdopen", 
        "__cxa_finalize", 
        "bindtextdomain", 
        "strcmp", 
        "__libc_start_main", 
        "fseeko", 
        "fputs_unlocked", 
        "__progname", 
        "__progname_full", 
        "__cxa_atexit", 
        "quote_quoting_options", 
        "Version", 
        "_IO_stdin_used", 
        "quoting_style_vals", 
        "quoting_style_args", 
        "exit_failure", 
        "program_name", 
        "version_etc_copyright", 
        "GLIBC_2.3", 
        "GLIBC_2.3.4", 
        "GLIBC_2.14", 
        "GLIBC_2.4", 
        "GLIBC_2.2.5", 
        "_ITM_deregisterTMCloneTable", 
        "__gmon_start__", 
        "_ITM_registerTMCloneTable", 
        "D$(u-H", 
        "[]A\\A]A^A_", 
        "AWAVLc", 
        "D9=w? ", 
        "Hc=4? ", 
        "[]A\\A]A^A_", 
        "8[]A\\A]A^A_", 
        "8[]A\\A]A^A_", 
        "L$8dH3", 
        "T$8dH3", 
        "t$8dH34%(", 
        "L$8dH3", 
        ")D$ t2H", 
        "|$8dH3<%(", 
        "AWAVAUATM", 
        "AQAUATAWAVL", 
        "([]A\\A]A^A_", 
        "[]A\\A]A^A_H", 
        "[]A\\A]A^A_1", 
        "[]A\\A]A^A_", 
        "([]A\\A]A^A_", 
        "ATAWAVL", 
        "([]A\\A]A^A_", 
        "AUATAWAVL", 
        "D$XdH3", 
        "D$xdH3", 
        "TUUUUUUUI", 
        "SUUUUUUUH9", 
        "[]A\\A]", 
        "t9[]A\\", 
        "AUATUSH", 
        "[]A\\A]A^A_", 
        "charset.", 
        "aliafA", 
        "u0[]A\\", 
        "G H9G(u", 
        "[]A\\A]A^A_", 
        "test invocation", 
        "Multi-call invocation", 
        "sha224sum", 
        "sha2 utilities", 
        "sha256sum", 
        "sha384sum", 
        "sha512sum", 
        "%s online help: <%s>", 
        "GNU coreutils", 
        "/usr/share/locale", 
        "--help", 
        "--version", 
        "Jim Meyering", 
        "Usage: %s [ignored command line arguments]", 
        "  or:  %s OPTION", 
        "Exit with a status code indicating failure.", 
        "      --help     display this help and exit", 
        "      --version  output version information and exit", 
        "NOTE: your shell may have its own version of %s, which usually supersedes", 
        "the version described here.  Please refer to your shell's documentation", 
        "for details about the options it supports.", 
        "http://www.gnu.org/software/coreutils/", 
        "Report %s translation bugs to <http://translationproject.org/team/>", 
        "Full documentation at: <%s%s>", 
        "or available locally via: info '(coreutils) %s%s'", 
        "write error", 
        "%s: %s", 
        "A NULL argv[0] was passed through an exec system call.", 
        "/.libs/", 
        "literal", 
        "shell-always", 
        "shell-escape", 
        "shell-escape-always", 
        "c-maybe", 
        "clocale", 
        "%s (%s) %s", 
        "Written by %s.", 
        "Written by %s and %s.", 
        "Written by %s, %s, and %s.", 
        "Report bugs to: %s", 
        "bug-coreutils@gnu.org", 
        "%s home page: <%s>", 
        "License GPLv3+: GNU GPL version 3 or later <http://gnu.org/licenses/gpl.html>.", 
        "This is free software: you are free to change and redistribute it.", 
        "There is NO WARRANTY, to the extent permitted by law.", 
        "Written by %s, %s, %s,", 
        "and %s.", 
        "Written by %s, %s, %s,", 
        "%s, and %s.", 
        "Written by %s, %s, %s,", 
        "%s, %s, and %s.", 
        "Written by %s, %s, %s,", 
        "%s, %s, %s, and %s.", 
        "Written by %s, %s, %s,", 
        "%s, %s, %s, %s,", 
        "and %s.", 
        "Written by %s, %s, %s,", 
        "%s, %s, %s, %s,", 
        "%s, and %s.", 
        "Written by %s, %s, %s,", 
        "%s, %s, %s, %s,", 
        "%s, %s, and others.", 
        "General help using GNU software: <http://www.gnu.org/gethelp/>", 
        "Copyright %s %d Free Software Foundation, Inc.", 
        "memory exhausted", 
        "/usr/lib/x86_64-linux-gnu", 
        "CHARSETALIASDIR", 
        "%50s %50s", 
        "2b161cc91797d52c0e6bb9d4f0545351bfc0ba.debug", 
        ".shstrtab", 
        ".interp", 
        ".note.ABI-tag", 
        ".note.gnu.build-id", 
        ".gnu.hash", 
        ".dynsym", 
        ".dynstr", 
        ".gnu.version", 
        ".gnu.version_r", 
        ".rela.dyn", 
        ".rela.plt", 
        ".plt.got", 
        ".rodata", 
        ".eh_frame_hdr", 
        ".eh_frame", 
        ".init_array", 
        ".fini_array", 
        ".data.rel.ro", 
        ".dynamic", 
        ".gnu_debuglink"
    ], 
    "metadata": {
        "output": {
            "pcap": {
                "basename": "dump.pcap", 
                "sha256": "6311bb12ffc5b33d487003b92e30fd7409e1d6eadd7469225908d121cdfe66ab", 
                "dirname": ""
            }
        }
    }
}