{"started_on": {"$dt": "2021-07-15T21:16:58.150479"}, "duration": 192, "sample_id": 43, "owner": null, "id": 46, "category": "file", "priority": 1, "guest": {"status": "stopped", "name": "cuc", "label": "cuc", "manager": "VirtualBox", "started_on": "2021-07-15 21:16:58", "shutdown_on": "2021-07-15 21:20:10"}, "clock": {"$dt": "2021-07-15T21:16:57.469474"}, "custom": null, "machine": null, "platform": null, "memory": false, "status": "completed", "tags": [], "processing": null, "enforce_timeout": false, "completed_on": {"$dt": "2021-07-15T21:20:11.148291"}, "target": "/home/cuckoo/Desktop/apps/bin/getfacl", "package": "", "route": "none", "timeout": 0, "submit_id": null, "options": {}, "added_on": {"$dt": "2021-07-15T21:16:57.469489"}}