{"started_on": {"$dt": "2021-07-15T19:41:29.960418"}, "duration": 200, "sample_id": 24, "owner": null, "id": 27, "category": "file", "priority": 1, "guest": {"status": "stopped", "name": "cuc", "label": "cuc", "manager": "VirtualBox", "started_on": "2021-07-15 19:41:30", "shutdown_on": "2021-07-15 19:44:49"}, "clock": {"$dt": "2021-07-15T19:41:29.422689"}, "custom": null, "machine": null, "platform": null, "memory": false, "status": "completed", "tags": [], "processing": null, "enforce_timeout": false, "completed_on": {"$dt": "2021-07-15T19:44:50.114918"}, "target": "/home/cuckoo/Desktop/apps/bin/chvt", "package": "", "route": "none", "timeout": 0, "submit_id": null, "options": {}, "added_on": {"$dt": "2021-07-15T19:41:29.422708"}}