{"started_on": {"$dt": "2021-07-15T21:08:47.216013"}, "duration": 192, "sample_id": 41, "owner": null, "id": 44, "category": "file", "priority": 1, "guest": {"status": "stopped", "name": "cuc", "label": "cuc", "manager": "VirtualBox", "started_on": "2021-07-15 21:08:47", "shutdown_on": "2021-07-15 21:11:59"}, "clock": {"$dt": "2021-07-15T21:08:47.029220"}, "custom": null, "machine": null, "platform": null, "memory": false, "status": "completed", "tags": [], "processing": null, "enforce_timeout": false, "completed_on": {"$dt": "2021-07-15T21:11:59.249473"}, "target": "/home/cuckoo/Desktop/apps/bin/fuser", "package": "", "route": "none", "timeout": 0, "submit_id": null, "options": {}, "added_on": {"$dt": "2021-07-15T21:08:47.029234"}}