{"started_on": {"$dt": "2021-07-15T19:37:40.899366"}, "duration": 192, "sample_id": 23, "owner": null, "id": 26, "category": "file", "priority": 1, "guest": {"status": "stopped", "name": "cuc", "label": "cuc", "manager": "VirtualBox", "started_on": "2021-07-15 19:37:41", "shutdown_on": "2021-07-15 19:40:53"}, "clock": {"$dt": "2021-07-15T19:37:40.773045"}, "custom": null, "machine": null, "platform": null, "memory": false, "status": "completed", "tags": [], "processing": null, "enforce_timeout": false, "completed_on": {"$dt": "2021-07-15T19:40:53.344505"}, "target": "/home/cuckoo/Desktop/apps/bin/chown", "package": "", "route": "none", "timeout": 0, "submit_id": null, "options": {}, "added_on": {"$dt": "2021-07-15T19:37:40.773066"}}