{"started_on": {"$dt": "2021-07-15T16:05:11.356212"}, "duration": 379, "sample_id": 6, "owner": null, "id": 7, "category": "file", "priority": 2, "guest": {"status": "stopped", "name": "cuc", "label": "cuc", "manager": "VirtualBox", "started_on": "2021-07-15 16:05:11", "shutdown_on": "2021-07-15 16:11:30"}, "clock": {"$dt": "2021-07-15T16:05:10.471528"}, "custom": null, "machine": null, "platform": "linux", "memory": false, "status": "completed", "tags": [], "processing": null, "enforce_timeout": false, "completed_on": {"$dt": "2021-07-15T16:11:31.013803"}, "target": "/tmp/cuckoo-tmp-cuckoo/tmpGkO6ld/chrome.sh", "package": "generic", "route": "none", "timeout": 300, "submit_id": 7, "options": {"procmemdump": "yes", "route": "none"}, "added_on": {"$dt": "2021-07-15T16:05:10.471638"}}