{
    "info": {
        "added": 1626375467.453234, 
        "started": 1626375467.608715, 
        "duration": 196, 
        "ended": 1626375664.467354, 
        "owner": null, 
        "score": 0.0, 
        "id": 20, 
        "category": "file", 
        "git": {
            "head": "13cbe0d9e457be3673304533043e992ead1ea9b2", 
            "fetch_head": "13cbe0d9e457be3673304533043e992ead1ea9b2"
        }, 
        "monitor": "2deb9ccd75d5a7a3fe05b2625b03a8639d6ee36b", 
        "package": "", 
        "route": "none", 
        "custom": null, 
        "machine": {
            "status": "stopped", 
            "name": "cuc", 
            "label": "cuc", 
            "manager": "VirtualBox", 
            "started_on": "2021-07-15 18:57:47", 
            "shutdown_on": "2021-07-15 19:01:04"
        }, 
        "platform": null, 
        "version": "2.0.7", 
        "options": ""
    }, 
    "signatures": [], 
    "target": {
        "category": "file", 
        "file": {
            "yara": [], 
            "sha1": "2ecb126c5febce30c8876a74867b8f418ac3659b", 
            "name": "bzip2recover", 
            "type": "ELF 64-bit LSB shared object, x86-64, version 1 (SYSV), dynamically linked, interpreter /lib64/ld-linux-x86-64.so.2, for GNU/Linux 3.2.0, BuildID[sha1]=acc4ec55f722ee92f8add00d36c682e5dfc60f6c, stripped", 
            "sha256": "57e423e37d4b20783eed7775c27b8d7531eaea7e6080204e1daf6b0475d46cd8", 
            "urls": [], 
            "crc32": "9CED5E1B", 
            "path": "/home/cuckoo/.cuckoo/storage/binaries/57e423e37d4b20783eed7775c27b8d7531eaea7e6080204e1daf6b0475d46cd8", 
            "ssdeep": null, 
            "size": 14328, 
            "sha512": "69a6d1a037efd3d4a75d4fb146907ccb96cd5a29de32b0757fdcd193edfcdb1d9a84d48cd0025086f5965274c839d31d93df97ca2a170446ed59b2b86e70e2f7", 
            "md5": "740460f0dbec0eb6ea15b1d34b69d11b"
        }
    }, 
    "network": {
        "tls": [], 
        "udp": [
            {
                "src": "192.168.56.101", 
                "dst": "224.0.0.251", 
                "offset": 234, 
                "time": 0.3671889305114746, 
                "dport": 5353, 
                "sport": 5353
            }
        ], 
        "dns_servers": [
            "224.0.0.251"
        ], 
        "http": [], 
        "icmp": [], 
        "smtp": [], 
        "tcp": [], 
        "smtp_ex": [], 
        "mitm": [], 
        "hosts": [], 
        "pcap_sha256": "33fd40b84c37db7d5f077522acfbbd8226bf54c70902ed7c630c9078da3ef405", 
        "dns": [
            {
                "type": "PTR", 
                "request": "_ipps._tcp.local", 
                "answers": []
            }, 
            {
                "type": "PTR", 
                "request": "_scanner._tcp.local", 
                "answers": []
            }
        ], 
        "http_ex": [], 
        "domains": [
            {
                "ip": "", 
                "domain": "_scanner._tcp.local"
            }, 
            {
                "ip": "", 
                "domain": "_ipps._tcp.local"
            }
        ], 
        "dead_hosts": [], 
        "sorted_pcap_sha256": "933cd2f13582dbd75c5384b65a1ef277134a0e44da1b0137de53d6fae3c68e40", 
        "irc": [], 
        "https_ex": []
    }, 
    "behavior": {
        "generic": [
            {
                "process_path": null, 
                "process_name": "bzip2recover", 
                "pid": 1596, 
                "summary": {}, 
                "first_seen": 1626368271.102724, 
                "ppid": 1595
            }
        ], 
        "processes": [
            {
                "calls": [
                    {
                        "status": "", 
                        "raw": "Thu Jul 15 16:57:51 2021.102724 bzip2recover@7f2919b400a9[1596] execve(\"/tmp/bzip2recover\", [\"/tmp/bzip2recover\"], [\"LC_TIME=de_CH.UTF-8\", \"HOME=/root\", \"LC_MONETARY=de_CH.UTF-8\", \"LOGNAME=root\", \"PATH=/usr/bin:/bin\", \"LC_ADDRESS=de_CH.UTF-8\", \"LANG=en_US.UTF-8\", \"LC_TELEPHONE=de_CH.UTF-8\", \"LC_NAME=de_CH.UTF-8\", \"SHELL=/bin/sh\", \"LC_MEASUREMENT=de_CH.UTF-8\", \"LC_IDENTIFICATION=de_CH.UTF-8\", \"PWD=/tmpWvQWM5\", \"LC_NUMERIC=de_CH.UTF-8\", \"LC_PAPER=de_CH.UTF-8\"])\n", 
                        "api": "execve", 
                        "return_value": "", 
                        "instruction_pointer": "7f2919b400a9", 
                        "time": 1626368271.102724, 
                        "process_name": "bzip2recover", 
                        "pid": 1596, 
                        "arguments": {
                            "p2": [
                                "LC_TIME=de_CH.UTF-8", 
                                "HOME=/root", 
                                "LC_MONETARY=de_CH.UTF-8", 
                                "LOGNAME=root", 
                                "PATH=/usr/bin:/bin", 
                                "LC_ADDRESS=de_CH.UTF-8", 
                                "LANG=en_US.UTF-8", 
                                "LC_TELEPHONE=de_CH.UTF-8", 
                                "LC_NAME=de_CH.UTF-8", 
                                "SHELL=/bin/sh", 
                                "LC_MEASUREMENT=de_CH.UTF-8", 
                                "LC_IDENTIFICATION=de_CH.UTF-8", 
                                "PWD=/tmpWvQWM5", 
                                "LC_NUMERIC=de_CH.UTF-8", 
                                "LC_PAPER=de_CH.UTF-8"
                            ], 
                            "p0": "/tmp/bzip2recover", 
                            "p1": [
                                "/tmp/bzip2recover"
                            ]
                        }
                    }, 
                    {
                        "status": "", 
                        "raw": "Thu Jul 15 16:57:51 2021.103025 bzip2recover@7f2919b400a9[1596] brk(0x0) = 93888539574272\n", 
                        "api": "brk", 
                        "return_value": "93888539574272", 
                        "instruction_pointer": "7f2919b400a9", 
                        "time": 1626368271.103025, 
                        "process_name": "bzip2recover", 
                        "pid": 1596, 
                        "arguments": {
                            "p0": "0x0"
                        }
                    }, 
                    {
                        "status": "ENOENT", 
                        "raw": "Thu Jul 15 16:57:51 2021.103057 bzip2recover@7f2919b3396e[1596] access(\"/etc/ld.so.nohwcap\", F_OK) = -2 (ENOENT)\n", 
                        "api": "access", 
                        "return_value": "-2", 
                        "instruction_pointer": "7f2919b3396e", 
                        "time": 1626368271.103057, 
                        "process_name": "bzip2recover", 
                        "pid": 1596, 
                        "arguments": {
                            "p0": "/etc/ld.so.nohwcap", 
                            "p1": "F_OK"
                        }
                    }, 
                    {
                        "status": "ENOENT", 
                        "raw": "Thu Jul 15 16:57:51 2021.103074 bzip2recover@7f2919b41007[1596] access(\"/etc/ld.so.preload\", R_OK) = -2 (ENOENT)\n", 
                        "api": "access", 
                        "return_value": "-2", 
                        "instruction_pointer": "7f2919b41007", 
                        "time": 1626368271.103074, 
                        "process_name": "bzip2recover", 
                        "pid": 1596, 
                        "arguments": {
                            "p0": "/etc/ld.so.preload", 
                            "p1": "R_OK"
                        }
                    }, 
                    {
                        "status": "", 
                        "raw": "Thu Jul 15 16:57:51 2021.103090 bzip2recover@7f2919b40ebd[1596] openat(AT_FDCWD, \"/etc/ld.so.cache\", O_RDONLY|O_CLOEXEC) = 6\n", 
                        "api": "openat", 
                        "return_value": "6", 
                        "instruction_pointer": "7f2919b40ebd", 
                        "time": 1626368271.10309, 
                        "process_name": "bzip2recover", 
                        "pid": 1596, 
                        "arguments": {
                            "p2": "O_RDONLY|O_CLOEXEC", 
                            "p0": "AT_FDCWD", 
                            "p1": "/etc/ld.so.cache"
                        }
                    }, 
                    {
                        "status": "", 
                        "raw": "Thu Jul 15 16:57:51 2021.103103 bzip2recover@7f2919b40e23[1596] fstat(6, 0x7ffd5c5d2b60) = 0\n", 
                        "api": "fstat", 
                        "return_value": "0", 
                        "instruction_pointer": "7f2919b40e23", 
                        "time": 1626368271.103103, 
                        "process_name": "bzip2recover", 
                        "pid": 1596, 
                        "arguments": {
                            "p0": "6", 
                            "p1": "0x7ffd5c5d2b60"
                        }
                    }, 
                    {
                        "status": "", 
                        "raw": "Thu Jul 15 16:57:51 2021.103114 bzip2recover@7f2919b41123[1596] mmap2(0x0, 85414, PROT_READ, MAP_PRIVATE, 6, 0) = 0x7f2919d38000\n", 
                        "api": "mmap2", 
                        "return_value": "0x7f2919d38000", 
                        "instruction_pointer": "7f2919b41123", 
                        "time": 1626368271.103114, 
                        "process_name": "bzip2recover", 
                        "pid": 1596, 
                        "arguments": {
                            "p2": "PROT_READ", 
                            "p3": "MAP_PRIVATE", 
                            "p0": "0x0", 
                            "p1": "85414", 
                            "p4": "6", 
                            "p5": "0"
                        }
                    }, 
                    {
                        "status": "", 
                        "raw": "Thu Jul 15 16:57:51 2021.103125 bzip2recover@7f2919b410b7[1596] close(6) = 0\n", 
                        "api": "close", 
                        "return_value": "0", 
                        "instruction_pointer": "7f2919b410b7", 
                        "time": 1626368271.103125, 
                        "process_name": "bzip2recover", 
                        "pid": 1596, 
                        "arguments": {
                            "p0": "6"
                        }
                    }, 
                    {
                        "status": "ENOENT", 
                        "raw": "Thu Jul 15 16:57:51 2021.103140 bzip2recover@7f2919b3c2d9[1596] access(\"/etc/ld.so.nohwcap\", F_OK) = -2 (ENOENT)\n", 
                        "api": "access", 
                        "return_value": "-2", 
                        "instruction_pointer": "7f2919b3c2d9", 
                        "time": 1626368271.10314, 
                        "process_name": "bzip2recover", 
                        "pid": 1596, 
                        "arguments": {
                            "p0": "/etc/ld.so.nohwcap", 
                            "p1": "F_OK"
                        }
                    }, 
                    {
                        "status": "", 
                        "raw": "Thu Jul 15 16:57:51 2021.103157 bzip2recover@7f2919b40ebd[1596] openat(AT_FDCWD, \"/lib/x86_64-linux-gnu/libc.so.6\", O_RDONLY|O_CLOEXEC) = 6\n", 
                        "api": "openat", 
                        "return_value": "6", 
                        "instruction_pointer": "7f2919b40ebd", 
                        "time": 1626368271.103157, 
                        "process_name": "bzip2recover", 
                        "pid": 1596, 
                        "arguments": {
                            "p2": "O_RDONLY|O_CLOEXEC", 
                            "p0": "AT_FDCWD", 
                            "p1": "/lib/x86_64-linux-gnu/libc.so.6"
                        }
                    }, 
                    {
                        "status": "", 
                        "raw": "Thu Jul 15 16:57:51 2021.103169 bzip2recover@7f2919b40f84[1596] read(6, 0x7ffd5c5d2d28, 832) = 832\n", 
                        "api": "read", 
                        "return_value": "832", 
                        "instruction_pointer": "7f2919b40f84", 
                        "time": 1626368271.103169, 
                        "process_name": "bzip2recover", 
                        "pid": 1596, 
                        "arguments": {
                            "p2": "832", 
                            "p0": "6", 
                            "p1": "0x7ffd5c5d2d28"
                        }
                    }, 
                    {
                        "status": "", 
                        "raw": "Thu Jul 15 16:57:51 2021.103180 bzip2recover@7f2919b40e23[1596] fstat(6, 0x7ffd5c5d2bc0) = 0\n", 
                        "api": "fstat", 
                        "return_value": "0", 
                        "instruction_pointer": "7f2919b40e23", 
                        "time": 1626368271.10318, 
                        "process_name": "bzip2recover", 
                        "pid": 1596, 
                        "arguments": {
                            "p0": "6", 
                            "p1": "0x7ffd5c5d2bc0"
                        }
                    }, 
                    {
                        "status": "", 
                        "raw": "Thu Jul 15 16:57:51 2021.103190 bzip2recover@7f2919b41123[1596] mmap2(0x0, 8192, PROT_READ|PROT_WRITE, MAP_PRIVATE|MAP_ANONYMOUS, -1, 0) = 0x7f2919d36000\n", 
                        "api": "mmap2", 
                        "return_value": "0x7f2919d36000", 
                        "instruction_pointer": "7f2919b41123", 
                        "time": 1626368271.10319, 
                        "process_name": "bzip2recover", 
                        "pid": 1596, 
                        "arguments": {
                            "p2": "PROT_READ|PROT_WRITE", 
                            "p3": "MAP_PRIVATE|MAP_ANONYMOUS", 
                            "p0": "0x0", 
                            "p1": "8192", 
                            "p4": "-1", 
                            "p5": "0"
                        }
                    }, 
                    {
                        "status": "", 
                        "raw": "Thu Jul 15 16:57:51 2021.103204 bzip2recover@7f2919b41123[1596] mmap2(0x0, 4131552, PROT_READ|PROT_EXEC, MAP_PRIVATE|MAP_DENYWRITE, 6, 0) = 0x7f2919733000\n", 
                        "api": "mmap2", 
                        "return_value": "0x7f2919733000", 
                        "instruction_pointer": "7f2919b41123", 
                        "time": 1626368271.103204, 
                        "process_name": "bzip2recover", 
                        "pid": 1596, 
                        "arguments": {
                            "p2": "PROT_READ|PROT_EXEC", 
                            "p3": "MAP_PRIVATE|MAP_DENYWRITE", 
                            "p0": "0x0", 
                            "p1": "4131552", 
                            "p4": "6", 
                            "p5": "0"
                        }
                    }, 
                    {
                        "status": "", 
                        "raw": "Thu Jul 15 16:57:51 2021.103217 bzip2recover@7f2919b411d7[1596] mprotect(0x7f291991a000, 2097152, PROT_NONE) = 0\n", 
                        "api": "mprotect", 
                        "return_value": "0", 
                        "instruction_pointer": "7f2919b411d7", 
                        "time": 1626368271.103217, 
                        "process_name": "bzip2recover", 
                        "pid": 1596, 
                        "arguments": {
                            "p2": "PROT_NONE", 
                            "p0": "0x7f291991a000", 
                            "p1": "2097152"
                        }
                    }, 
                    {
                        "status": "", 
                        "raw": "Thu Jul 15 16:57:51 2021.103233 bzip2recover@7f2919b41123[1596] mmap2(0x7f2919b1a000, 24576, PROT_READ|PROT_WRITE, MAP_PRIVATE|MAP_FIXED|MAP_DENYWRITE, 6, 1994752) = 0x7f2919b1a000\n", 
                        "api": "mmap2", 
                        "return_value": "0x7f2919b1a000", 
                        "instruction_pointer": "7f2919b41123", 
                        "time": 1626368271.103233, 
                        "process_name": "bzip2recover", 
                        "pid": 1596, 
                        "arguments": {
                            "p2": "PROT_READ|PROT_WRITE", 
                            "p3": "MAP_PRIVATE|MAP_FIXED|MAP_DENYWRITE", 
                            "p0": "0x7f2919b1a000", 
                            "p1": "24576", 
                            "p4": "6", 
                            "p5": "1994752"
                        }
                    }, 
                    {
                        "status": "", 
                        "raw": "Thu Jul 15 16:57:51 2021.103251 bzip2recover@7f2919b41123[1596] mmap2(0x7f2919b20000, 15072, PROT_READ|PROT_WRITE, MAP_PRIVATE|MAP_FIXED|MAP_ANONYMOUS, -1, 0) = 0x7f2919b20000\n", 
                        "api": "mmap2", 
                        "return_value": "0x7f2919b20000", 
                        "instruction_pointer": "7f2919b41123", 
                        "time": 1626368271.103251, 
                        "process_name": "bzip2recover", 
                        "pid": 1596, 
                        "arguments": {
                            "p2": "PROT_READ|PROT_WRITE", 
                            "p3": "MAP_PRIVATE|MAP_FIXED|MAP_ANONYMOUS", 
                            "p0": "0x7f2919b20000", 
                            "p1": "15072", 
                            "p4": "-1", 
                            "p5": "0"
                        }
                    }, 
                    {
                        "status": "", 
                        "raw": "Thu Jul 15 16:57:51 2021.103269 bzip2recover@7f2919b410b7[1596] close(6) = 0\n", 
                        "api": "close", 
                        "return_value": "0", 
                        "instruction_pointer": "7f2919b410b7", 
                        "time": 1626368271.103269, 
                        "process_name": "bzip2recover", 
                        "pid": 1596, 
                        "arguments": {
                            "p0": "6"
                        }
                    }, 
                    {
                        "status": "", 
                        "raw": "Thu Jul 15 16:57:51 2021.103291 bzip2recover@7f2919b25024[1596] arch_prctl(ARCH_SET_FS, 139814503675072) = 0\n", 
                        "api": "arch_prctl", 
                        "return_value": "0", 
                        "instruction_pointer": "7f2919b25024", 
                        "time": 1626368271.103291, 
                        "process_name": "bzip2recover", 
                        "pid": 1596, 
                        "arguments": {
                            "p0": "ARCH_SET_FS", 
                            "p1": "139814503675072"
                        }
                    }, 
                    {
                        "status": "", 
                        "raw": "Thu Jul 15 16:57:51 2021.103349 bzip2recover@7f2919b411d7[1596] mprotect(0x7f2919b1a000, 16384, PROT_READ) = 0\n", 
                        "api": "mprotect", 
                        "return_value": "0", 
                        "instruction_pointer": "7f2919b411d7", 
                        "time": 1626368271.103349, 
                        "process_name": "bzip2recover", 
                        "pid": 1596, 
                        "arguments": {
                            "p2": "PROT_READ", 
                            "p0": "0x7f2919b1a000", 
                            "p1": "16384"
                        }
                    }, 
                    {
                        "status": "", 
                        "raw": "Thu Jul 15 16:57:51 2021.103375 bzip2recover@7f2919b411d7[1596] mprotect(0x556420f32000, 4096, PROT_READ) = 0\n", 
                        "api": "mprotect", 
                        "return_value": "0", 
                        "instruction_pointer": "7f2919b411d7", 
                        "time": 1626368271.103375, 
                        "process_name": "bzip2recover", 
                        "pid": 1596, 
                        "arguments": {
                            "p2": "PROT_READ", 
                            "p0": "0x556420f32000", 
                            "p1": "4096"
                        }
                    }, 
                    {
                        "status": "", 
                        "raw": "Thu Jul 15 16:57:51 2021.103390 bzip2recover@7f2919b411d7[1596] mprotect(0x7f2919d4d000, 4096, PROT_READ) = 0\n", 
                        "api": "mprotect", 
                        "return_value": "0", 
                        "instruction_pointer": "7f2919b411d7", 
                        "time": 1626368271.10339, 
                        "process_name": "bzip2recover", 
                        "pid": 1596, 
                        "arguments": {
                            "p2": "PROT_READ", 
                            "p0": "0x7f2919d4d000", 
                            "p1": "4096"
                        }
                    }, 
                    {
                        "status": "", 
                        "raw": "Thu Jul 15 16:57:51 2021.103405 bzip2recover@7f2919b411b7[1596] munmap(0x7f2919d38000, 85414) = 0\n", 
                        "api": "munmap", 
                        "return_value": "0", 
                        "instruction_pointer": "7f2919b411b7", 
                        "time": 1626368271.103405, 
                        "process_name": "bzip2recover", 
                        "pid": 1596, 
                        "arguments": {
                            "p0": "0x7f2919d38000", 
                            "p1": "85414"
                        }
                    }, 
                    {
                        "status": "", 
                        "raw": "Thu Jul 15 16:57:51 2021.103491 bzip2recover@7f2919843224[1596] write(2, \"bzip2recover 1.0.6: extracts blocks from dama\"..., 61) = 61\n", 
                        "api": "write", 
                        "return_value": "61", 
                        "instruction_pointer": "7f2919843224", 
                        "time": 1626368271.103491, 
                        "process_name": "bzip2recover", 
                        "pid": 1596, 
                        "arguments": {
                            "p2": "61", 
                            "p0": "2", 
                            "p1": "\"bzip2recover 1.0.6: extracts blocks from dama\"..."
                        }
                    }, 
                    {
                        "status": "", 
                        "raw": "Thu Jul 15 16:57:51 2021.103536 bzip2recover@7f2919843224[1596] write(2, \"/tmp/bzip2recover: usage is `/tmp/bzip2recove\"..., 67) = 67\n", 
                        "api": "write", 
                        "return_value": "67", 
                        "instruction_pointer": "7f2919843224", 
                        "time": 1626368271.103536, 
                        "process_name": "bzip2recover", 
                        "pid": 1596, 
                        "arguments": {
                            "p2": "67", 
                            "p0": "2", 
                            "p1": "\"/tmp/bzip2recover: usage is `/tmp/bzip2recove\"..."
                        }
                    }, 
                    {
                        "status": "", 
                        "raw": "Thu Jul 15 16:57:51 2021.103551 bzip2recover@7f2919843224[1596] write(2, \"\\trestrictions on size of recovered file: None\\n\", 46) = 46\n", 
                        "api": "write", 
                        "return_value": "46", 
                        "instruction_pointer": "7f2919843224", 
                        "time": 1626368271.103551, 
                        "process_name": "bzip2recover", 
                        "pid": 1596, 
                        "arguments": {
                            "p2": "46", 
                            "p0": "2", 
                            "p1": "\trestrictions on size of recovered file: None\n"
                        }
                    }, 
                    {
                        "status": "", 
                        "raw": "Thu Jul 15 16:57:51 2021.103567 bzip2recover@7f2919817bd6[1596] exit_group(1)\n", 
                        "api": "exit_group", 
                        "return_value": "", 
                        "instruction_pointer": "7f2919817bd6", 
                        "time": 1626368271.103567, 
                        "process_name": "bzip2recover", 
                        "pid": 1596, 
                        "arguments": {
                            "p0": "1"
                        }
                    }
                ], 
                "pid": 1596, 
                "process_name": "bzip2recover", 
                "command_line": "/tmp/bzip2recover", 
                "first_seen": 1626368271.102724, 
                "ppid": 1595, 
                "type": "process"
            }
        ], 
        "processtree": [
            {
                "track": true, 
                "pid": 1596, 
                "process_name": "bzip2recover", 
                "command_line": "/tmp/bzip2recover", 
                "first_seen": 1626368271.102724, 
                "ppid": 1595, 
                "children": []
            }
        ]
    }, 
    "debug": {
        "action": [], 
        "dbgview": [], 
        "errors": [], 
        "log": [
            "2021-07-15 18:57:47,026 [root] DEBUG: Starting analyzer from: /tmpWvQWM5\n", 
            "2021-07-15 18:57:47,027 [root] DEBUG: Storing results at: /tmp/CmjpOfysJ\n", 
            "2021-07-15 18:57:47,027 [root] DEBUG: BIANCA DEBUG: \n", 
            "2021-07-15 18:57:47,027 [root] DEBUG: No analysis package specified, trying to detect it automagically.\n", 
            "2021-07-15 18:57:47,027 [root] INFO: Automatically selected analysis package \"generic\"\n", 
            "2021-07-15 18:57:47,063 [root] DEBUG: Bianca DEBUG[<class 'modules.auxiliary.stap.STAP'>]\n", 
            "2021-07-15 18:57:47,064 [modules.auxiliary.stap] WARNING: BIANCA DEBUG: IT GOT TO STAP INIT\n", 
            "2021-07-15 18:57:47,064 [modules.auxiliary.stap] WARNING: BIANCA DEBUG: STAP STARTEDDDDDDDDDDDD\n", 
            "2021-07-15 18:57:47,070 [modules.auxiliary.stap] WARNING: BIANCAAAA stap path: /root/.cuckoo/stap_.ko\n", 
            "2021-07-15 18:57:47,071 [modules.auxiliary.stap] WARNING: HELLO DARKNESS MY OLD FRIENDDD\n", 
            "2021-07-15 18:57:47,083 [modules.auxiliary.stap] WARNING: IT STARTED NOW NOW NOW\n", 
            "2021-07-15 18:57:51,098 [modules.auxiliary.stap] DEBUG: STAP aux module startup took 4.03 seconds\n", 
            "2021-07-15 18:57:51,098 [root] DEBUG: Started auxiliary module STAP\n", 
            "2021-07-15 18:57:51,100 [root] INFO: Added new process to list with pid: 1595\n", 
            "2021-07-15 18:57:52,102 [root] INFO: Process with pid 1595 has terminated\n", 
            "2021-07-15 18:57:52,102 [root] INFO: Process list is empty, terminating analysis.\n", 
            "2021-07-15 18:57:53,104 [modules.auxiliary.stap] DEBUG: stap subprocess retval None\n", 
            "2021-07-15 18:57:53,104 [modules.auxiliary.stap] DEBUG: BIANCA SEND FILE FROM STRAP: stap.log -> logs/all.stap\n", 
            "2021-07-15 18:57:53,109 [root] INFO: Analysis completed.\n"
        ], 
        "cuckoo": [
            "2021-07-15 18:57:47,795 [cuckoo.core.scheduler] INFO: Task #20: acquired machine cuc (label=cuc)\n", 
            "2021-07-15 18:57:47,796 [cuckoo.core.resultserver] DEBUG: Now tracking machine 192.168.56.101 for task #20\n", 
            "2021-07-15 18:57:47,796 [cuckoo.core.plugins] DEBUG: Started auxiliary module: Replay\n", 
            "2021-07-15 18:57:47,801 [cuckoo.auxiliary.sniffer] INFO: Started sniffer with PID 25451 (interface=vboxnet0, host=192.168.56.101)\n", 
            "2021-07-15 18:57:47,802 [cuckoo.core.plugins] DEBUG: Started auxiliary module: Sniffer\n", 
            "2021-07-15 18:57:47,919 [cuckoo.machinery.virtualbox] DEBUG: Starting vm cuc\n", 
            "2021-07-15 18:57:48,123 [cuckoo.machinery.virtualbox] DEBUG: Restoring virtual machine cuc to final_3\n", 
            "2021-07-15 18:57:59,399 [cuckoo.core.guest] INFO: Starting analysis #20 on guest (id=cuc, ip=192.168.56.101)\n", 
            "2021-07-15 18:58:00,402 [cuckoo.core.guest] DEBUG: cuc: not ready yet\n", 
            "2021-07-15 18:58:01,405 [cuckoo.core.guest] DEBUG: cuc: not ready yet\n", 
            "2021-07-15 18:58:02,408 [cuckoo.core.guest] DEBUG: cuc: not ready yet\n", 
            "2021-07-15 18:58:02,415 [cuckoo.core.guest] INFO: Guest is running Cuckoo Agent 0.10 (id=cuc, ip=192.168.56.101)\n", 
            "2021-07-15 18:58:02,425 [cuckoo.core.guest] DEBUG: Uploading analyzer to guest (id=cuc, ip=192.168.56.101, monitor=latest, size=31337)\n", 
            "2021-07-15 18:58:02,613 [cuckoo.core.resultserver] DEBUG: Task #20: live log analysis.log initialized.\n", 
            "2021-07-15 18:58:07,605 [cuckoo.core.guest] DEBUG: cuc: analysis #20 still processing\n", 
            "2021-07-15 18:58:08,729 [cuckoo.core.resultserver] DEBUG: Task #20: File upload for 'logs/all.stap'\n", 
            "2021-07-15 18:58:08,731 [cuckoo.core.resultserver] DEBUG: Task #20 uploaded file length: 9658\n", 
            "2021-07-15 18:58:12,634 [cuckoo.core.guest] DEBUG: cuc: analysis #20 still processing\n", 
            "2021-07-15 18:58:17,666 [cuckoo.core.guest] DEBUG: cuc: analysis #20 still processing\n", 
            "2021-07-15 18:58:22,695 [cuckoo.core.guest] DEBUG: cuc: analysis #20 still processing\n", 
            "2021-07-15 18:58:27,722 [cuckoo.core.guest] DEBUG: cuc: analysis #20 still processing\n", 
            "2021-07-15 18:58:32,748 [cuckoo.core.guest] DEBUG: cuc: analysis #20 still processing\n", 
            "2021-07-15 18:58:37,776 [cuckoo.core.guest] DEBUG: cuc: analysis #20 still processing\n", 
            "2021-07-15 18:58:42,802 [cuckoo.core.guest] DEBUG: cuc: analysis #20 still processing\n", 
            "2021-07-15 18:58:47,828 [cuckoo.core.guest] DEBUG: cuc: analysis #20 still processing\n", 
            "2021-07-15 18:58:52,854 [cuckoo.core.guest] DEBUG: cuc: analysis #20 still processing\n", 
            "2021-07-15 18:58:57,881 [cuckoo.core.guest] DEBUG: cuc: analysis #20 still processing\n", 
            "2021-07-15 18:59:02,907 [cuckoo.core.guest] DEBUG: cuc: analysis #20 still processing\n", 
            "2021-07-15 18:59:07,934 [cuckoo.core.guest] DEBUG: cuc: analysis #20 still processing\n", 
            "2021-07-15 18:59:12,961 [cuckoo.core.guest] DEBUG: cuc: analysis #20 still processing\n", 
            "2021-07-15 18:59:17,990 [cuckoo.core.guest] DEBUG: cuc: analysis #20 still processing\n", 
            "2021-07-15 18:59:23,016 [cuckoo.core.guest] DEBUG: cuc: analysis #20 still processing\n", 
            "2021-07-15 18:59:28,043 [cuckoo.core.guest] DEBUG: cuc: analysis #20 still processing\n", 
            "2021-07-15 18:59:33,071 [cuckoo.core.guest] DEBUG: cuc: analysis #20 still processing\n", 
            "2021-07-15 18:59:38,097 [cuckoo.core.guest] DEBUG: cuc: analysis #20 still processing\n", 
            "2021-07-15 18:59:43,123 [cuckoo.core.guest] DEBUG: cuc: analysis #20 still processing\n", 
            "2021-07-15 18:59:48,150 [cuckoo.core.guest] DEBUG: cuc: analysis #20 still processing\n", 
            "2021-07-15 18:59:53,176 [cuckoo.core.guest] DEBUG: cuc: analysis #20 still processing\n", 
            "2021-07-15 18:59:58,203 [cuckoo.core.guest] DEBUG: cuc: analysis #20 still processing\n", 
            "2021-07-15 19:00:03,230 [cuckoo.core.guest] DEBUG: cuc: analysis #20 still processing\n", 
            "2021-07-15 19:00:08,257 [cuckoo.core.guest] DEBUG: cuc: analysis #20 still processing\n", 
            "2021-07-15 19:00:13,284 [cuckoo.core.guest] DEBUG: cuc: analysis #20 still processing\n", 
            "2021-07-15 19:00:18,310 [cuckoo.core.guest] DEBUG: cuc: analysis #20 still processing\n", 
            "2021-07-15 19:00:23,337 [cuckoo.core.guest] DEBUG: cuc: analysis #20 still processing\n", 
            "2021-07-15 19:00:28,365 [cuckoo.core.guest] DEBUG: cuc: analysis #20 still processing\n", 
            "2021-07-15 19:00:33,392 [cuckoo.core.guest] DEBUG: c"
        ]
    }, 
    "strings": [
        "/lib64/ld-linux-x86-64.so.2", 
        "libc.so.6", 
        "__stpcpy_chk", 
        "fflush", 
        "_IO_putc", 
        "strrchr", 
        "perror", 
        "strlen", 
        "__errno_location", 
        "__fprintf_chk", 
        "fclose", 
        "malloc", 
        "stderr", 
        "fwrite", 
        "__memcpy_chk", 
        "fdopen", 
        "__strcpy_chk", 
        "__cxa_finalize", 
        "__sprintf_chk", 
        "fopen64", 
        "_IO_getc", 
        "__libc_start_main", 
        "inFileName", 
        "bytesIn", 
        "rbStart", 
        "outFileName", 
        "_IO_stdin_used", 
        "progName", 
        "bytesOut", 
        "GLIBC_2.3.4", 
        "GLIBC_2.2.5", 
        "_ITM_deregisterTMCloneTable", 
        "__gmon_start__", 
        "_ITM_registerTMCloneTable", 
        "AUATUSH", 
        "P8Et:M", 
        "HcD$,L", 
        "[]A\\A]A^A_", 
        "[]A\\A]A^A_", 
        "%s: I/O error reading `%s', possible reason follows.", 
        "%s: warning: output file(s) may be incomplete.", 
        "%s: malloc failed on request for %d bytes.", 
        "bzip2recover 1.0.6: extracts blocks from damaged .bz2 files.", 
        "%s: usage is `%s damaged_file_name'.", 
        "restrictions on size of recovered file: None", 
        "%s: supplied filename is suspiciously (>= %d chars) long.  Bye!", 
        "%s: searching for block boundaries ...", 
        "   block %d runs from %Lu to %Lu (incomplete)", 
        "   block %d runs from %Lu to %Lu", 
        "%s: `%s' appears to contain more than %d blocks", 
        "%s: and cannot be handled.  To fix, increase", 
        "%s: BZ_MAX_HANDLED_BLOCKS in bzip2recover.c, and recompile.", 
        "%s: sorry, I couldn't find any block boundaries.", 
        "   writing block %d to `%s' ...", 
        "%s: can't read `%s'", 
        "%s: splitting into blocks", 
        "%s: can't open `%s'", 
        "rec%5d", 
        "%s: can't write `%s'", 
        "%s: finished", 
        "c4ec55f722ee92f8add00d36c682e5dfc60f6c.debug", 
        ".shstrtab", 
        ".interp", 
        ".note.ABI-tag", 
        ".note.gnu.build-id", 
        ".gnu.hash", 
        ".dynsym", 
        ".dynstr", 
        ".gnu.version", 
        ".gnu.version_r", 
        ".rela.dyn", 
        ".rela.plt", 
        ".plt.got", 
        ".rodata", 
        ".eh_frame_hdr", 
        ".eh_frame", 
        ".init_array", 
        ".fini_array", 
        ".dynamic", 
        ".gnu_debuglink"
    ], 
    "metadata": {
        "output": {
            "pcap": {
                "basename": "dump.pcap", 
                "sha256": "33fd40b84c37db7d5f077522acfbbd8226bf54c70902ed7c630c9078da3ef405", 
                "dirname": ""
            }
        }
    }
}