{
    "info": {
        "added": 1626379345.044589, 
        "started": 1626379345.473057, 
        "duration": 192, 
        "ended": 1626379537.734553, 
        "owner": null, 
        "score": 0.0, 
        "id": 31, 
        "category": "file", 
        "git": {
            "head": "13cbe0d9e457be3673304533043e992ead1ea9b2", 
            "fetch_head": "13cbe0d9e457be3673304533043e992ead1ea9b2"
        }, 
        "monitor": "2deb9ccd75d5a7a3fe05b2625b03a8639d6ee36b", 
        "package": "", 
        "route": "none", 
        "custom": null, 
        "machine": {
            "status": "stopped", 
            "name": "cuc", 
            "label": "cuc", 
            "manager": "VirtualBox", 
            "started_on": "2021-07-15 20:02:25", 
            "shutdown_on": "2021-07-15 20:05:37"
        }, 
        "platform": null, 
        "version": "2.0.7", 
        "options": ""
    }, 
    "signatures": [], 
    "target": {
        "category": "file", 
        "file": {
            "yara": [], 
            "sha1": "639298eff80832b052380567e1a7a31261e35509", 
            "name": "date", 
            "type": "ELF 64-bit LSB shared object, x86-64, version 1 (SYSV), dynamically linked, interpreter /lib64/ld-linux-x86-64.so.2, for GNU/Linux 3.2.0, BuildID[sha1]=928372ae2fd3174beb18fbb40a2023aa73a65b48, stripped", 
            "sha256": "1f5e7c13d30a44a211f0cb86e9bf8ff75e7ccf04fed673437b3f86a8893f8bc6", 
            "urls": [
                "http://gnu.org/licenses/gpl.html", 
                "http://translationproject.org/team/", 
                "http://www.gnu.org/software/coreutils/", 
                "http://www.gnu.org/gethelp/"
            ], 
            "crc32": "D8849E6F", 
            "path": "/home/cuckoo/.cuckoo/storage/binaries/1f5e7c13d30a44a211f0cb86e9bf8ff75e7ccf04fed673437b3f86a8893f8bc6", 
            "ssdeep": null, 
            "size": 100568, 
            "sha512": "daf8649fbe1626230c2585c9f932a4f9b7396022c0b1ac67e7ccc4834e247f0bfe4afa3933ec45fc998d0d1e1300065626567c3d43a9e223ac477aca874e898f", 
            "md5": "ee234d9137cf221bdf977e36c301f977"
        }
    }, 
    "network": {
        "tls": [], 
        "udp": [
            {
                "src": "192.168.56.101", 
                "dst": "224.0.0.251", 
                "offset": 234, 
                "time": 0.35619688034057617, 
                "dport": 5353, 
                "sport": 5353
            }
        ], 
        "dns_servers": [
            "224.0.0.251"
        ], 
        "http": [], 
        "icmp": [], 
        "smtp": [], 
        "tcp": [], 
        "smtp_ex": [], 
        "mitm": [], 
        "hosts": [], 
        "pcap_sha256": "589779140bbf4ecb222510f1ae11a806606439a5fc1b7193fae5f9fb3db5e3ac", 
        "dns": [
            {
                "type": "PTR", 
                "request": "_sane-port._tcp.local", 
                "answers": []
            }, 
            {
                "type": "PTR", 
                "request": "_ipps._tcp.local", 
                "answers": []
            }
        ], 
        "http_ex": [], 
        "domains": [
            {
                "ip": "", 
                "domain": "_ipps._tcp.local"
            }, 
            {
                "ip": "", 
                "domain": "_sane-port._tcp.local"
            }
        ], 
        "dead_hosts": [], 
        "sorted_pcap_sha256": "bec79cfd1d9a01a6d8416fbcd9bdc5a531b8a90ebcb1ab822b79f2a0f82ff8af", 
        "irc": [], 
        "https_ex": []
    }, 
    "behavior": {
        "generic": [
            {
                "process_path": null, 
                "process_name": "date", 
                "pid": 1599, 
                "summary": {}, 
                "first_seen": 1626372148.969652, 
                "ppid": 1598
            }
        ], 
        "processes": [
            {
                "calls": [
                    {
                        "status": "", 
                        "raw": "Thu Jul 15 18:02:28 2021.969652 date@7ff95a9510a9[1599] execve(\"/tmp/date\", [\"/tmp/date\"], [\"LC_TIME=de_CH.UTF-8\", \"HOME=/root\", \"LC_MONETARY=de_CH.UTF-8\", \"LOGNAME=root\", \"PATH=/usr/bin:/bin\", \"LC_ADDRESS=de_CH.UTF-8\", \"LANG=en_US.UTF-8\", \"LC_TELEPHONE=de_CH.UTF-8\", \"LC_NAME=de_CH.UTF-8\", \"SHELL=/bin/sh\", \"LC_MEASUREMENT=de_CH.UTF-8\", \"LC_IDENTIFICATION=de_CH.UTF-8\", \"PWD=/tmpt3nmm2\", \"LC_NUMERIC=de_CH.UTF-8\", \"LC_PAPER=de_CH.UTF-8\"])\n", 
                        "api": "execve", 
                        "return_value": "", 
                        "instruction_pointer": "7ff95a9510a9", 
                        "time": 1626372148.969652, 
                        "process_name": "date", 
                        "pid": 1599, 
                        "arguments": {
                            "p2": [
                                "LC_TIME=de_CH.UTF-8", 
                                "HOME=/root", 
                                "LC_MONETARY=de_CH.UTF-8", 
                                "LOGNAME=root", 
                                "PATH=/usr/bin:/bin", 
                                "LC_ADDRESS=de_CH.UTF-8", 
                                "LANG=en_US.UTF-8", 
                                "LC_TELEPHONE=de_CH.UTF-8", 
                                "LC_NAME=de_CH.UTF-8", 
                                "SHELL=/bin/sh", 
                                "LC_MEASUREMENT=de_CH.UTF-8", 
                                "LC_IDENTIFICATION=de_CH.UTF-8", 
                                "PWD=/tmpt3nmm2", 
                                "LC_NUMERIC=de_CH.UTF-8", 
                                "LC_PAPER=de_CH.UTF-8"
                            ], 
                            "p0": "/tmp/date", 
                            "p1": [
                                "/tmp/date"
                            ]
                        }
                    }, 
                    {
                        "status": "", 
                        "raw": "Thu Jul 15 18:02:28 2021.969789 date@7ff95a9510a9[1599] brk(0x0) = 94623465451520\n", 
                        "api": "brk", 
                        "return_value": "94623465451520", 
                        "instruction_pointer": "7ff95a9510a9", 
                        "time": 1626372148.969789, 
                        "process_name": "date", 
                        "pid": 1599, 
                        "arguments": {
                            "p0": "0x0"
                        }
                    }, 
                    {
                        "status": "ENOENT", 
                        "raw": "Thu Jul 15 18:02:28 2021.969824 date@7ff95a94496e[1599] access(\"/etc/ld.so.nohwcap\", F_OK) = -2 (ENOENT)\n", 
                        "api": "access", 
                        "return_value": "-2", 
                        "instruction_pointer": "7ff95a94496e", 
                        "time": 1626372148.969824, 
                        "process_name": "date", 
                        "pid": 1599, 
                        "arguments": {
                            "p0": "/etc/ld.so.nohwcap", 
                            "p1": "F_OK"
                        }
                    }, 
                    {
                        "status": "ENOENT", 
                        "raw": "Thu Jul 15 18:02:28 2021.969841 date@7ff95a952007[1599] access(\"/etc/ld.so.preload\", R_OK) = -2 (ENOENT)\n", 
                        "api": "access", 
                        "return_value": "-2", 
                        "instruction_pointer": "7ff95a952007", 
                        "time": 1626372148.969841, 
                        "process_name": "date", 
                        "pid": 1599, 
                        "arguments": {
                            "p0": "/etc/ld.so.preload", 
                            "p1": "R_OK"
                        }
                    }, 
                    {
                        "status": "", 
                        "raw": "Thu Jul 15 18:02:28 2021.969858 date@7ff95a951ebd[1599] openat(AT_FDCWD, \"/etc/ld.so.cache\", O_RDONLY|O_CLOEXEC) = 6\n", 
                        "api": "openat", 
                        "return_value": "6", 
                        "instruction_pointer": "7ff95a951ebd", 
                        "time": 1626372148.969858, 
                        "process_name": "date", 
                        "pid": 1599, 
                        "arguments": {
                            "p2": "O_RDONLY|O_CLOEXEC", 
                            "p0": "AT_FDCWD", 
                            "p1": "/etc/ld.so.cache"
                        }
                    }, 
                    {
                        "status": "", 
                        "raw": "Thu Jul 15 18:02:28 2021.969871 date@7ff95a951e23[1599] fstat(6, 0x7fff0a2b9010) = 0\n", 
                        "api": "fstat", 
                        "return_value": "0", 
                        "instruction_pointer": "7ff95a951e23", 
                        "time": 1626372148.969871, 
                        "process_name": "date", 
                        "pid": 1599, 
                        "arguments": {
                            "p0": "6", 
                            "p1": "0x7fff0a2b9010"
                        }
                    }, 
                    {
                        "status": "", 
                        "raw": "Thu Jul 15 18:02:28 2021.969882 date@7ff95a952123[1599] mmap2(0x0, 85414, PROT_READ, MAP_PRIVATE, 6, 0) = 0x7ff95ab49000\n", 
                        "api": "mmap2", 
                        "return_value": "0x7ff95ab49000", 
                        "instruction_pointer": "7ff95a952123", 
                        "time": 1626372148.969882, 
                        "process_name": "date", 
                        "pid": 1599, 
                        "arguments": {
                            "p2": "PROT_READ", 
                            "p3": "MAP_PRIVATE", 
                            "p0": "0x0", 
                            "p1": "85414", 
                            "p4": "6", 
                            "p5": "0"
                        }
                    }, 
                    {
                        "status": "", 
                        "raw": "Thu Jul 15 18:02:28 2021.969893 date@7ff95a9520b7[1599] close(6) = 0\n", 
                        "api": "close", 
                        "return_value": "0", 
                        "instruction_pointer": "7ff95a9520b7", 
                        "time": 1626372148.969893, 
                        "process_name": "date", 
                        "pid": 1599, 
                        "arguments": {
                            "p0": "6"
                        }
                    }, 
                    {
                        "status": "ENOENT", 
                        "raw": "Thu Jul 15 18:02:28 2021.969907 date@7ff95a94d2d9[1599] access(\"/etc/ld.so.nohwcap\", F_OK) = -2 (ENOENT)\n", 
                        "api": "access", 
                        "return_value": "-2", 
                        "instruction_pointer": "7ff95a94d2d9", 
                        "time": 1626372148.969907, 
                        "process_name": "date", 
                        "pid": 1599, 
                        "arguments": {
                            "p0": "/etc/ld.so.nohwcap", 
                            "p1": "F_OK"
                        }
                    }, 
                    {
                        "status": "", 
                        "raw": "Thu Jul 15 18:02:28 2021.969924 date@7ff95a951ebd[1599] openat(AT_FDCWD, \"/lib/x86_64-linux-gnu/libc.so.6\", O_RDONLY|O_CLOEXEC) = 6\n", 
                        "api": "openat", 
                        "return_value": "6", 
                        "instruction_pointer": "7ff95a951ebd", 
                        "time": 1626372148.969924, 
                        "process_name": "date", 
                        "pid": 1599, 
                        "arguments": {
                            "p2": "O_RDONLY|O_CLOEXEC", 
                            "p0": "AT_FDCWD", 
                            "p1": "/lib/x86_64-linux-gnu/libc.so.6"
                        }
                    }, 
                    {
                        "status": "", 
                        "raw": "Thu Jul 15 18:02:28 2021.969936 date@7ff95a951f84[1599] read(6, 0x7fff0a2b91d8, 832) = 832\n", 
                        "api": "read", 
                        "return_value": "832", 
                        "instruction_pointer": "7ff95a951f84", 
                        "time": 1626372148.969936, 
                        "process_name": "date", 
                        "pid": 1599, 
                        "arguments": {
                            "p2": "832", 
                            "p0": "6", 
                            "p1": "0x7fff0a2b91d8"
                        }
                    }, 
                    {
                        "status": "", 
                        "raw": "Thu Jul 15 18:02:28 2021.969946 date@7ff95a951e23[1599] fstat(6, 0x7fff0a2b9070) = 0\n", 
                        "api": "fstat", 
                        "return_value": "0", 
                        "instruction_pointer": "7ff95a951e23", 
                        "time": 1626372148.969946, 
                        "process_name": "date", 
                        "pid": 1599, 
                        "arguments": {
                            "p0": "6", 
                            "p1": "0x7fff0a2b9070"
                        }
                    }, 
                    {
                        "status": "", 
                        "raw": "Thu Jul 15 18:02:28 2021.969956 date@7ff95a952123[1599] mmap2(0x0, 8192, PROT_READ|PROT_WRITE, MAP_PRIVATE|MAP_ANONYMOUS, -1, 0) = 0x7ff95ab47000\n", 
                        "api": "mmap2", 
                        "return_value": "0x7ff95ab47000", 
                        "instruction_pointer": "7ff95a952123", 
                        "time": 1626372148.969956, 
                        "process_name": "date", 
                        "pid": 1599, 
                        "arguments": {
                            "p2": "PROT_READ|PROT_WRITE", 
                            "p3": "MAP_PRIVATE|MAP_ANONYMOUS", 
                            "p0": "0x0", 
                            "p1": "8192", 
                            "p4": "-1", 
                            "p5": "0"
                        }
                    }, 
                    {
                        "status": "", 
                        "raw": "Thu Jul 15 18:02:28 2021.969971 date@7ff95a952123[1599] mmap2(0x0, 4131552, PROT_READ|PROT_EXEC, MAP_PRIVATE|MAP_DENYWRITE, 6, 0) = 0x7ff95a544000\n", 
                        "api": "mmap2", 
                        "return_value": "0x7ff95a544000", 
                        "instruction_pointer": "7ff95a952123", 
                        "time": 1626372148.969971, 
                        "process_name": "date", 
                        "pid": 1599, 
                        "arguments": {
                            "p2": "PROT_READ|PROT_EXEC", 
                            "p3": "MAP_PRIVATE|MAP_DENYWRITE", 
                            "p0": "0x0", 
                            "p1": "4131552", 
                            "p4": "6", 
                            "p5": "0"
                        }
                    }, 
                    {
                        "status": "", 
                        "raw": "Thu Jul 15 18:02:28 2021.969984 date@7ff95a9521d7[1599] mprotect(0x7ff95a72b000, 2097152, PROT_NONE) = 0\n", 
                        "api": "mprotect", 
                        "return_value": "0", 
                        "instruction_pointer": "7ff95a9521d7", 
                        "time": 1626372148.969984, 
                        "process_name": "date", 
                        "pid": 1599, 
                        "arguments": {
                            "p2": "PROT_NONE", 
                            "p0": "0x7ff95a72b000", 
                            "p1": "2097152"
                        }
                    }, 
                    {
                        "status": "", 
                        "raw": "Thu Jul 15 18:02:28 2021.969998 date@7ff95a952123[1599] mmap2(0x7ff95a92b000, 24576, PROT_READ|PROT_WRITE, MAP_PRIVATE|MAP_FIXED|MAP_DENYWRITE, 6, 1994752) = 0x7ff95a92b000\n", 
                        "api": "mmap2", 
                        "return_value": "0x7ff95a92b000", 
                        "instruction_pointer": "7ff95a952123", 
                        "time": 1626372148.969998, 
                        "process_name": "date", 
                        "pid": 1599, 
                        "arguments": {
                            "p2": "PROT_READ|PROT_WRITE", 
                            "p3": "MAP_PRIVATE|MAP_FIXED|MAP_DENYWRITE", 
                            "p0": "0x7ff95a92b000", 
                            "p1": "24576", 
                            "p4": "6", 
                            "p5": "1994752"
                        }
                    }, 
                    {
                        "status": "", 
                        "raw": "Thu Jul 15 18:02:28 2021.970016 date@7ff95a952123[1599] mmap2(0x7ff95a931000, 15072, PROT_READ|PROT_WRITE, MAP_PRIVATE|MAP_FIXED|MAP_ANONYMOUS, -1, 0) = 0x7ff95a931000\n", 
                        "api": "mmap2", 
                        "return_value": "0x7ff95a931000", 
                        "instruction_pointer": "7ff95a952123", 
                        "time": 1626372148.970016, 
                        "process_name": "date", 
                        "pid": 1599, 
                        "arguments": {
                            "p2": "PROT_READ|PROT_WRITE", 
                            "p3": "MAP_PRIVATE|MAP_FIXED|MAP_ANONYMOUS", 
                            "p0": "0x7ff95a931000", 
                            "p1": "15072", 
                            "p4": "-1", 
                            "p5": "0"
                        }
                    }, 
                    {
                        "status": "", 
                        "raw": "Thu Jul 15 18:02:28 2021.970035 date@7ff95a9520b7[1599] close(6) = 0\n", 
                        "api": "close", 
                        "return_value": "0", 
                        "instruction_pointer": "7ff95a9520b7", 
                        "time": 1626372148.970035, 
                        "process_name": "date", 
                        "pid": 1599, 
                        "arguments": {
                            "p0": "6"
                        }
                    }, 
                    {
                        "status": "", 
                        "raw": "Thu Jul 15 18:02:28 2021.970056 date@7ff95a936024[1599] arch_prctl(ARCH_SET_FS, 140708945364288) = 0\n", 
                        "api": "arch_prctl", 
                        "return_value": "0", 
                        "instruction_pointer": "7ff95a936024", 
                        "time": 1626372148.970056, 
                        "process_name": "date", 
                        "pid": 1599, 
                        "arguments": {
                            "p0": "ARCH_SET_FS", 
                            "p1": "140708945364288"
                        }
                    }, 
                    {
                        "status": "", 
                        "raw": "Thu Jul 15 18:02:28 2021.970114 date@7ff95a9521d7[1599] mprotect(0x7ff95a92b000, 16384, PROT_READ) = 0\n", 
                        "api": "mprotect", 
                        "return_value": "0", 
                        "instruction_pointer": "7ff95a9521d7", 
                        "time": 1626372148.970114, 
                        "process_name": "date", 
                        "pid": 1599, 
                        "arguments": {
                            "p2": "PROT_READ", 
                            "p0": "0x7ff95a92b000", 
                            "p1": "16384"
                        }
                    }, 
                    {
                        "status": "", 
                        "raw": "Thu Jul 15 18:02:28 2021.970153 date@7ff95a9521d7[1599] mprotect(0x560f3d7eb000, 8192, PROT_READ) = 0\n", 
                        "api": "mprotect", 
                        "return_value": "0", 
                        "instruction_pointer": "7ff95a9521d7", 
                        "time": 1626372148.970153, 
                        "process_name": "date", 
                        "pid": 1599, 
                        "arguments": {
                            "p2": "PROT_READ", 
                            "p0": "0x560f3d7eb000", 
                            "p1": "8192"
                        }
                    }, 
                    {
                        "status": "", 
                        "raw": "Thu Jul 15 18:02:28 2021.970169 date@7ff95a9521d7[1599] mprotect(0x7ff95ab5e000, 4096, PROT_READ) = 0\n", 
                        "api": "mprotect", 
                        "return_value": "0", 
                        "instruction_pointer": "7ff95a9521d7", 
                        "time": 1626372148.970169, 
                        "process_name": "date", 
                        "pid": 1599, 
                        "arguments": {
                            "p2": "PROT_READ", 
                            "p0": "0x7ff95ab5e000", 
                            "p1": "4096"
                        }
                    }, 
                    {
                        "status": "", 
                        "raw": "Thu Jul 15 18:02:28 2021.970184 date@7ff95a9521b7[1599] munmap(0x7ff95ab49000, 85414) = 0\n", 
                        "api": "munmap", 
                        "return_value": "0", 
                        "instruction_pointer": "7ff95a9521b7", 
                        "time": 1626372148.970184, 
                        "process_name": "date", 
                        "pid": 1599, 
                        "arguments": {
                            "p0": "0x7ff95ab49000", 
                            "p1": "85414"
                        }
                    }, 
                    {
                        "status": "", 
                        "raw": "Thu Jul 15 18:02:28 2021.970286 date@7ff95a65a1f9[1599] brk(0x0) = 94623465451520\n", 
                        "api": "brk", 
                        "return_value": "94623465451520", 
                        "instruction_pointer": "7ff95a65a1f9", 
                        "time": 1626372148.970286, 
                        "process_name": "date", 
                        "pid": 1599, 
                        "arguments": {
                            "p0": "0x0"
                        }
                    }, 
                    {
                        "status": "", 
                        "raw": "Thu Jul 15 18:02:28 2021.970296 date@7ff95a65a1f9[1599] brk(0x560f3e0dc000) = 94623465586688\n", 
                        "api": "brk", 
                        "return_value": "94623465586688", 
                        "instruction_pointer": "7ff95a65a1f9", 
                        "time": 1626372148.970296, 
                        "process_name": "date", 
                        "pid": 1599, 
                        "arguments": {
                            "p0": "0x560f3e0dc000"
                        }
                    }, 
                    {
                        "status": "", 
                        "raw": "Thu Jul 15 18:02:28 2021.970322 date@7ff95a653e81[1599] openat(AT_FDCWD, \"/usr/lib/locale/locale-archive\", O_RDONLY|O_CLOEXEC) = 6\n", 
                        "api": "openat", 
                        "return_value": "6", 
                        "instruction_pointer": "7ff95a653e81", 
                        "time": 1626372148.970322, 
                        "process_name": "date", 
                        "pid": 1599, 
                        "arguments": {
                            "p2": "O_RDONLY|O_CLOEXEC", 
                            "p0": "AT_FDCWD", 
                            "p1": "/usr/lib/locale/locale-archive"
                        }
                    }, 
                    {
                        "status": "", 
                        "raw": "Thu Jul 15 18:02:28 2021.970355 date@7ff95a653893[1599] fstat(6, 0x7ff95a930ac0) = 0\n", 
                        "api": "fstat", 
                        "return_value": "0", 
                        "instruction_pointer": "7ff95a653893", 
                        "time": 1626372148.970355, 
                        "process_name": "date", 
                        "pid": 1599, 
                        "arguments": {
                            "p0": "6", 
                            "p1": "0x7ff95a930ac0"
                        }
                    }, 
                    {
                        "status": "", 
                        "raw": "Thu Jul 15 18:02:28 2021.970366 date@7ff95a65f813[1599] mmap2(0x0, 3339216, PROT_READ, MAP_PRIVATE, 6, 0) = 0x7ff95a214000\n", 
                        "api": "mmap2", 
                        "return_value": "0x7ff95a214000", 
                        "instruction_pointer": "7ff95a65f813", 
                        "time": 1626372148.970366, 
                        "process_name": "date", 
                        "pid": 1599, 
                        "arguments": {
                            "p2": "PROT_READ", 
                            "p3": "MAP_PRIVATE", 
                            "p0": "0x0", 
                            "p1": "3339216", 
                            "p4": "6", 
                            "p5": "0"
                        }
                    }, 
                    {
                        "status": "", 
                        "raw": "Thu Jul 15 18:02:28 2021.970398 date@7ff95a654a17[1599] close(6) = 0\n", 
                        "api": "close", 
                        "return_value": "0", 
                        "instruction_pointer": "7ff95a654a17", 
                        "time": 1626372148.970398, 
                        "process_name": "date", 
                        "pid": 1599, 
                        "arguments": {
                            "p0": "6"
                        }
                    }, 
                    {
                        "status": "", 
                        "raw": "Thu Jul 15 18:02:28 2021.970462 date@7ff95a653e81[1599] openat(AT_FDCWD, \"/etc/localtime\", O_RDONLY|O_CLOEXEC) = 6\n", 
                        "api": "openat", 
                        "return_value": "6", 
                        "instruction_pointer": "7ff95a653e81", 
                        "time": 1626372148.970462, 
                        "process_name": "date", 
                        "pid": 1599, 
                        "arguments": {
                            "p2": "O_RDONLY|O_CLOEXEC", 
                            "p0": "AT_FDCWD", 
                            "p1": "/etc/localtime"
                        }
                    }, 
                    {
                        "status": "", 
                        "raw": "Thu Jul 15 18:02:28 2021.970475 date@7ff95a653893[1599] fstat(6, 0x7fff0a2b96e0) = 0\n", 
                        "api": "fstat", 
                        "return_value": "0", 
                        "instruction_pointer": "7ff95a653893", 
                        "time": 1626372148.970475, 
                        "process_name": "date", 
                        "pid": 1599, 
                        "arguments": {
                            "p0": "6", 
                            "p1": "0x7fff0a2b96e0"
                        }
                    }, 
                    {
                        "status": "", 
                        "raw": "Thu Jul 15 18:02:28 2021.970484 date@7ff95a653893[1599] fstat(6, 0x7fff0a2b9500) = 0\n", 
                        "api": "fstat", 
                        "return_value": "0", 
                        "instruction_pointer": "7ff95a653893", 
                        "time": 1626372148.970484, 
                        "process_name": "date", 
                        "pid": 1599, 
                        "arguments": {
                            "p0": "6", 
                            "p1": "0x7fff0a2b9500"
                        }
                    }, 
                    {
                        "status": "", 
                        "raw": "Thu Jul 15 18:02:28 2021.970495 date@7ff95a6541e4[1599] read(6, 0x560f3e0bd7a0, 4096) = 1918\n", 
                        "api": "read", 
                        "return_value": "1918", 
                        "instruction_pointer": "7ff95a6541e4", 
                        "time": 1626372148.970495, 
                        "process_name": "date", 
                        "pid": 1599, 
                        "arguments": {
                            "p2": "4096", 
                            "p0": "6", 
                            "p1": "0x560f3e0bd7a0"
                        }
                    }, 
                    {
                        "status": "", 
                        "raw": "Thu Jul 15 18:02:28 2021.970508 date@7ff95a6542e7[1599] lseek(6, -1226, SEEK_CUR) = 692\n", 
                        "api": "lseek", 
                        "return_value": "692", 
                        "instruction_pointer": "7ff95a6542e7", 
                        "time": 1626372148.970508, 
                        "process_name": "date", 
                        "pid": 1599, 
                        "arguments": {
                            "p2": "SEEK_CUR", 
                            "p0": "6", 
                            "p1": "-1226"
                        }
                    }, 
                    {
                        "status": "", 
                        "raw": "Thu Jul 15 18:02:28 2021.970517 date@7ff95a6541e4[1599] read(6, 0x560f3e0bd7a0, 4096) = 1226\n", 
                        "api": "read", 
                        "return_value": "1226", 
                        "instruction_pointer": "7ff95a6541e4", 
                        "time": 1626372148.970517, 
                        "process_name": "date", 
                        "pid": 1599, 
                        "arguments": {
                            "p2": "4096", 
                            "p0": "6", 
                            "p1": "0x560f3e0bd7a0"
                        }
                    }, 
                    {
                        "status": "", 
                        "raw": "Thu Jul 15 18:02:28 2021.970527 date@7ff95a654a17[1599] close(6) = 0\n", 
                        "api": "close", 
                        "return_value": "0", 
                        "instruction_pointer": "7ff95a654a17", 
                        "time": 1626372148.970527, 
                        "process_name": "date", 
                        "pid": 1599, 
                        "arguments": {
                            "p0": "6"
                        }
                    }, 
                    {
                        "status": "", 
                        "raw": "Thu Jul 15 18:02:28 2021.970540 date@7ff95a653893[1599] fstat(1, 0x7fff0a2b9180) = 0\n", 
                        "api": "fstat", 
                        "return_value": "0", 
                        "instruction_pointer": "7ff95a653893", 
                        "time": 1626372148.97054, 
                        "process_name": "date", 
                        "pid": 1599, 
                        "arguments": {
                            "p0": "1", 
                            "p1": "0x7fff0a2b9180"
                        }
                    }, 
                    {
                        "status": "", 
                        "raw": "Thu Jul 15 18:02:28 2021.970558 date@7ff95a654224[1599] write(1, \"Do Jul 15 20:02:28 CEST 2021\\n\", 29) = 29\n", 
                        "api": "write", 
                        "return_value": "29", 
                        "instruction_pointer": "7ff95a654224", 
                        "time": 1626372148.970558, 
                        "process_name": "date", 
                        "pid": 1599, 
                        "arguments": {
                            "p2": "29", 
                            "p0": "1", 
                            "p1": "Do Jul 15 20:02:28 CEST 2021\n"
                        }
                    }, 
                    {
                        "status": "", 
                        "raw": "Thu Jul 15 18:02:28 2021.970578 date@7ff95a654a17[1599] close(1) = 0\n", 
                        "api": "close", 
                        "return_value": "0", 
                        "instruction_pointer": "7ff95a654a17", 
                        "time": 1626372148.970578, 
                        "process_name": "date", 
                        "pid": 1599, 
                        "arguments": {
                            "p0": "1"
                        }
                    }, 
                    {
                        "status": "", 
                        "raw": "Thu Jul 15 18:02:28 2021.970586 date@7ff95a654a17[1599] close(2) = 0\n", 
                        "api": "close", 
                        "return_value": "0", 
                        "instruction_pointer": "7ff95a654a17", 
                        "time": 1626372148.970586, 
                        "process_name": "date", 
                        "pid": 1599, 
                        "arguments": {
                            "p0": "2"
                        }
                    }, 
                    {
                        "status": "", 
                        "raw": "Thu Jul 15 18:02:28 2021.970595 date@7ff95a628bd6[1599] exit_group(0)\n", 
                        "api": "exit_group", 
                        "return_value": "", 
                        "instruction_pointer": "7ff95a628bd6", 
                        "time": 1626372148.970595, 
                        "process_name": "date", 
                        "pid": 1599, 
                        "arguments": {
                            "p0": "0"
                        }
                    }
                ], 
                "pid": 1599, 
                "process_name": "date", 
                "command_line": "/tmp/date", 
                "first_seen": 1626372148.969652, 
                "ppid": 1598, 
                "type": "process"
            }
        ], 
        "processtree": [
            {
                "track": true, 
                "pid": 1599, 
                "process_name": "date", 
                "command_line": "/tmp/date", 
                "first_seen": 1626372148.969652, 
                "ppid": 1598, 
                "children": []
            }
        ]
    }, 
    "debug": {
        "action": [], 
        "dbgview": [], 
        "errors": [], 
        "log": [
            "2021-07-15 20:02:25,023 [root] DEBUG: Starting analyzer from: /tmpt3nmm2\n", 
            "2021-07-15 20:02:25,024 [root] DEBUG: Storing results at: /tmp/tfdWojeieI\n", 
            "2021-07-15 20:02:25,024 [root] DEBUG: BIANCA DEBUG: \n", 
            "2021-07-15 20:02:25,024 [root] DEBUG: No analysis package specified, trying to detect it automagically.\n", 
            "2021-07-15 20:02:25,024 [root] INFO: Automatically selected analysis package \"generic\"\n", 
            "2021-07-15 20:02:25,055 [root] DEBUG: Bianca DEBUG[<class 'modules.auxiliary.stap.STAP'>]\n", 
            "2021-07-15 20:02:25,056 [modules.auxiliary.stap] WARNING: BIANCA DEBUG: IT GOT TO STAP INIT\n", 
            "2021-07-15 20:02:25,056 [modules.auxiliary.stap] WARNING: BIANCA DEBUG: STAP STARTEDDDDDDDDDDDD\n", 
            "2021-07-15 20:02:25,058 [modules.auxiliary.stap] WARNING: BIANCAAAA stap path: /root/.cuckoo/stap_.ko\n", 
            "2021-07-15 20:02:25,058 [modules.auxiliary.stap] WARNING: HELLO DARKNESS MY OLD FRIENDDD\n", 
            "2021-07-15 20:02:25,069 [modules.auxiliary.stap] WARNING: IT STARTED NOW NOW NOW\n", 
            "2021-07-15 20:02:28,965 [modules.auxiliary.stap] DEBUG: STAP aux module startup took 3.91 seconds\n", 
            "2021-07-15 20:02:28,965 [root] DEBUG: Started auxiliary module STAP\n", 
            "2021-07-15 20:02:28,967 [root] INFO: Added new process to list with pid: 1598\n", 
            "2021-07-15 20:02:29,969 [root] INFO: Process with pid 1598 has terminated\n", 
            "2021-07-15 20:02:29,970 [root] INFO: Process list is empty, terminating analysis.\n", 
            "2021-07-15 20:02:30,972 [modules.auxiliary.stap] DEBUG: stap subprocess retval None\n", 
            "2021-07-15 20:02:30,973 [modules.auxiliary.stap] DEBUG: BIANCA SEND FILE FROM STRAP: stap.log -> logs/all.stap\n", 
            "2021-07-15 20:02:30,976 [root] INFO: Analysis completed.\n"
        ], 
        "cuckoo": [
            "2021-07-15 20:02:25,691 [cuckoo.core.scheduler] INFO: Task #31: acquired machine cuc (label=cuc)\n", 
            "2021-07-15 20:02:25,691 [cuckoo.core.resultserver] DEBUG: Now tracking machine 192.168.56.101 for task #31\n", 
            "2021-07-15 20:02:25,692 [cuckoo.core.plugins] DEBUG: Started auxiliary module: Replay\n", 
            "2021-07-15 20:02:25,697 [cuckoo.auxiliary.sniffer] INFO: Started sniffer with PID 27967 (interface=vboxnet0, host=192.168.56.101)\n", 
            "2021-07-15 20:02:25,697 [cuckoo.core.plugins] DEBUG: Started auxiliary module: Sniffer\n", 
            "2021-07-15 20:02:25,814 [cuckoo.machinery.virtualbox] DEBUG: Starting vm cuc\n", 
            "2021-07-15 20:02:25,996 [cuckoo.machinery.virtualbox] DEBUG: Restoring virtual machine cuc to final_3\n", 
            "2021-07-15 20:02:32,695 [cuckoo.core.guest] INFO: Starting analysis #31 on guest (id=cuc, ip=192.168.56.101)\n", 
            "2021-07-15 20:02:33,704 [cuckoo.core.guest] DEBUG: cuc: not ready yet\n", 
            "2021-07-15 20:02:34,710 [cuckoo.core.guest] DEBUG: cuc: not ready yet\n", 
            "2021-07-15 20:02:35,716 [cuckoo.core.guest] DEBUG: cuc: not ready yet\n", 
            "2021-07-15 20:02:35,723 [cuckoo.core.guest] INFO: Guest is running Cuckoo Agent 0.10 (id=cuc, ip=192.168.56.101)\n", 
            "2021-07-15 20:02:35,729 [cuckoo.core.guest] DEBUG: Uploading analyzer to guest (id=cuc, ip=192.168.56.101, monitor=latest, size=31337)\n", 
            "2021-07-15 20:02:35,914 [cuckoo.core.resultserver] DEBUG: Task #31: live log analysis.log initialized.\n", 
            "2021-07-15 20:02:40,906 [cuckoo.core.guest] DEBUG: cuc: analysis #31 still processing\n", 
            "2021-07-15 20:02:41,896 [cuckoo.core.resultserver] DEBUG: Task #31: File upload for 'logs/all.stap'\n", 
            "2021-07-15 20:02:41,898 [cuckoo.core.resultserver] DEBUG: Task #31 uploaded file length: 10533\n", 
            "2021-07-15 20:02:45,941 [cuckoo.core.guest] DEBUG: cuc: analysis #31 still processing\n", 
            "2021-07-15 20:02:50,973 [cuckoo.core.guest] DEBUG: cuc: analysis #31 still processing\n", 
            "2021-07-15 20:02:56,000 [cuckoo.core.guest] DEBUG: cuc: analysis #31 still processing\n", 
            "2021-07-15 20:03:01,030 [cuckoo.core.guest] DEBUG: cuc: analysis #31 still processing\n", 
            "2021-07-15 20:03:06,057 [cuckoo.core.guest] DEBUG: cuc: analysis #31 still processing\n", 
            "2021-07-15 20:03:11,085 [cuckoo.core.guest] DEBUG: cuc: analysis #31 still processing\n", 
            "2021-07-15 20:03:16,111 [cuckoo.core.guest] DEBUG: cuc: analysis #31 still processing\n", 
            "2021-07-15 20:03:21,140 [cuckoo.core.guest] DEBUG: cuc: analysis #31 still processing\n", 
            "2021-07-15 20:03:26,166 [cuckoo.core.guest] DEBUG: cuc: analysis #31 still processing\n", 
            "2021-07-15 20:03:31,192 [cuckoo.core.guest] DEBUG: cuc: analysis #31 still processing\n", 
            "2021-07-15 20:03:36,218 [cuckoo.core.guest] DEBUG: cuc: analysis #31 still processing\n", 
            "2021-07-15 20:03:41,246 [cuckoo.core.guest] DEBUG: cuc: analysis #31 still processing\n", 
            "2021-07-15 20:03:46,272 [cuckoo.core.guest] DEBUG: cuc: analysis #31 still processing\n", 
            "2021-07-15 20:03:51,300 [cuckoo.core.guest] DEBUG: cuc: analysis #31 still processing\n", 
            "2021-07-15 20:03:56,330 [cuckoo.core.guest] DEBUG: cuc: analysis #31 still processing\n", 
            "2021-07-15 20:04:01,359 [cuckoo.core.guest] DEBUG: cuc: analysis #31 still processing\n", 
            "2021-07-15 20:04:06,393 [cuckoo.core.guest] DEBUG: cuc: analysis #31 still processing\n", 
            "2021-07-15 20:04:11,421 [cuckoo.core.guest] DEBUG: cuc: analysis #31 still processing\n", 
            "2021-07-15 20:04:16,449 [cuckoo.core.guest] DEBUG: cuc: analysis #31 still processing\n", 
            "2021-07-15 20:04:21,484 [cuckoo.core.guest] DEBUG: cuc: analysis #31 still processing\n", 
            "2021-07-15 20:04:26,511 [cuckoo.core.guest] DEBUG: cuc: analysis #31 still processing\n", 
            "2021-07-15 20:04:31,553 [cuckoo.core.guest] DEBUG: cuc: analysis #31 still processing\n", 
            "2021-07-15 20:04:36,582 [cuckoo.core.guest] DEBUG: cuc: analysis #31 still processing\n", 
            "2021-07-15 20:04:41,610 [cuckoo.core.guest] DEBUG: cuc: analysis #31 still processing\n", 
            "2021-07-15 20:04:46,639 [cuckoo.core.guest] DEBUG: cuc: analysis #31 still processing\n", 
            "2021-07-15 20:04:51,665 [cuckoo.core.guest] DEBUG: cuc: analysis #31 still processing\n", 
            "2021-07-15 20:04:56,691 [cuckoo.core.guest] DEBUG: cuc: analysis #31 still processing\n", 
            "2021-07-15 20:05:01,723 [cuckoo.core.guest] DEBUG: cuc: analysis #31 still processing\n", 
            "2021-07-15 20:05:06,750 [cuckoo.core.guest] DEBUG: "
        ]
    }, 
    "strings": [
        "/lib64/ld-linux-x86-64.so.2", 
        "libc.so.6", 
        "__stpcpy_chk", 
        "fflush", 
        "gmtime_r", 
        "__printf_chk", 
        "setlocale", 
        "mbrtowc", 
        "strncmp", 
        "optind", 
        "strrchr", 
        "dcgettext", 
        "__stack_chk_fail", 
        "iswprint", 
        "realloc", 
        "program_invocation_name", 
        "strftime", 
        "localtime_r", 
        "__ctype_get_mb_cur_max", 
        "calloc", 
        "strlen", 
        "ungetc", 
        "memset", 
        "__errno_location", 
        "memcmp", 
        "unsetenv", 
        "__fprintf_chk", 
        "putenv", 
        "stdout", 
        "memcpy", 
        "fclose", 
        "malloc", 
        "timegm", 
        "mbsinit", 
        "__uflow", 
        "nl_langinfo", 
        "__ctype_b_loc", 
        "getenv", 
        "optarg", 
        "__freading", 
        "stderr", 
        "__snprintf_chk", 
        "clock_settime", 
        "fscanf", 
        "getopt_long", 
        "settimeofday", 
        "fileno", 
        "__getdelim", 
        "fwrite", 
        "gettimeofday", 
        "clock_gettime", 
        "__fpending", 
        "localtime", 
        "strchr", 
        "mktime", 
        "program_invocation_short_name", 
        "fdopen", 
        "__ctype_toupper_loc", 
        "__ctype_tolower_loc", 
        "__cxa_finalize", 
        "__sprintf_chk", 
        "__xstat", 
        "bindtextdomain", 
        "strcmp", 
        "__libc_start_main", 
        "fseeko", 
        "snprintf", 
        "__overflow", 
        "fputs_unlocked", 
        "__progname", 
        "__progname_full", 
        "__cxa_atexit", 
        "quote_quoting_options", 
        "Version", 
        "argmatch_die", 
        "_IO_stdin_used", 
        "quoting_style_vals", 
        "quoting_style_args", 
        "exit_failure", 
        "program_name", 
        "version_etc_copyright", 
        "GLIBC_2.14", 
        "GLIBC_2.4", 
        "GLIBC_2.17", 
        "GLIBC_2.3.4", 
        "GLIBC_2.2.5", 
        "GLIBC_2.3", 
        "_ITM_deregisterTMCloneTable", 
        "__gmon_start__", 
        "_ITM_registerTMCloneTable", 
        "[]A\\A]A^A_", 
        "G(H;G0", 
        "L$hdH3", 
        "([]A\\A]A^A_", 
        "G(H;G0s\u001fH", 
        "[]A\\A]A^A_", 
        "[]A\\A]A^A_", 
        "[]A\\A]A^A_", 
        "AVAUATUSL", 
        "]A\\A]A^", 
        "tKAUATI", 
        "[]A\\A]", 
        "tKAUATI", 
        "[]A\\A]", 
        "[]A\\A]A^A_", 
        "6<#uBH", 
        "t$HH;T$H", 
        "gfffffffH", 
        "HcL$PH9", 
        "H9\\$Hu", 
        "H9\\$Hu", 
        "H9\\$hu", 
        "HcL$PH9", 
        "L9l$ u", 
        "L9l$Pu", 
        "H9\\$Hu", 
        "H9\\$Hu", 
        "gfffffffH", 
        "|$HdH3<%(", 
        "T$(dH3", 
        "D$hdH3", 
        "x[]A\\A]", 
        "dH3<%(", 
        "[]A\\A]A^A_", 
        "L$XIcC", 
        "|$Ht@H", 
        "H+D$`H", 
        "H+D$X@", 
        "D$hH+D$P", 
        "T$PH+D$H", 
        "AUATUSH", 
        "[]A\\A]A^A_", 
        "t8L9<$", 
        "t$89t$0", 
        "\\$LD9\\$HH", 
        "D9t$(H", 
        "D9T$0L", 
        "\\$ 9\\$", 
        "t$D9t$(t", 
        "p(HcT$|H", 
        "Hcl$|1", 
        "[]A\\A]A^", 
        "dH3<%(", 
        "AWAVAUATI", 
        "dH34%(", 
        "[]A\\A]A^A_", 
        "D$ A3U", 
        "D$(u-H", 
        "[]A\\A]A^A_", 
        "AWAVLc", 
        "[]A\\A]A^A_", 
        "8[]A\\A]A^A_", 
        "8[]A\\A]A^A_", 
        "L$8dH3", 
        "T$8dH3", 
        "t$8dH34%(", 
        "L$8dH3", 
        ")D$ t2H", 
        "|$8dH3<%(", 
        "dH34%(", 
        "AWAVAUATM", 
        "AQAUATAWAVL", 
        "([]A\\A]A^A_", 
        "[]A\\A]A^A_H", 
        "[]A\\A]A^A_1", 
        "[]A\\A]A^A_", 
        "([]A\\A]A^A_", 
        "ATAWAVL", 
        "([]A\\A]A^A_", 
        "AUATAWAVL", 
        "D$XdH3", 
        "D$xdH3", 
        "TUUUUUUUI", 
        "SUUUUUUUH9", 
        "u0[]A\\", 
        "G H9G(u", 
        "[]A\\A]", 
        "AUATUSH", 
        "[]A\\A]", 
        "ATUSt_I", 
        "AUATUSH", 
        "[]A\\A]A^A_", 
        "AUATUSH", 
        "[]A\\A]", 
        "[]A\\A]", 
        "[]A\\A]", 
        "L$HdH3", 
        "[]A\\A]", 
        "t9[]A\\", 
        "AUATUSH", 
        "[]A\\A]A^A_", 
        "charset.", 
        "aliafA", 
        "|$(<%t}L", 
        "dH3<%(", 
        "[]A\\A]A^A_", 
        "D$XuIH9", 
        "D+D$PD", 
        "gfffffffH", 
        "D$Xs:Hc", 
        "AQAPE1", 
        "AWAVAUATL", 
        "dH3<%(", 
        "[A\\A]A^A_]", 
        "N AUATH", 
        "X[]A\\A]A^A_", 
        "H9|$(L", 
        "D$(I;F", 
        "H9|$(t", 
        "H9|$(t", 
        "[]A\\A]A^A_", 
        "time %s is out of range", 
        "test invocation", 
        "Multi-call invocation", 
        "sha224sum", 
        "sha2 utilities", 
        "sha256sum", 
        "sha384sum", 
        "sha512sum", 
        "%s online help: <%s>", 
        "GNU coreutils", 
        "%a %b %e %H:%M:%S %Z %Y", 
        "/usr/share/locale", 
        "--rfc-3339", 
        "--iso-8601", 
        "TZ=UTC0", 
        "David MacKenzie", 
        "extra operand %s", 
        "standard input", 
        "invalid date %s", 
        "cannot set date", 
        "reference", 
        "rfc-email", 
        "rfc-822", 
        "rfc-2822", 
        "universal", 
        "version", 
        "minutes", 
        "Try '%s --help' for more information.", 
        "Usage: %s [OPTION]... [+FORMAT]", 
        "  or:  %s [-u|--utc|--universal] [MMDDhhmm[[CC]YY][.ss]]", 
        "Display the current time in the given FORMAT, or set the system date.", 
        "Mandatory arguments to long options are mandatory for short options too.", 
        "  -d, --date=STRING          display time described by STRING, not 'now'", 
        "      --debug                annotate the parsed date,", 
        "                              and warn about questionable usage to stderr", 
        "  -f, --file=DATEFILE        like --date; once for each line of DATEFILE", 
        "  -I[FMT], --iso-8601[=FMT]  output date/time in ISO 8601 format.", 
        "                               FMT='date' for date only (the default),", 
        "                               'hours', 'minutes', 'seconds', or 'ns'", 
        "                               for date and time to the indicated precision.", 
        "                               Example: 2006-08-14T02:34:56-06:00", 
        "  -R, --rfc-email            output date and time in RFC 5322 format.", 
        "                               Example: Mon, 14 Aug 2006 02:34:56 -0600", 
        "      --rfc-3339=FMT         output date/time in RFC 3339 format.", 
        "                               FMT='date', 'seconds', or 'ns'", 
        "                               for date and time to the indicated precision.", 
        "                               Example: 2006-08-14 02:34:56-06:00", 
        "  -r, --reference=FILE       display the last modification time of FILE", 
        "  -s, --set=STRING           set time described by STRING", 
        "  -u, --utc, --universal     print or set Coordinated Universal Time (UTC)", 
        "      --help     display this help and exit", 
        "      --version  output version information and exit", 
        "FORMAT controls the output.  Interpreted sequences are:", 
        "  %%   a literal %", 
        "  %a   locale's abbreviated weekday name (e.g., Sun)", 
        "  %A   locale's full weekday name (e.g., Sunday)", 
        "  %b   locale's abbreviated month name (e.g., Jan)", 
        "  %B   locale's full month name (e.g., January)", 
        "  %c   locale's date and time (e.g., Thu Mar  3 23:05:25 2005)", 
        "  %C   century; like %Y, except omit last two digits (e.g., 20)", 
        "  %d   day of month (e.g., 01)", 
        "  %D   date; same as %m/%d/%y", 
        "  %e   day of month, space padded; same as %_d", 
        "  %F   full date; same as %Y-%m-%d", 
        "  %g   last two digits of year of ISO week number (see %G)", 
        "  %G   year of ISO week number (see %V); normally useful only with %V", 
        "  %h   same as %b", 
        "  %H   hour (00..23)", 
        "  %I   hour (01..12)", 
        "  %j   day of year (001..366)", 
        "  %k   hour, space padded ( 0..23); same as %_H", 
        "  %l   hour, space padded ( 1..12); same as %_I", 
        "  %m   month (01..12)", 
        "  %M   minute (00..59)", 
        "  %n   a newline", 
        "  %N   nanoseconds (000000000..999999999)", 
        "  %p   locale's equivalent of either AM or PM; blank if not known", 
        "  %P   like %p, but lower case", 
        "  %q   quarter of year (1..4)", 
        "  %r   locale's 12-hour clock time (e.g., 11:11:04 PM)", 
        "  %R   24-hour hour and minute; same as %H:%M", 
        "  %s   seconds since 1970-01-01 00:00:00 UTC", 
        "  %S   second (00..60)", 
        "  %t   a tab", 
        "  %T   time; same as %H:%M:%S", 
        "  %u   day of week (1..7); 1 is Monday", 
        "  %U   week number of year, with Sunday as first day of week (00..53)", 
        "  %V   ISO week number, with Monday as first day of week (01..53)", 
        "  %w   day of week (0..6); 0 is Sunday", 
        "  %W   week number of year, with Monday as first day of week (00..53)", 
        "  %x   locale's date representation (e.g., 12/31/99)", 
        "  %X   locale's time representation (e.g., 23:13:48)", 
        "  %y   last two digits of year (00..99)", 
        "  %Y   year", 
        "  %z   +hhmm numeric time zone (e.g., -0400)", 
        "  %:z  +hh:mm numeric time zone (e.g., -04:00)", 
        "  %::z  +hh:mm:ss numeric time zone (e.g., -04:00:00)", 
        "  %:::z  numeric time zone with : to necessary precision (e.g., -04, +05:30)", 
        "  %Z   alphabetic time zone abbreviation (e.g., EDT)", 
        "By default, date pads numeric fields with zeroes.", 
        "The following optional flags may follow '%':", 
        "  -  (hyphen) do not pad the field", 
        "  _  (underscore) pad with spaces", 
        "  0  (zero) pad with zeros", 
        "  ^  use upper case if possible", 
        "  #  use opposite case if possible", 
        "After any flags comes an optional field width, as a decimal number;", 
        "then an optional modifier, which is either", 
        "E to use the locale's alternate representations if available, or", 
        "O to use the locale's alternate numeric symbols if available.", 
        "Examples:", 
        "Convert seconds since the epoch (1970-01-01 UTC) to a date", 
        "  $ date --date='@2147483647'", 
        "Show the time on the west coast of the US (use tzselect(1) to find TZ)", 
        "  $ TZ='America/Los_Angeles' date", 
        "Show the local time for 9AM next Friday on the west coast of the US", 
        "  $ date --date='TZ=\"America/Los_Angeles\" 09:00 next Fri'", 
        "http://www.gnu.org/software/coreutils/", 
        "Report %s translation bugs to <http://translationproject.org/team/>", 
        "Full documentation at: <%s%s>", 
        "or available locally via: info '(coreutils) %s%s'", 
        "multiple output formats specified", 
        "the options to specify dates for printing are mutually exclusive", 
        "the options to print and set the time may not be used together", 
        "the argument %s lacks a leading '+';", 
        "when using an option to specify date(s), any non-option", 
        "argument must be a format string beginning with '+'", 
        "%Y-%m-%d", 
        "%Y-%m-%dT%H:%M:%S%:z", 
        "%Y-%m-%dT%H:%M:%S,%N%:z", 
        "%Y-%m-%dT%H%:z", 
        "%Y-%m-%dT%H:%M%:z", 
        "%Y-%m-%d", 
        "%Y-%m-%d %H:%M:%S%:z", 
        "%Y-%m-%d %H:%M:%S.%N%:z", 
        "d:f:I::r:Rs:u", 
        "%a, %d %b %Y %H:%M:%S %z", 
        "invalid argument %s for %s", 
        "ambiguous argument %s for %s", 
        "Valid arguments are:", 
        "  - %s", 
        "write error", 
        "%s: %s", 
        "%m/%d/%y", 
        "%Y-%m-%d", 
        "%c%02d", 
        "-%02d%02d", 
        "date: ", 
        " %+ld %s", 
        "parsed %s part: ", 
        "today/this/now", 
        "year(s)", 
        "month(s)", 
        "day(s)", 
        "hour(s)", 
        "nanoseconds", 
        "(Y-M-D) %Y-%m-%d %H:%M:%S", 
        " TZ=%s", 
        " UTC%s", 
        "(Y-M-D) %04ld-%02ld-%02ld", 
        "year: %04ld", 
        " %02ld:%02ld:%02ld", 
        " isdst=%d%s", 
        "number of seconds: %ld", 
        "JANUARY", 
        "TOMORROW", 
        "error: unknown word '%s'", 
        "number of seconds", 
        "datetime", 
        "local_zone", 
        "relative", 
        "number", 
        "hybrid", 
        "error: parsing failed", 
        "input timezone: ", 
        "'@timespec' - always UTC", 
        "parsed date/time string", 
        "TZ=\"%s\" in date string", 
        "TZ=\"%s\" environment value", 
        "system default", 
        "error: out-of-range year %ld", 
        "error: invalid hour %ld%s", 
        "%02d:%02d:%02d", 
        "error: tzalloc (\"%s\") failed", 
        "    user provided time: '%s'", 
        "       normalized time: '%s'", 
        "     possible reasons:", 
        "incorrect timezone", 
        "missing timezone", 
        "       %s", 
        "new start date: '%s' is '%s'", 
        "(Y-M-D) %s-%02d-%02d", 
        "starting date/time: '%s'", 
        "error: %s:%d", 
        "parse-datetime.y", 
        "    new date/time = '%s'", 
        "'%s' = %ld epoch-seconds", 
        "timezone: system default", 
        "timezone: Universal Time", 
        "final: %s (UTC)", 
        "final: %s (UTC%s)", 
        "YESTERDAY", 
        "FOURTH", 
        "SEVENTH", 
        "EIGHTH", 
        "ELEVENTH", 
        "TWELFTH", 
        "FORTNIGHT", 
        "MINUTE", 
        "SECOND", 
        "FEBRUARY", 
        "AUGUST", 
        "SEPTEMBER", 
        "OCTOBER", 
        "NOVEMBER", 
        "DECEMBER", 
        "SUNDAY", 
        "MONDAY", 
        "TUESDAY", 
        "WEDNESDAY", 
        "WEDNES", 
        "THURSDAY", 
        "FRIDAY", 
        "SATURDAY", 
        "%s (day ordinal=%ld number=%d)", 
        "warning: value %ld has %ld digits. Assuming YYYY/MM/DD", 
        "warning: value %ld has less than 4 digits. Assuming MM/DD/YY[YY]", 
        "error: parsing failed, stopped at '%s'", 
        "TZ=\"UTC0\" environment value or -u", 
        "error: seen multiple time parts", 
        "error: seen multiple date parts", 
        "error: seen multiple days parts", 
        "error: seen multiple daylight-saving parts", 
        "error: seen multiple time-zone parts", 
        "warning: adjusting year value %ld to %ld", 
        "error: year, month, or day overflow", 
        "using specified time as starting value: '%s'", 
        "using current time as starting value: '%s'", 
        "warning: using midnight as starting time: 00:00:00", 
        "error: invalid date/time value:", 
        "                                 %4s %2s %2s %2s %2s %2s", 
        "       non-existing due to daylight-saving time;", 
        "       invalid day/month combination;", 
        "       numeric values overflow;", 
        "error: day '%s' (day ordinal=%ld number=%d) resulted in an invalid date: '%s'", 
        "using current date as starting value: '%s'", 
        "warning: day (%s) ignored when explicit dates are given", 
        "warning: when adding relative months/years, it is recommended to specify the 15th of the months", 
        "warning: when adding relative days, it is recommended to specify noon", 
        "error: adding relative date resulted in an invalid date: '%s'", 
        "after date adjustment (%+ld years, %+ld months, %+ld days),", 
        "warning: daylight saving time changed after date adjustment", 
        "warning: month/year adjustment resulted in shifted dates:", 
        "     adjusted Y M D: %s %02d %02d", 
        "   normalized Y M D: %s %02d %02d", 
        "error: timezone %d caused time_t overflow", 
        "error: adding relative time caused an overflow", 
        "after time adjustment (%+ld hours, %+ld minutes, %+ld seconds, %+d ns),", 
        "    new time = %ld epoch-seconds", 
        "warning: daylight saving time changed after time adjustment", 
        "timezone: TZ=\"%s\" environment value", 
        "final: %ld.%09d (epoch-seconds)", 
        "next/first", 
        "(SECOND)", 
        "fourth", 
        "seventh", 
        "eleventh", 
        "twelfth", 
        "\u001f\u001f         !\"####$$$%%&''((((((())))*********+,,,---------------------....../0011223455", 
        "OCDEFGH:IdkJKenL12efqM;N=>?@AB=>?@ABee\\oZ[jpXo", 
        "345678", 
        "9=>?@AB<0P/", 
        "TUVW^_`Yiabc", 
        "\u001f !\"#gh$%&'()*+,", 
        "8;ADI>Q%#", 
        "-69?BE<'$Z KLNOPM7:@CF=(", 
        "A NULL argv[0] was passed through an exec system call.", 
        "/.libs/", 
        "literal", 
        "shell-always", 
        "shell-escape", 
        "shell-escape-always", 
        "c-maybe", 
        "clocale", 
        "%s (%s) %s", 
        "Written by %s.", 
        "Written by %s and %s.", 
        "Written by %s, %s, and %s.", 
        "Report bugs to: %s", 
        "bug-coreutils@gnu.org", 
        "%s home page: <%s>", 
        "License GPLv3+: GNU GPL version 3 or later <http://gnu.org/licenses/gpl.html>.", 
        "This is free software: you are free to change and redistribute it.", 
        "There is NO WARRANTY, to the extent permitted by law.", 
        "Written by %s, %s, %s,", 
        "and %s.", 
        "Written by %s, %s, %s,", 
        "%s, and %s.", 
        "Written by %s, %s, %s,", 
        "%s, %s, and %s.", 
        "Written by %s, %s, %s,", 
        "%s, %s, %s, and %s.", 
        "Written by %s, %s, %s,", 
        "%s, %s, %s, %s,", 
        "and %s.", 
        "Written by %s, %s, %s,", 
        "%s, %s, %s, %s,", 
        "%s, and %s.", 
        "Written by %s, %s, %s,", 
        "%s, %s, %s, %s,", 
        "%s, %s, and others.", 
        "General help using GNU software: <http://www.gnu.org/gethelp/>", 
        "Copyright %s %d Free Software Foundation, Inc.", 
        "memory exhausted", 
        "/usr/lib/x86_64-linux-gnu", 
        "CHARSETALIASDIR", 
        "%50s %50s", 
        "(NULL)", 
        "8372ae2fd3174beb18fbb40a2023aa73a65b48.debug", 
        ".shstrtab", 
        ".interp", 
        ".note.ABI-tag", 
        ".note.gnu.build-id", 
        ".gnu.hash", 
        ".dynsym", 
        ".dynstr", 
        ".gnu.version", 
        ".gnu.version_r", 
        ".rela.dyn", 
        ".rela.plt", 
        ".plt.got", 
        ".rodata", 
        ".eh_frame_hdr", 
        ".eh_frame", 
        ".init_array", 
        ".fini_array", 
        ".data.rel.ro", 
        ".dynamic", 
        ".gnu_debuglink", 
        "BFGPQUV"
    ], 
    "metadata": {
        "output": {
            "pcap": {
                "basename": "dump.pcap", 
                "sha256": "589779140bbf4ecb222510f1ae11a806606439a5fc1b7193fae5f9fb3db5e3ac", 
                "dirname": ""
            }
        }
    }
}