{"started_on": {"$dt": "2021-07-15T18:53:41.870602"}, "duration": 200, "sample_id": 13, "owner": null, "id": 19, "category": "file", "priority": 1, "guest": {"status": "stopped", "name": "cuc", "label": "cuc", "manager": "VirtualBox", "started_on": "2021-07-15 18:53:42", "shutdown_on": "2021-07-15 18:57:01"}, "clock": {"$dt": "2021-07-15T18:53:41.062608"}, "custom": null, "machine": null, "platform": null, "memory": false, "status": "completed", "tags": [], "processing": null, "enforce_timeout": false, "completed_on": {"$dt": "2021-07-15T18:57:02.069841"}, "target": "/home/cuckoo/Desktop/apps/bin/bzip2", "package": "", "route": "none", "timeout": 0, "submit_id": null, "options": {}, "added_on": {"$dt": "2021-07-15T18:53:41.062624"}}