{"started_on": {"$dt": "2021-07-15T19:26:41.432038"}, "duration": 193, "sample_id": 21, "owner": null, "id": 24, "category": "file", "priority": 1, "guest": {"status": "stopped", "name": "cuc", "label": "cuc", "manager": "VirtualBox", "started_on": "2021-07-15 19:26:41", "shutdown_on": "2021-07-15 19:29:54"}, "clock": {"$dt": "2021-07-15T19:26:40.986823"}, "custom": null, "machine": null, "platform": null, "memory": false, "status": "completed", "tags": [], "processing": null, "enforce_timeout": false, "completed_on": {"$dt": "2021-07-15T19:29:54.587020"}, "target": "/home/cuckoo/Desktop/apps/bin/chgrp", "package": "", "route": "none", "timeout": 0, "submit_id": null, "options": {}, "added_on": {"$dt": "2021-07-15T19:26:40.986840"}}