{
    "info": {
        "added": 1626378089.422708, 
        "started": 1626378089.960418, 
        "duration": 200, 
        "ended": 1626378290.114918, 
        "owner": null, 
        "score": 0.0, 
        "id": 27, 
        "category": "file", 
        "git": {
            "head": "13cbe0d9e457be3673304533043e992ead1ea9b2", 
            "fetch_head": "13cbe0d9e457be3673304533043e992ead1ea9b2"
        }, 
        "monitor": "2deb9ccd75d5a7a3fe05b2625b03a8639d6ee36b", 
        "package": "", 
        "route": "none", 
        "custom": null, 
        "machine": {
            "status": "stopped", 
            "name": "cuc", 
            "label": "cuc", 
            "manager": "VirtualBox", 
            "started_on": "2021-07-15 19:41:30", 
            "shutdown_on": "2021-07-15 19:44:49"
        }, 
        "platform": null, 
        "version": "2.0.7", 
        "options": ""
    }, 
    "signatures": [], 
    "target": {
        "category": "file", 
        "file": {
            "yara": [], 
            "sha1": "9430e34fc60723afad35efb2d381f4714eb744f9", 
            "name": "chvt", 
            "type": "ELF 64-bit LSB shared object, x86-64, version 1 (SYSV), dynamically linked, interpreter /lib64/ld-linux-x86-64.so.2, for GNU/Linux 3.2.0, BuildID[sha1]=f5f70348fabbf71cd7dcdce6080f29c2218ce812, stripped", 
            "sha256": "998ad6f6631e63a604130e00abda64058d535c3a7db763883bf74ad5b14392c1", 
            "urls": [], 
            "crc32": "058AEB96", 
            "path": "/home/cuckoo/.cuckoo/storage/binaries/998ad6f6631e63a604130e00abda64058d535c3a7db763883bf74ad5b14392c1", 
            "ssdeep": null, 
            "size": 10312, 
            "sha512": "f347dca98ac8dc0fa3dbc282816011350e399bf5155112cbcbb483bcf7c4adc4e274fe44290d9bea5a028f1c05c55faf769b918d50553b7fb9bb1e10f6a54fb1", 
            "md5": "eb307516cffbc5e529cf9c7350ffc299"
        }
    }, 
    "network": {
        "tls": [], 
        "udp": [
            {
                "src": "192.168.56.101", 
                "dst": "224.0.0.251", 
                "offset": 448, 
                "time": 6.18983793258667, 
                "dport": 5353, 
                "sport": 5353
            }
        ], 
        "dns_servers": [
            "224.0.0.251"
        ], 
        "http": [], 
        "icmp": [], 
        "smtp": [], 
        "tcp": [], 
        "smtp_ex": [], 
        "mitm": [], 
        "hosts": [], 
        "pcap_sha256": "0630bcb13531546b60cefa2ab96c7f2565dbc108753f33f70dafd3ad15d66e11", 
        "dns": [
            {
                "type": "PTR", 
                "request": "_ipps._tcp.local", 
                "answers": []
            }
        ], 
        "http_ex": [], 
        "domains": [
            {
                "ip": "", 
                "domain": "_ipps._tcp.local"
            }
        ], 
        "dead_hosts": [], 
        "sorted_pcap_sha256": "f71212d2049ddbb795bd3b203d272d3ed00071ebb57ef8e132e999aa0b85a0ad", 
        "irc": [], 
        "https_ex": []
    }, 
    "behavior": {
        "generic": [
            {
                "process_path": null, 
                "process_name": "chvt", 
                "pid": 2062, 
                "summary": {}, 
                "first_seen": 1626370893.12061, 
                "ppid": 2061
            }
        ], 
        "processes": [
            {
                "calls": [
                    {
                        "status": "", 
                        "raw": "Thu Jul 15 17:41:33 2021.120610 chvt@7fdc057780a9[2062] execve(\"/tmp/chvt\", [\"/tmp/chvt\"], [\"LC_TIME=de_CH.UTF-8\", \"HOME=/root\", \"LC_MONETARY=de_CH.UTF-8\", \"LOGNAME=root\", \"PATH=/usr/bin:/bin\", \"LC_ADDRESS=de_CH.UTF-8\", \"LANG=en_US.UTF-8\", \"LC_TELEPHONE=de_CH.UTF-8\", \"LC_NAME=de_CH.UTF-8\", \"SHELL=/bin/sh\", \"LC_MEASUREMENT=de_CH.UTF-8\", \"LC_IDENTIFICATION=de_CH.UTF-8\", \"PWD=/tmp_80vut\", \"LC_NUMERIC=de_CH.UTF-8\", \"LC_PAPER=de_CH.UTF-8\"])\n", 
                        "api": "execve", 
                        "return_value": "", 
                        "instruction_pointer": "7fdc057780a9", 
                        "time": 1626370893.12061, 
                        "process_name": "chvt", 
                        "pid": 2062, 
                        "arguments": {
                            "p2": [
                                "LC_TIME=de_CH.UTF-8", 
                                "HOME=/root", 
                                "LC_MONETARY=de_CH.UTF-8", 
                                "LOGNAME=root", 
                                "PATH=/usr/bin:/bin", 
                                "LC_ADDRESS=de_CH.UTF-8", 
                                "LANG=en_US.UTF-8", 
                                "LC_TELEPHONE=de_CH.UTF-8", 
                                "LC_NAME=de_CH.UTF-8", 
                                "SHELL=/bin/sh", 
                                "LC_MEASUREMENT=de_CH.UTF-8", 
                                "LC_IDENTIFICATION=de_CH.UTF-8", 
                                "PWD=/tmp_80vut", 
                                "LC_NUMERIC=de_CH.UTF-8", 
                                "LC_PAPER=de_CH.UTF-8"
                            ], 
                            "p0": "/tmp/chvt", 
                            "p1": [
                                "/tmp/chvt"
                            ]
                        }
                    }, 
                    {
                        "status": "", 
                        "raw": "Thu Jul 15 17:41:33 2021.123437 chvt@7fdc057780a9[2062] brk(0x0) = 94717862264832\n", 
                        "api": "brk", 
                        "return_value": "94717862264832", 
                        "instruction_pointer": "7fdc057780a9", 
                        "time": 1626370893.123437, 
                        "process_name": "chvt", 
                        "pid": 2062, 
                        "arguments": {
                            "p0": "0x0"
                        }
                    }, 
                    {
                        "status": "ENOENT", 
                        "raw": "Thu Jul 15 17:41:33 2021.123478 chvt@7fdc0576b96e[2062] access(\"/etc/ld.so.nohwcap\", F_OK) = -2 (ENOENT)\n", 
                        "api": "access", 
                        "return_value": "-2", 
                        "instruction_pointer": "7fdc0576b96e", 
                        "time": 1626370893.123478, 
                        "process_name": "chvt", 
                        "pid": 2062, 
                        "arguments": {
                            "p0": "/etc/ld.so.nohwcap", 
                            "p1": "F_OK"
                        }
                    }, 
                    {
                        "status": "ENOENT", 
                        "raw": "Thu Jul 15 17:41:33 2021.123501 chvt@7fdc05779007[2062] access(0x7fdc05781880, R_OK) = -2 (ENOENT)\n", 
                        "api": "access", 
                        "return_value": "-2", 
                        "instruction_pointer": "7fdc05779007", 
                        "time": 1626370893.123501, 
                        "process_name": "chvt", 
                        "pid": 2062, 
                        "arguments": {
                            "p0": "0x7fdc05781880", 
                            "p1": "R_OK"
                        }
                    }, 
                    {
                        "status": "", 
                        "raw": "Thu Jul 15 17:41:33 2021.123519 chvt@7fdc05778ebd[2062] openat(AT_FDCWD, \"/etc/ld.so.cache\", O_RDONLY|O_CLOEXEC) = 6\n", 
                        "api": "openat", 
                        "return_value": "6", 
                        "instruction_pointer": "7fdc05778ebd", 
                        "time": 1626370893.123519, 
                        "process_name": "chvt", 
                        "pid": 2062, 
                        "arguments": {
                            "p2": "O_RDONLY|O_CLOEXEC", 
                            "p0": "AT_FDCWD", 
                            "p1": "/etc/ld.so.cache"
                        }
                    }, 
                    {
                        "status": "", 
                        "raw": "Thu Jul 15 17:41:33 2021.123534 chvt@7fdc05778e23[2062] fstat(6, 0x7ffdf701f4d0) = 0\n", 
                        "api": "fstat", 
                        "return_value": "0", 
                        "instruction_pointer": "7fdc05778e23", 
                        "time": 1626370893.123534, 
                        "process_name": "chvt", 
                        "pid": 2062, 
                        "arguments": {
                            "p0": "6", 
                            "p1": "0x7ffdf701f4d0"
                        }
                    }, 
                    {
                        "status": "", 
                        "raw": "Thu Jul 15 17:41:33 2021.123547 chvt@7fdc05779123[2062] mmap2(0x0, 85414, PROT_READ, MAP_PRIVATE, 6, 0) = 0x7fdc05970000\n", 
                        "api": "mmap2", 
                        "return_value": "0x7fdc05970000", 
                        "instruction_pointer": "7fdc05779123", 
                        "time": 1626370893.123547, 
                        "process_name": "chvt", 
                        "pid": 2062, 
                        "arguments": {
                            "p2": "PROT_READ", 
                            "p3": "MAP_PRIVATE", 
                            "p0": "0x0", 
                            "p1": "85414", 
                            "p4": "6", 
                            "p5": "0"
                        }
                    }, 
                    {
                        "status": "", 
                        "raw": "Thu Jul 15 17:41:33 2021.123560 chvt@7fdc057790b7[2062] close(6) = 0\n", 
                        "api": "close", 
                        "return_value": "0", 
                        "instruction_pointer": "7fdc057790b7", 
                        "time": 1626370893.12356, 
                        "process_name": "chvt", 
                        "pid": 2062, 
                        "arguments": {
                            "p0": "6"
                        }
                    }, 
                    {
                        "status": "ENOENT", 
                        "raw": "Thu Jul 15 17:41:33 2021.123576 chvt@7fdc057742d9[2062] access(\"/etc/ld.so.nohwcap\", F_OK) = -2 (ENOENT)\n", 
                        "api": "access", 
                        "return_value": "-2", 
                        "instruction_pointer": "7fdc057742d9", 
                        "time": 1626370893.123576, 
                        "process_name": "chvt", 
                        "pid": 2062, 
                        "arguments": {
                            "p0": "/etc/ld.so.nohwcap", 
                            "p1": "F_OK"
                        }
                    }, 
                    {
                        "status": "", 
                        "raw": "Thu Jul 15 17:41:33 2021.123595 chvt@7fdc05778ebd[2062] openat(AT_FDCWD, \"/lib/x86_64-linux-gnu/libc.so.6\", O_RDONLY|O_CLOEXEC) = 6\n", 
                        "api": "openat", 
                        "return_value": "6", 
                        "instruction_pointer": "7fdc05778ebd", 
                        "time": 1626370893.123595, 
                        "process_name": "chvt", 
                        "pid": 2062, 
                        "arguments": {
                            "p2": "O_RDONLY|O_CLOEXEC", 
                            "p0": "AT_FDCWD", 
                            "p1": "/lib/x86_64-linux-gnu/libc.so.6"
                        }
                    }, 
                    {
                        "status": "", 
                        "raw": "Thu Jul 15 17:41:33 2021.123608 chvt@7fdc05778f84[2062] read(6, 0x7ffdf701f698, 832) = 832\n", 
                        "api": "read", 
                        "return_value": "832", 
                        "instruction_pointer": "7fdc05778f84", 
                        "time": 1626370893.123608, 
                        "process_name": "chvt", 
                        "pid": 2062, 
                        "arguments": {
                            "p2": "832", 
                            "p0": "6", 
                            "p1": "0x7ffdf701f698"
                        }
                    }, 
                    {
                        "status": "", 
                        "raw": "Thu Jul 15 17:41:33 2021.123620 chvt@7fdc05778e23[2062] fstat(6, 0x7ffdf701f530) = 0\n", 
                        "api": "fstat", 
                        "return_value": "0", 
                        "instruction_pointer": "7fdc05778e23", 
                        "time": 1626370893.12362, 
                        "process_name": "chvt", 
                        "pid": 2062, 
                        "arguments": {
                            "p0": "6", 
                            "p1": "0x7ffdf701f530"
                        }
                    }, 
                    {
                        "status": "", 
                        "raw": "Thu Jul 15 17:41:33 2021.123631 chvt@7fdc05779123[2062] mmap2(0x0, 8192, PROT_READ|PROT_WRITE, MAP_PRIVATE|MAP_ANONYMOUS, -1, 0) = 0x7fdc0596e000\n", 
                        "api": "mmap2", 
                        "return_value": "0x7fdc0596e000", 
                        "instruction_pointer": "7fdc05779123", 
                        "time": 1626370893.123631, 
                        "process_name": "chvt", 
                        "pid": 2062, 
                        "arguments": {
                            "p2": "PROT_READ|PROT_WRITE", 
                            "p3": "MAP_PRIVATE|MAP_ANONYMOUS", 
                            "p0": "0x0", 
                            "p1": "8192", 
                            "p4": "-1", 
                            "p5": "0"
                        }
                    }, 
                    {
                        "status": "", 
                        "raw": "Thu Jul 15 17:41:33 2021.123647 chvt@7fdc05779123[2062] mmap2(0x0, 4131552, PROT_READ|PROT_EXEC, MAP_PRIVATE|MAP_DENYWRITE, 6, 0) = 0x7fdc0536b000\n", 
                        "api": "mmap2", 
                        "return_value": "0x7fdc0536b000", 
                        "instruction_pointer": "7fdc05779123", 
                        "time": 1626370893.123647, 
                        "process_name": "chvt", 
                        "pid": 2062, 
                        "arguments": {
                            "p2": "PROT_READ|PROT_EXEC", 
                            "p3": "MAP_PRIVATE|MAP_DENYWRITE", 
                            "p0": "0x0", 
                            "p1": "4131552", 
                            "p4": "6", 
                            "p5": "0"
                        }
                    }, 
                    {
                        "status": "", 
                        "raw": "Thu Jul 15 17:41:33 2021.123662 chvt@7fdc057791d7[2062] mprotect(0x7fdc05552000, 2097152, PROT_NONE) = 0\n", 
                        "api": "mprotect", 
                        "return_value": "0", 
                        "instruction_pointer": "7fdc057791d7", 
                        "time": 1626370893.123662, 
                        "process_name": "chvt", 
                        "pid": 2062, 
                        "arguments": {
                            "p2": "PROT_NONE", 
                            "p0": "0x7fdc05552000", 
                            "p1": "2097152"
                        }
                    }, 
                    {
                        "status": "", 
                        "raw": "Thu Jul 15 17:41:33 2021.123682 chvt@7fdc05779123[2062] mmap2(0x7fdc05752000, 24576, PROT_READ|PROT_WRITE, MAP_PRIVATE|MAP_FIXED|MAP_DENYWRITE, 6, 1994752) = 0x7fdc05752000\n", 
                        "api": "mmap2", 
                        "return_value": "0x7fdc05752000", 
                        "instruction_pointer": "7fdc05779123", 
                        "time": 1626370893.123682, 
                        "process_name": "chvt", 
                        "pid": 2062, 
                        "arguments": {
                            "p2": "PROT_READ|PROT_WRITE", 
                            "p3": "MAP_PRIVATE|MAP_FIXED|MAP_DENYWRITE", 
                            "p0": "0x7fdc05752000", 
                            "p1": "24576", 
                            "p4": "6", 
                            "p5": "1994752"
                        }
                    }, 
                    {
                        "status": "", 
                        "raw": "Thu Jul 15 17:41:33 2021.123702 chvt@7fdc05779123[2062] mmap2(0x7fdc05758000, 15072, PROT_READ|PROT_WRITE, MAP_PRIVATE|MAP_FIXED|MAP_ANONYMOUS, -1, 0) = 0x7fdc05758000\n", 
                        "api": "mmap2", 
                        "return_value": "0x7fdc05758000", 
                        "instruction_pointer": "7fdc05779123", 
                        "time": 1626370893.123702, 
                        "process_name": "chvt", 
                        "pid": 2062, 
                        "arguments": {
                            "p2": "PROT_READ|PROT_WRITE", 
                            "p3": "MAP_PRIVATE|MAP_FIXED|MAP_ANONYMOUS", 
                            "p0": "0x7fdc05758000", 
                            "p1": "15072", 
                            "p4": "-1", 
                            "p5": "0"
                        }
                    }, 
                    {
                        "status": "", 
                        "raw": "Thu Jul 15 17:41:33 2021.123721 chvt@7fdc057790b7[2062] close(6) = 0\n", 
                        "api": "close", 
                        "return_value": "0", 
                        "instruction_pointer": "7fdc057790b7", 
                        "time": 1626370893.123721, 
                        "process_name": "chvt", 
                        "pid": 2062, 
                        "arguments": {
                            "p0": "6"
                        }
                    }, 
                    {
                        "status": "", 
                        "raw": "Thu Jul 15 17:41:33 2021.123753 chvt@7fdc0575d024[2062] arch_prctl(ARCH_SET_FS, 140582963311872) = 0\n", 
                        "api": "arch_prctl", 
                        "return_value": "0", 
                        "instruction_pointer": "7fdc0575d024", 
                        "time": 1626370893.123753, 
                        "process_name": "chvt", 
                        "pid": 2062, 
                        "arguments": {
                            "p0": "ARCH_SET_FS", 
                            "p1": "140582963311872"
                        }
                    }, 
                    {
                        "status": "", 
                        "raw": "Thu Jul 15 17:41:33 2021.123829 chvt@7fdc057791d7[2062] mprotect(0x7fdc05752000, 16384, PROT_READ) = 0\n", 
                        "api": "mprotect", 
                        "return_value": "0", 
                        "instruction_pointer": "7fdc057791d7", 
                        "time": 1626370893.123829, 
                        "process_name": "chvt", 
                        "pid": 2062, 
                        "arguments": {
                            "p2": "PROT_READ", 
                            "p0": "0x7fdc05752000", 
                            "p1": "16384"
                        }
                    }, 
                    {
                        "status": "", 
                        "raw": "Thu Jul 15 17:41:33 2021.123854 chvt@7fdc057791d7[2062] mprotect(0x5625368d1000, 4096, PROT_READ) = 0\n", 
                        "api": "mprotect", 
                        "return_value": "0", 
                        "instruction_pointer": "7fdc057791d7", 
                        "time": 1626370893.123854, 
                        "process_name": "chvt", 
                        "pid": 2062, 
                        "arguments": {
                            "p2": "PROT_READ", 
                            "p0": "0x5625368d1000", 
                            "p1": "4096"
                        }
                    }, 
                    {
                        "status": "", 
                        "raw": "Thu Jul 15 17:41:33 2021.123872 chvt@7fdc057791d7[2062] mprotect(0x7fdc05985000, 4096, PROT_READ) = 0\n", 
                        "api": "mprotect", 
                        "return_value": "0", 
                        "instruction_pointer": "7fdc057791d7", 
                        "time": 1626370893.123872, 
                        "process_name": "chvt", 
                        "pid": 2062, 
                        "arguments": {
                            "p2": "PROT_READ", 
                            "p0": "0x7fdc05985000", 
                            "p1": "4096"
                        }
                    }, 
                    {
                        "status": "", 
                        "raw": "Thu Jul 15 17:41:33 2021.123888 chvt@7fdc057791b7[2062] munmap(0x7fdc05970000, 85414) = 0\n", 
                        "api": "munmap", 
                        "return_value": "0", 
                        "instruction_pointer": "7fdc057791b7", 
                        "time": 1626370893.123888, 
                        "process_name": "chvt", 
                        "pid": 2062, 
                        "arguments": {
                            "p0": "0x7fdc05970000", 
                            "p1": "85414"
                        }
                    }, 
                    {
                        "status": "", 
                        "raw": "Thu Jul 15 17:41:33 2021.124029 chvt@7fdc054811f9[2062] brk(0x0) = 94717862264832\n", 
                        "api": "brk", 
                        "return_value": "94717862264832", 
                        "instruction_pointer": "7fdc054811f9", 
                        "time": 1626370893.124029, 
                        "process_name": "chvt", 
                        "pid": 2062, 
                        "arguments": {
                            "p0": "0x0"
                        }
                    }, 
                    {
                        "status": "", 
                        "raw": "Thu Jul 15 17:41:33 2021.124040 chvt@7fdc054811f9[2062] brk(0x5625388ad000) = 94717862400000\n", 
                        "api": "brk", 
                        "return_value": "94717862400000", 
                        "instruction_pointer": "7fdc054811f9", 
                        "time": 1626370893.12404, 
                        "process_name": "chvt", 
                        "pid": 2062, 
                        "arguments": {
                            "p0": "0x5625388ad000"
                        }
                    }, 
                    {
                        "status": "", 
                        "raw": "Thu Jul 15 17:41:33 2021.124062 chvt@7fdc0547ae81[2062] openat(AT_FDCWD, \"/usr/lib/locale/locale-archive\", O_RDONLY|O_CLOEXEC) = 6\n", 
                        "api": "openat", 
                        "return_value": "6", 
                        "instruction_pointer": "7fdc0547ae81", 
                        "time": 1626370893.124062, 
                        "process_name": "chvt", 
                        "pid": 2062, 
                        "arguments": {
                            "p2": "O_RDONLY|O_CLOEXEC", 
                            "p0": "AT_FDCWD", 
                            "p1": "/usr/lib/locale/locale-archive"
                        }
                    }, 
                    {
                        "status": "", 
                        "raw": "Thu Jul 15 17:41:33 2021.124077 chvt@7fdc0547a893[2062] fstat(6, 0x7fdc05757ac0) = 0\n", 
                        "api": "fstat", 
                        "return_value": "0", 
                        "instruction_pointer": "7fdc0547a893", 
                        "time": 1626370893.124077, 
                        "process_name": "chvt", 
                        "pid": 2062, 
                        "arguments": {
                            "p0": "6", 
                            "p1": "0x7fdc05757ac0"
                        }
                    }, 
                    {
                        "status": "", 
                        "raw": "Thu Jul 15 17:41:33 2021.124088 chvt@7fdc05486813[2062] mmap2(0x0, 3339216, PROT_READ, MAP_PRIVATE, 6, 0) = 0x7fdc0503b000\n", 
                        "api": "mmap2", 
                        "return_value": "0x7fdc0503b000", 
                        "instruction_pointer": "7fdc05486813", 
                        "time": 1626370893.124088, 
                        "process_name": "chvt", 
                        "pid": 2062, 
                        "arguments": {
                            "p2": "PROT_READ", 
                            "p3": "MAP_PRIVATE", 
                            "p0": "0x0", 
                            "p1": "3339216", 
                            "p4": "6", 
                            "p5": "0"
                        }
                    }, 
                    {
                        "status": "", 
                        "raw": "Thu Jul 15 17:41:33 2021.124106 chvt@7fdc0547ba17[2062] close(6) = 0\n", 
                        "api": "close", 
                        "return_value": "0", 
                        "instruction_pointer": "7fdc0547ba17", 
                        "time": 1626370893.124106, 
                        "process_name": "chvt", 
                        "pid": 2062, 
                        "arguments": {
                            "p0": "6"
                        }
                    }, 
                    {
                        "status": "", 
                        "raw": "Thu Jul 15 17:41:33 2021.124162 chvt@7fdc0547ae81[2062] openat(AT_FDCWD, \"/usr/share/locale/locale.alias\", O_RDONLY|O_CLOEXEC) = 6\n", 
                        "api": "openat", 
                        "return_value": "6", 
                        "instruction_pointer": "7fdc0547ae81", 
                        "time": 1626370893.124162, 
                        "process_name": "chvt", 
                        "pid": 2062, 
                        "arguments": {
                            "p2": "O_RDONLY|O_CLOEXEC", 
                            "p0": "AT_FDCWD", 
                            "p1": "/usr/share/locale/locale.alias"
                        }
                    }, 
                    {
                        "status": "", 
                        "raw": "Thu Jul 15 17:41:33 2021.124178 chvt@7fdc0547a893[2062] fstat(6, 0x7ffdf701f890) = 0\n", 
                        "api": "fstat", 
                        "return_value": "0", 
                        "instruction_pointer": "7fdc0547a893", 
                        "time": 1626370893.124178, 
                        "process_name": "chvt", 
                        "pid": 2062, 
                        "arguments": {
                            "p0": "6", 
                            "p1": "0x7ffdf701f890"
                        }
                    }, 
                    {
                        "status": "", 
                        "raw": "Thu Jul 15 17:41:33 2021.124189 chvt@7fdc0547b1e4[2062] read(6, 0x56253888e730, 4096) = 2995\n", 
                        "api": "read", 
                        "return_value": "2995", 
                        "instruction_pointer": "7fdc0547b1e4", 
                        "time": 1626370893.124189, 
                        "process_name": "chvt", 
                        "pid": 2062, 
                        "arguments": {
                            "p2": "4096", 
                            "p0": "6", 
                            "p1": "0x56253888e730"
                        }
                    }, 
                    {
                        "status": "", 
                        "raw": "Thu Jul 15 17:41:33 2021.124212 chvt@7fdc0547b1e4[2062] read(6, 0x56253888e730, 4096) = 0\n", 
                        "api": "read", 
                        "return_value": "0", 
                        "instruction_pointer": "7fdc0547b1e4", 
                        "time": 1626370893.124212, 
                        "process_name": "chvt", 
                        "pid": 2062, 
                        "arguments": {
                            "p2": "4096", 
                            "p0": "6", 
                            "p1": "0x56253888e730"
                        }
                    }, 
                    {
                        "status": "", 
                        "raw": "Thu Jul 15 17:41:33 2021.124221 chvt@7fdc0547ba17[2062] close(6) = 0\n", 
                        "api": "close", 
                        "return_value": "0", 
                        "instruction_pointer": "7fdc0547ba17", 
                        "time": 1626370893.124221, 
                        "process_name": "chvt", 
                        "pid": 2062, 
                        "arguments": {
                            "p0": "6"
                        }
                    }, 
                    {
                        "status": "ENOENT", 
                        "raw": "Thu Jul 15 17:41:33 2021.124261 chvt@7fdc0547ae81[2062] openat(AT_FDCWD, \"/usr/share/locale/en_US.UTF-8/LC_MESSAGES/kbd.mo\", O_RDONLY) = -2 (ENOENT)\n", 
                        "api": "openat", 
                        "return_value": "-2", 
                        "instruction_pointer": "7fdc0547ae81", 
                        "time": 1626370893.124261, 
                        "process_name": "chvt", 
                        "pid": 2062, 
                        "arguments": {
                            "p2": "O_RDONLY", 
                            "p0": "AT_FDCWD", 
                            "p1": "/usr/share/locale/en_US.UTF-8/LC_MESSAGES/kbd.mo"
                        }
                    }, 
                    {
                        "status": "ENOENT", 
                        "raw": "Thu Jul 15 17:41:33 2021.124278 chvt@7fdc0547ae81[2062] openat(AT_FDCWD, \"/usr/share/locale/en_US.utf8/LC_MESSAGES/kbd.mo\", O_RDONLY) = -2 (ENOENT)\n", 
                        "api": "openat", 
                        "return_value": "-2", 
                        "instruction_pointer": "7fdc0547ae81", 
                        "time": 1626370893.124278, 
                        "process_name": "chvt", 
                        "pid": 2062, 
                        "arguments": {
                            "p2": "O_RDONLY", 
                            "p0": "AT_FDCWD", 
                            "p1": "/usr/share/locale/en_US.utf8/LC_MESSAGES/kbd.mo"
                        }
                    }, 
                    {
                        "status": "ENOENT", 
                        "raw": "Thu Jul 15 17:41:33 2021.124293 chvt@7fdc0547ae81[2062] openat(AT_FDCWD, \"/usr/share/locale/en_US/LC_MESSAGES/kbd.mo\", O_RDONLY) = -2 (ENOENT)\n", 
                        "api": "openat", 
                        "return_value": "-2", 
                        "instruction_pointer": "7fdc0547ae81", 
                        "time": 1626370893.124293, 
                        "process_name": "chvt", 
                        "pid": 2062, 
                        "arguments": {
                            "p2": "O_RDONLY", 
                            "p0": "AT_FDCWD", 
                            "p1": "/usr/share/locale/en_US/LC_MESSAGES/kbd.mo"
                        }
                    }, 
                    {
                        "status": "ENOENT", 
                        "raw": "Thu Jul 15 17:41:33 2021.124310 chvt@7fdc0547ae81[2062] openat(AT_FDCWD, \"/usr/share/locale/en.UTF-8/LC_MESSAGES/kbd.mo\", O_RDONLY) = -2 (ENOENT)\n", 
                        "api": "openat", 
                        "return_value": "-2", 
                        "instruction_pointer": "7fdc0547ae81", 
                        "time": 1626370893.12431, 
                        "process_name": "chvt", 
                        "pid": 2062, 
                        "arguments": {
                            "p2": "O_RDONLY", 
                            "p0": "AT_FDCWD", 
                            "p1": "/usr/share/locale/en.UTF-8/LC_MESSAGES/kbd.mo"
                        }
                    }, 
                    {
                        "status": "ENOENT", 
                        "raw": "Thu Jul 15 17:41:33 2021.124325 chvt@7fdc0547ae81[2062] openat(AT_FDCWD, \"/usr/share/locale/en.utf8/LC_MESSAGES/kbd.mo\", O_RDONLY) = -2 (ENOENT)\n", 
                        "api": "openat", 
                        "return_value": "-2", 
                        "instruction_pointer": "7fdc0547ae81", 
                        "time": 1626370893.124325, 
                        "process_name": "chvt", 
                        "pid": 2062, 
                        "arguments": {
                            "p2": "O_RDONLY", 
                            "p0": "AT_FDCWD", 
                            "p1": "/usr/share/locale/en.utf8/LC_MESSAGES/kbd.mo"
                        }
                    }, 
                    {
                        "status": "ENOENT", 
                        "raw": "Thu Jul 15 17:41:33 2021.124340 chvt@7fdc0547ae81[2062] openat(AT_FDCWD, \"/usr/share/locale/en/LC_MESSAGES/kbd.mo\", O_RDONLY) = -2 (ENOENT)\n", 
                        "api": "openat", 
                        "return_value": "-2", 
                        "instruction_pointer": "7fdc0547ae81", 
                        "time": 1626370893.12434, 
                        "process_name": "chvt", 
                        "pid": 2062, 
                        "arguments": {
                            "p2": "O_RDONLY", 
                            "p0": "AT_FDCWD", 
                            "p1": "/usr/share/locale/en/LC_MESSAGES/kbd.mo"
                        }
                    }, 
                    {
                        "status": "ENOENT", 
                        "raw": "Thu Jul 15 17:41:33 2021.124365 chvt@7fdc0547ae81[2062] openat(AT_FDCWD, \"/usr/share/locale-langpack/en_US.UTF-8/LC_MESSAGES/kbd.mo\", O_RDONLY) = -2 (ENOENT)\n", 
                        "api": "openat", 
                        "return_value": "-2", 
                        "instruction_pointer": "7fdc0547ae81", 
                        "time": 1626370893.124365, 
                        "process_name": "chvt", 
                        "pid": 2062, 
                        "arguments": {
                            "p2": "O_RDONLY", 
                            "p0": "AT_FDCWD", 
                            "p1": "/usr/share/locale-langpack/en_US.UTF-8/LC_MESSAGES/kbd.mo"
                        }
                    }, 
                    {
                        "status": "ENOENT", 
                        "raw": "Thu Jul 15 17:41:33 2021.124381 chvt@7fdc0547ae81[2062] openat(AT_FDCWD, \"/usr/share/locale-langpack/en_US.utf8/LC_MESSAGES/kbd.mo\", O_RDONLY) = -2 (ENOENT)\n", 
                        "api": "openat", 
                        "return_value": "-2", 
                        "instruction_pointer": "7fdc0547ae81", 
                        "time": 1626370893.124381, 
                        "process_name": "chvt", 
                        "pid": 2062, 
                        "arguments": {
                            "p2": "O_RDONLY", 
                            "p0": "AT_FDCWD", 
                            "p1": "/usr/share/locale-langpack/en_US.utf8/LC_MESSAGES/kbd.mo"
                        }
                    }, 
                    {
                        "status": "ENOENT", 
                        "raw": "Thu Jul 15 17:41:33 2021.124397 chvt@7fdc0547ae81[2062] openat(AT_FDCWD, \"/usr/share/locale-langpack/en_US/LC_MESSAGES/kbd.mo\", O_RDONLY) = -2 (ENOENT)\n", 
                        "api": "openat", 
                        "return_value": "-2", 
                        "instruction_pointer": "7fdc0547ae81", 
                        "time": 1626370893.124397, 
                        "process_name": "chvt", 
                        "pid": 2062, 
                        "arguments": {
                            "p2": "O_RDONLY", 
                            "p0": "AT_FDCWD", 
                            "p1": "/usr/share/locale-langpack/en_US/LC_MESSAGES/kbd.mo"
                        }
                    }, 
                    {
                        "status": "ENOENT", 
                        "raw": "Thu Jul 15 17:41:33 2021.124417 chvt@7fdc0547ae81[2062] openat(AT_FDCWD, \"/usr/share/locale-langpack/en.UTF-8/LC_MESSAGES/kbd.mo\", O_RDONLY) = -2 (ENOENT)\n", 
                        "api": "openat", 
                        "return_value": "-2", 
                        "instruction_pointer": "7fdc0547ae81", 
                        "time": 1626370893.124417, 
                        "process_name": "chvt", 
                        "pid": 2062, 
                        "arguments": {
                            "p2": "O_RDONLY", 
                            "p0": "AT_FDCWD", 
                            "p1": "/usr/share/locale-langpack/en.UTF-8/LC_MESSAGES/kbd.mo"
                        }
                    }, 
                    {
                        "status": "ENOENT", 
                        "raw": "Thu Jul 15 17:41:33 2021.124433 chvt@7fdc0547ae81[2062] openat(AT_FDCWD, \"/usr/share/locale-langpack/en.utf8/LC_MESSAGES/kbd.mo\", O_RDONLY) = -2 (ENOENT)\n", 
                        "api": "openat", 
                        "return_value": "-2", 
                        "instruction_pointer": "7fdc0547ae81", 
                        "time": 1626370893.124433, 
                        "process_name": "chvt", 
                        "pid": 2062, 
                        "arguments": {
                            "p2": "O_RDONLY", 
                            "p0": "AT_FDCWD", 
                            "p1": "/usr/share/locale-langpack/en.utf8/LC_MESSAGES/kbd.mo"
                        }
                    }, 
                    {
                        "status": "ENOENT", 
                        "raw": "Thu Jul 15 17:41:33 2021.124448 chvt@7fdc0547ae81[2062] openat(AT_FDCWD, \"/usr/share/locale-langpack/en/LC_MESSAGES/kbd.mo\", O_RDONLY) = -2 (ENOENT)\n", 
                        "api": "openat", 
                        "return_value": "-2", 
                        "instruction_pointer": "7fdc0547ae81", 
                        "time": 1626370893.124448, 
                        "process_name": "chvt", 
                        "pid": 2062, 
                        "arguments": {
                            "p2": "O_RDONLY", 
                            "p0": "AT_FDCWD", 
                            "p1": "/usr/share/locale-langpack/en/LC_MESSAGES/kbd.mo"
                        }
                    }, 
                    {
                        "status": "", 
                        "raw": "Thu Jul 15 17:41:33 2021.124478 chvt@7fdc0547b224[2062] write(2, \"usage: chvt N\\n\", 14) = 14\n", 
                        "api": "write", 
                        "return_value": "14", 
                        "instruction_pointer": "7fdc0547b224", 
                        "time": 1626370893.124478, 
                        "process_name": "chvt", 
                        "pid": 2062, 
                        "arguments": {
                            "p2": "14", 
                            "p0": "2", 
                            "p1": "usage: chvt N\n"
                        }
                    }, 
                    {
                        "status": "", 
                        "raw": "Thu Jul 15 17:41:33 2021.124509 chvt@7fdc0544fbd6[2062] exit_group(1)\n", 
                        "api": "exit_group", 
                        "return_value": "", 
                        "instruction_pointer": "7fdc0544fbd6", 
                        "time": 1626370893.124509, 
                        "process_name": "chvt", 
                        "pid": 2062, 
                        "arguments": {
                            "p0": "1"
                        }
                    }
                ], 
                "pid": 2062, 
                "process_name": "chvt", 
                "command_line": "/tmp/chvt", 
                "first_seen": 1626370893.12061, 
                "ppid": 2061, 
                "type": "process"
            }
        ], 
        "processtree": [
            {
                "track": true, 
                "pid": 2062, 
                "process_name": "chvt", 
                "command_line": "/tmp/chvt", 
                "first_seen": 1626370893.12061, 
                "ppid": 2061, 
                "children": []
            }
        ]
    }, 
    "debug": {
        "action": [], 
        "dbgview": [], 
        "errors": [], 
        "log": [
            "2021-07-15 19:41:29,009 [root] DEBUG: Starting analyzer from: /tmp_80vut\n", 
            "2021-07-15 19:41:29,013 [root] DEBUG: Storing results at: /tmp/pYdtla\n", 
            "2021-07-15 19:41:29,013 [root] DEBUG: BIANCA DEBUG: \n", 
            "2021-07-15 19:41:29,014 [root] DEBUG: No analysis package specified, trying to detect it automagically.\n", 
            "2021-07-15 19:41:29,014 [root] INFO: Automatically selected analysis package \"generic\"\n", 
            "2021-07-15 19:41:29,055 [root] DEBUG: Bianca DEBUG[<class 'modules.auxiliary.stap.STAP'>]\n", 
            "2021-07-15 19:41:29,064 [modules.auxiliary.stap] WARNING: BIANCA DEBUG: IT GOT TO STAP INIT\n", 
            "2021-07-15 19:41:29,064 [modules.auxiliary.stap] WARNING: BIANCA DEBUG: STAP STARTEDDDDDDDDDDDD\n", 
            "2021-07-15 19:41:29,069 [modules.auxiliary.stap] WARNING: BIANCAAAA stap path: /root/.cuckoo/stap_.ko\n", 
            "2021-07-15 19:41:29,070 [modules.auxiliary.stap] WARNING: HELLO DARKNESS MY OLD FRIENDDD\n", 
            "2021-07-15 19:41:29,080 [modules.auxiliary.stap] WARNING: IT STARTED NOW NOW NOW\n", 
            "2021-07-15 19:41:33,113 [modules.auxiliary.stap] DEBUG: STAP aux module startup took 4.04 seconds\n", 
            "2021-07-15 19:41:33,114 [root] DEBUG: Started auxiliary module STAP\n", 
            "2021-07-15 19:41:33,117 [root] INFO: Added new process to list with pid: 2061\n", 
            "2021-07-15 19:41:34,120 [root] INFO: Process with pid 2061 has terminated\n", 
            "2021-07-15 19:41:34,120 [root] INFO: Process list is empty, terminating analysis.\n", 
            "2021-07-15 19:41:35,122 [modules.auxiliary.stap] DEBUG: stap subprocess retval None\n", 
            "2021-07-15 19:41:35,122 [modules.auxiliary.stap] DEBUG: BIANCA SEND FILE FROM STRAP: stap.log -> logs/all.stap\n", 
            "2021-07-15 19:41:35,125 [root] INFO: Analysis completed.\n"
        ], 
        "cuckoo": [
            "2021-07-15 19:41:30,159 [cuckoo.core.scheduler] INFO: Task #27: acquired machine cuc (label=cuc)\n", 
            "2021-07-15 19:41:30,160 [cuckoo.core.resultserver] DEBUG: Now tracking machine 192.168.56.101 for task #27\n", 
            "2021-07-15 19:41:30,160 [cuckoo.core.plugins] DEBUG: Started auxiliary module: Replay\n", 
            "2021-07-15 19:41:30,165 [cuckoo.auxiliary.sniffer] INFO: Started sniffer with PID 27094 (interface=vboxnet0, host=192.168.56.101)\n", 
            "2021-07-15 19:41:30,166 [cuckoo.core.plugins] DEBUG: Started auxiliary module: Sniffer\n", 
            "2021-07-15 19:41:30,260 [cuckoo.machinery.virtualbox] DEBUG: Starting vm cuc\n", 
            "2021-07-15 19:41:30,443 [cuckoo.machinery.virtualbox] DEBUG: Restoring virtual machine cuc to final_3\n", 
            "2021-07-15 19:41:36,964 [cuckoo.core.guest] INFO: Starting analysis #27 on guest (id=cuc, ip=192.168.56.101)\n", 
            "2021-07-15 19:41:37,966 [cuckoo.core.guest] DEBUG: cuc: not ready yet\n", 
            "2021-07-15 19:41:38,969 [cuckoo.core.guest] DEBUG: cuc: not ready yet\n", 
            "2021-07-15 19:41:39,973 [cuckoo.core.guest] DEBUG: cuc: not ready yet\n", 
            "2021-07-15 19:41:40,976 [cuckoo.core.guest] DEBUG: cuc: not ready yet\n", 
            "2021-07-15 19:41:41,979 [cuckoo.core.guest] DEBUG: cuc: not ready yet\n", 
            "2021-07-15 19:41:42,982 [cuckoo.core.guest] DEBUG: cuc: not ready yet\n", 
            "2021-07-15 19:41:43,985 [cuckoo.core.guest] DEBUG: cuc: not ready yet\n", 
            "2021-07-15 19:41:44,989 [cuckoo.core.guest] DEBUG: cuc: not ready yet\n", 
            "2021-07-15 19:41:45,992 [cuckoo.core.guest] DEBUG: cuc: not ready yet\n", 
            "2021-07-15 19:41:46,995 [cuckoo.core.guest] DEBUG: cuc: not ready yet\n", 
            "2021-07-15 19:41:47,998 [cuckoo.core.guest] DEBUG: cuc: not ready yet\n", 
            "2021-07-15 19:41:48,036 [cuckoo.core.guest] INFO: Guest is running Cuckoo Agent 0.10 (id=cuc, ip=192.168.56.101)\n", 
            "2021-07-15 19:41:48,041 [cuckoo.core.guest] DEBUG: Uploading analyzer to guest (id=cuc, ip=192.168.56.101, monitor=latest, size=31337)\n", 
            "2021-07-15 19:41:48,209 [cuckoo.core.resultserver] DEBUG: Task #27: live log analysis.log initialized.\n", 
            "2021-07-15 19:41:53,213 [cuckoo.core.guest] DEBUG: cuc: analysis #27 still processing\n", 
            "2021-07-15 19:41:54,341 [cuckoo.core.resultserver] DEBUG: Task #27: File upload for 'logs/all.stap'\n", 
            "2021-07-15 19:41:54,343 [cuckoo.core.resultserver] DEBUG: Task #27 uploaded file length: 11934\n", 
            "2021-07-15 19:41:58,256 [cuckoo.core.guest] DEBUG: cuc: analysis #27 still processing\n", 
            "2021-07-15 19:42:03,285 [cuckoo.core.guest] DEBUG: cuc: analysis #27 still processing\n", 
            "2021-07-15 19:42:08,312 [cuckoo.core.guest] DEBUG: cuc: analysis #27 still processing\n", 
            "2021-07-15 19:42:13,445 [cuckoo.core.guest] DEBUG: cuc: analysis #27 still processing\n", 
            "2021-07-15 19:42:18,475 [cuckoo.core.guest] DEBUG: cuc: analysis #27 still processing\n", 
            "2021-07-15 19:42:23,504 [cuckoo.core.guest] DEBUG: cuc: analysis #27 still processing\n", 
            "2021-07-15 19:42:28,533 [cuckoo.core.guest] DEBUG: cuc: analysis #27 still processing\n", 
            "2021-07-15 19:42:33,558 [cuckoo.core.guest] DEBUG: cuc: analysis #27 still processing\n", 
            "2021-07-15 19:42:38,588 [cuckoo.core.guest] DEBUG: cuc: analysis #27 still processing\n", 
            "2021-07-15 19:42:43,615 [cuckoo.core.guest] DEBUG: cuc: analysis #27 still processing\n", 
            "2021-07-15 19:42:48,645 [cuckoo.core.guest] DEBUG: cuc: analysis #27 still processing\n", 
            "2021-07-15 19:42:53,672 [cuckoo.core.guest] DEBUG: cuc: analysis #27 still processing\n", 
            "2021-07-15 19:42:58,700 [cuckoo.core.guest] DEBUG: cuc: analysis #27 still processing\n", 
            "2021-07-15 19:43:03,728 [cuckoo.core.guest] DEBUG: cuc: analysis #27 still processing\n", 
            "2021-07-15 19:43:08,756 [cuckoo.core.guest] DEBUG: cuc: analysis #27 still processing\n", 
            "2021-07-15 19:43:13,783 [cuckoo.core.guest] DEBUG: cuc: analysis #27 still processing\n", 
            "2021-07-15 19:43:18,810 [cuckoo.core.guest] DEBUG: cuc: analysis #27 still processing\n", 
            "2021-07-15 19:43:23,838 [cuckoo.core.guest] DEBUG: cuc: analysis #27 still processing\n", 
            "2021-07-15 19:43:28,866 [cuckoo.core.guest] DEBUG: cuc: analysis #27 still processing\n", 
            "2021-07-15 19:43:33,894 [cuckoo.core.guest] DEBUG: cuc: analysis #27 still processing\n", 
            "2021-07-15 19:43:38,923 [cuckoo.core.guest] DEBUG: cuc: analysis #27 still processing\n", 
            "2021-07-15 19:43:43,951 [cuckoo.core.guest] DEBUG: cuc: analysis #27 still processing\n", 
            "2021-07"
        ]
    }, 
    "strings": [
        "/lib64/ld-linux-x86-64.so.2", 
        "libc.so.6", 
        "__printf_chk", 
        "setlocale", 
        "strrchr", 
        "dcgettext", 
        "__stack_chk_fail", 
        "strtol", 
        "isatty", 
        "__errno_location", 
        "__fprintf_chk", 
        "stderr", 
        "__snprintf_chk", 
        "__vfprintf_chk", 
        "__cxa_finalize", 
        "bindtextdomain", 
        "strcmp", 
        "strerror", 
        "__libc_start_main", 
        "progname", 
        "_IO_stdin_used", 
        "GLIBC_2.4", 
        "GLIBC_2.2.5", 
        "GLIBC_2.3.4", 
        "_ITM_deregisterTMCloneTable", 
        "__gmon_start__", 
        "_ITM_registerTMCloneTable", 
        "/dev/tty", 
        " []A\\A]A^", 
        "[]A\\A]A^A_", 
        "/usr/share/locale", 
        "%s from %s", 
        "kbd 2.0.4", 
        "usage: chvt N", 
        "ioctl VT_ACTIVATE", 
        "ioctl VT_WAITACTIVE", 
        "Couldn't get a file descriptor referring to the console", 
        "/proc/self/fd/0", 
        "Couldn't open %s", 
        "/dev/tty", 
        "/dev/tty0", 
        "/dev/vc/0", 
        "/dev/systty", 
        "/dev/console", 
        "Couldn't get a file descriptor referring to the console", 
        "f70348fabbf71cd7dcdce6080f29c2218ce812.debug", 
        ".shstrtab", 
        ".interp", 
        ".note.ABI-tag", 
        ".note.gnu.build-id", 
        ".gnu.hash", 
        ".dynsym", 
        ".dynstr", 
        ".gnu.version", 
        ".gnu.version_r", 
        ".rela.dyn", 
        ".rela.plt", 
        ".plt.got", 
        ".rodata", 
        ".eh_frame_hdr", 
        ".eh_frame", 
        ".init_array", 
        ".fini_array", 
        ".data.rel.ro", 
        ".dynamic", 
        ".gnu_debuglink"
    ], 
    "metadata": {
        "output": {
            "pcap": {
                "basename": "dump.pcap", 
                "sha256": "0630bcb13531546b60cefa2ab96c7f2565dbc108753f33f70dafd3ad15d66e11", 
                "dirname": ""
            }
        }
    }
}