{
    "info": {
        "added": 1626376643.159303, 
        "started": 1626376643.861867, 
        "duration": 200, 
        "ended": 1626376844.219321, 
        "owner": null, 
        "score": 0.0, 
        "id": 22, 
        "category": "file", 
        "git": {
            "head": "13cbe0d9e457be3673304533043e992ead1ea9b2", 
            "fetch_head": "13cbe0d9e457be3673304533043e992ead1ea9b2"
        }, 
        "monitor": "2deb9ccd75d5a7a3fe05b2625b03a8639d6ee36b", 
        "package": "", 
        "route": "none", 
        "custom": null, 
        "machine": {
            "status": "stopped", 
            "name": "cuc", 
            "label": "cuc", 
            "manager": "VirtualBox", 
            "started_on": "2021-07-15 19:17:24", 
            "shutdown_on": "2021-07-15 19:20:43"
        }, 
        "platform": null, 
        "version": "2.0.7", 
        "options": ""
    }, 
    "signatures": [], 
    "target": {
        "category": "file", 
        "file": {
            "yara": [], 
            "sha1": "f6f536b25d7ee7e314944e41d885d9075f79a9a8", 
            "name": "cat", 
            "type": "ELF 64-bit LSB shared object, x86-64, version 1 (SYSV), dynamically linked, interpreter /lib64/ld-linux-x86-64.so.2, for GNU/Linux 3.2.0, BuildID[sha1]=747e524bc20d33ce25ed4aea108e3025e5c3b78f, stripped", 
            "sha256": "1c48ade64b96409e6773d2c5c771f3b3c5acec65a15980d8dca6b1efd3f95969", 
            "urls": [
                "http://gnu.org/licenses/gpl.html", 
                "http://translationproject.org/team/", 
                "http://www.gnu.org/software/coreutils/", 
                "http://www.gnu.org/gethelp/"
            ], 
            "crc32": "7EFA9DC7", 
            "path": "/home/cuckoo/.cuckoo/storage/binaries/1c48ade64b96409e6773d2c5c771f3b3c5acec65a15980d8dca6b1efd3f95969", 
            "ssdeep": null, 
            "size": 35064, 
            "sha512": "6af93ff8a2f25940121064d31815ac282c25731febedc63f965c2806d3630204d940210c031dd544e74554138b221ce10bac39214fbd2a018fc721f61a644e5b", 
            "md5": "749bda6cb12341b7c83c5bb45579201a"
        }
    }, 
    "network": {
        "tls": [], 
        "udp": [
            {
                "src": "192.168.56.101", 
                "dst": "224.0.0.251", 
                "offset": 448, 
                "time": 6.362019062042236, 
                "dport": 5353, 
                "sport": 5353
            }
        ], 
        "dns_servers": [
            "224.0.0.251"
        ], 
        "http": [], 
        "icmp": [], 
        "smtp": [], 
        "tcp": [], 
        "smtp_ex": [], 
        "mitm": [], 
        "hosts": [], 
        "pcap_sha256": "33fa2134b2b3057cb3ac6d519b5d03772480ade7896a616fceaec4ae8fa31bce", 
        "dns": [
            {
                "type": "PTR", 
                "request": "_ipps._tcp.local", 
                "answers": []
            }
        ], 
        "http_ex": [], 
        "domains": [
            {
                "ip": "", 
                "domain": "_ipps._tcp.local"
            }
        ], 
        "dead_hosts": [], 
        "sorted_pcap_sha256": "ae986ef37634db6de09bd9f21f14444c6712e68e8abd3c700961ead0dcaccb65", 
        "irc": [], 
        "https_ex": []
    }, 
    "behavior": {
        "generic": [
            {
                "process_path": null, 
                "process_name": "cat", 
                "pid": 2067, 
                "summary": {}, 
                "first_seen": 1626369447.077695, 
                "ppid": 2066
            }
        ], 
        "processes": [
            {
                "calls": [
                    {
                        "status": "", 
                        "raw": "Thu Jul 15 17:17:27 2021.077695 cat@7f05bd9d80a9[2067] execve(\"/tmp/cat\", [\"/tmp/cat\"], [\"LC_TIME=de_CH.UTF-8\", \"HOME=/root\", \"LC_MONETARY=de_CH.UTF-8\", \"LOGNAME=root\", \"PATH=/usr/bin:/bin\", \"LC_ADDRESS=de_CH.UTF-8\", \"LANG=en_US.UTF-8\", \"LC_TELEPHONE=de_CH.UTF-8\", \"LC_NAME=de_CH.UTF-8\", \"SHELL=/bin/sh\", \"LC_MEASUREMENT=de_CH.UTF-8\", \"LC_IDENTIFICATION=de_CH.UTF-8\", \"PWD=/tmpiPZG25\", \"LC_NUMERIC=de_CH.UTF-8\", \"LC_PAPER=de_CH.UTF-8\"])\n", 
                        "api": "execve", 
                        "return_value": "", 
                        "instruction_pointer": "7f05bd9d80a9", 
                        "time": 1626369447.077695, 
                        "process_name": "cat", 
                        "pid": 2067, 
                        "arguments": {
                            "p2": [
                                "LC_TIME=de_CH.UTF-8", 
                                "HOME=/root", 
                                "LC_MONETARY=de_CH.UTF-8", 
                                "LOGNAME=root", 
                                "PATH=/usr/bin:/bin", 
                                "LC_ADDRESS=de_CH.UTF-8", 
                                "LANG=en_US.UTF-8", 
                                "LC_TELEPHONE=de_CH.UTF-8", 
                                "LC_NAME=de_CH.UTF-8", 
                                "SHELL=/bin/sh", 
                                "LC_MEASUREMENT=de_CH.UTF-8", 
                                "LC_IDENTIFICATION=de_CH.UTF-8", 
                                "PWD=/tmpiPZG25", 
                                "LC_NUMERIC=de_CH.UTF-8", 
                                "LC_PAPER=de_CH.UTF-8"
                            ], 
                            "p0": "/tmp/cat", 
                            "p1": [
                                "/tmp/cat"
                            ]
                        }
                    }, 
                    {
                        "status": "", 
                        "raw": "Thu Jul 15 17:17:27 2021.077869 cat@7f05bd9d80a9[2067] brk(0x0) = 94092503588864\n", 
                        "api": "brk", 
                        "return_value": "94092503588864", 
                        "instruction_pointer": "7f05bd9d80a9", 
                        "time": 1626369447.077869, 
                        "process_name": "cat", 
                        "pid": 2067, 
                        "arguments": {
                            "p0": "0x0"
                        }
                    }, 
                    {
                        "status": "ENOENT", 
                        "raw": "Thu Jul 15 17:17:27 2021.077906 cat@7f05bd9cb96e[2067] access(\"/etc/ld.so.nohwcap\", F_OK) = -2 (ENOENT)\n", 
                        "api": "access", 
                        "return_value": "-2", 
                        "instruction_pointer": "7f05bd9cb96e", 
                        "time": 1626369447.077906, 
                        "process_name": "cat", 
                        "pid": 2067, 
                        "arguments": {
                            "p0": "/etc/ld.so.nohwcap", 
                            "p1": "F_OK"
                        }
                    }, 
                    {
                        "status": "ENOENT", 
                        "raw": "Thu Jul 15 17:17:27 2021.077930 cat@7f05bd9d9007[2067] access(0x7f05bd9e1880, R_OK) = -2 (ENOENT)\n", 
                        "api": "access", 
                        "return_value": "-2", 
                        "instruction_pointer": "7f05bd9d9007", 
                        "time": 1626369447.07793, 
                        "process_name": "cat", 
                        "pid": 2067, 
                        "arguments": {
                            "p0": "0x7f05bd9e1880", 
                            "p1": "R_OK"
                        }
                    }, 
                    {
                        "status": "", 
                        "raw": "Thu Jul 15 17:17:27 2021.077946 cat@7f05bd9d8ebd[2067] openat(AT_FDCWD, \"/etc/ld.so.cache\", O_RDONLY|O_CLOEXEC) = 6\n", 
                        "api": "openat", 
                        "return_value": "6", 
                        "instruction_pointer": "7f05bd9d8ebd", 
                        "time": 1626369447.077946, 
                        "process_name": "cat", 
                        "pid": 2067, 
                        "arguments": {
                            "p2": "O_RDONLY|O_CLOEXEC", 
                            "p0": "AT_FDCWD", 
                            "p1": "/etc/ld.so.cache"
                        }
                    }, 
                    {
                        "status": "", 
                        "raw": "Thu Jul 15 17:17:27 2021.077960 cat@7f05bd9d8e23[2067] fstat(6, 0x7ffcfbd08550) = 0\n", 
                        "api": "fstat", 
                        "return_value": "0", 
                        "instruction_pointer": "7f05bd9d8e23", 
                        "time": 1626369447.07796, 
                        "process_name": "cat", 
                        "pid": 2067, 
                        "arguments": {
                            "p0": "6", 
                            "p1": "0x7ffcfbd08550"
                        }
                    }, 
                    {
                        "status": "", 
                        "raw": "Thu Jul 15 17:17:27 2021.077971 cat@7f05bd9d9123[2067] mmap2(0x0, 85414, PROT_READ, MAP_PRIVATE, 6, 0) = 0x7f05bdbd0000\n", 
                        "api": "mmap2", 
                        "return_value": "0x7f05bdbd0000", 
                        "instruction_pointer": "7f05bd9d9123", 
                        "time": 1626369447.077971, 
                        "process_name": "cat", 
                        "pid": 2067, 
                        "arguments": {
                            "p2": "PROT_READ", 
                            "p3": "MAP_PRIVATE", 
                            "p0": "0x0", 
                            "p1": "85414", 
                            "p4": "6", 
                            "p5": "0"
                        }
                    }, 
                    {
                        "status": "", 
                        "raw": "Thu Jul 15 17:17:27 2021.077984 cat@7f05bd9d90b7[2067] close(6) = 0\n", 
                        "api": "close", 
                        "return_value": "0", 
                        "instruction_pointer": "7f05bd9d90b7", 
                        "time": 1626369447.077984, 
                        "process_name": "cat", 
                        "pid": 2067, 
                        "arguments": {
                            "p0": "6"
                        }
                    }, 
                    {
                        "status": "ENOENT", 
                        "raw": "Thu Jul 15 17:17:27 2021.077998 cat@7f05bd9d42d9[2067] access(\"/etc/ld.so.nohwcap\", F_OK) = -2 (ENOENT)\n", 
                        "api": "access", 
                        "return_value": "-2", 
                        "instruction_pointer": "7f05bd9d42d9", 
                        "time": 1626369447.077998, 
                        "process_name": "cat", 
                        "pid": 2067, 
                        "arguments": {
                            "p0": "/etc/ld.so.nohwcap", 
                            "p1": "F_OK"
                        }
                    }, 
                    {
                        "status": "", 
                        "raw": "Thu Jul 15 17:17:27 2021.078026 cat@7f05bd9d8ebd[2067] openat(AT_FDCWD, \"/lib/x86_64-linux-gnu/libc.so.6\", O_RDONLY|O_CLOEXEC) = 6\n", 
                        "api": "openat", 
                        "return_value": "6", 
                        "instruction_pointer": "7f05bd9d8ebd", 
                        "time": 1626369447.078026, 
                        "process_name": "cat", 
                        "pid": 2067, 
                        "arguments": {
                            "p2": "O_RDONLY|O_CLOEXEC", 
                            "p0": "AT_FDCWD", 
                            "p1": "/lib/x86_64-linux-gnu/libc.so.6"
                        }
                    }, 
                    {
                        "status": "", 
                        "raw": "Thu Jul 15 17:17:27 2021.078040 cat@7f05bd9d8f84[2067] read(6, 0x7ffcfbd08718, 832) = 832\n", 
                        "api": "read", 
                        "return_value": "832", 
                        "instruction_pointer": "7f05bd9d8f84", 
                        "time": 1626369447.07804, 
                        "process_name": "cat", 
                        "pid": 2067, 
                        "arguments": {
                            "p2": "832", 
                            "p0": "6", 
                            "p1": "0x7ffcfbd08718"
                        }
                    }, 
                    {
                        "status": "", 
                        "raw": "Thu Jul 15 17:17:27 2021.078051 cat@7f05bd9d8e23[2067] fstat(6, 0x7ffcfbd085b0) = 0\n", 
                        "api": "fstat", 
                        "return_value": "0", 
                        "instruction_pointer": "7f05bd9d8e23", 
                        "time": 1626369447.078051, 
                        "process_name": "cat", 
                        "pid": 2067, 
                        "arguments": {
                            "p0": "6", 
                            "p1": "0x7ffcfbd085b0"
                        }
                    }, 
                    {
                        "status": "", 
                        "raw": "Thu Jul 15 17:17:27 2021.078061 cat@7f05bd9d9123[2067] mmap2(0x0, 8192, PROT_READ|PROT_WRITE, MAP_PRIVATE|MAP_ANONYMOUS, -1, 0) = 0x7f05bdbce000\n", 
                        "api": "mmap2", 
                        "return_value": "0x7f05bdbce000", 
                        "instruction_pointer": "7f05bd9d9123", 
                        "time": 1626369447.078061, 
                        "process_name": "cat", 
                        "pid": 2067, 
                        "arguments": {
                            "p2": "PROT_READ|PROT_WRITE", 
                            "p3": "MAP_PRIVATE|MAP_ANONYMOUS", 
                            "p0": "0x0", 
                            "p1": "8192", 
                            "p4": "-1", 
                            "p5": "0"
                        }
                    }, 
                    {
                        "status": "", 
                        "raw": "Thu Jul 15 17:17:27 2021.078077 cat@7f05bd9d9123[2067] mmap2(0x0, 4131552, PROT_READ|PROT_EXEC, MAP_PRIVATE|MAP_DENYWRITE, 6, 0) = 0x7f05bd5cb000\n", 
                        "api": "mmap2", 
                        "return_value": "0x7f05bd5cb000", 
                        "instruction_pointer": "7f05bd9d9123", 
                        "time": 1626369447.078077, 
                        "process_name": "cat", 
                        "pid": 2067, 
                        "arguments": {
                            "p2": "PROT_READ|PROT_EXEC", 
                            "p3": "MAP_PRIVATE|MAP_DENYWRITE", 
                            "p0": "0x0", 
                            "p1": "4131552", 
                            "p4": "6", 
                            "p5": "0"
                        }
                    }, 
                    {
                        "status": "", 
                        "raw": "Thu Jul 15 17:17:27 2021.078102 cat@7f05bd9d91d7[2067] mprotect(0x7f05bd7b2000, 2097152, PROT_NONE) = 0\n", 
                        "api": "mprotect", 
                        "return_value": "0", 
                        "instruction_pointer": "7f05bd9d91d7", 
                        "time": 1626369447.078102, 
                        "process_name": "cat", 
                        "pid": 2067, 
                        "arguments": {
                            "p2": "PROT_NONE", 
                            "p0": "0x7f05bd7b2000", 
                            "p1": "2097152"
                        }
                    }, 
                    {
                        "status": "", 
                        "raw": "Thu Jul 15 17:17:27 2021.078130 cat@7f05bd9d9123[2067] mmap2(0x7f05bd9b2000, 24576, PROT_READ|PROT_WRITE, MAP_PRIVATE|MAP_FIXED|MAP_DENYWRITE, 6, 1994752) = 0x7f05bd9b2000\n", 
                        "api": "mmap2", 
                        "return_value": "0x7f05bd9b2000", 
                        "instruction_pointer": "7f05bd9d9123", 
                        "time": 1626369447.07813, 
                        "process_name": "cat", 
                        "pid": 2067, 
                        "arguments": {
                            "p2": "PROT_READ|PROT_WRITE", 
                            "p3": "MAP_PRIVATE|MAP_FIXED|MAP_DENYWRITE", 
                            "p0": "0x7f05bd9b2000", 
                            "p1": "24576", 
                            "p4": "6", 
                            "p5": "1994752"
                        }
                    }, 
                    {
                        "status": "", 
                        "raw": "Thu Jul 15 17:17:27 2021.078150 cat@7f05bd9d9123[2067] mmap2(0x7f05bd9b8000, 15072, PROT_READ|PROT_WRITE, MAP_PRIVATE|MAP_FIXED|MAP_ANONYMOUS, -1, 0) = 0x7f05bd9b8000\n", 
                        "api": "mmap2", 
                        "return_value": "0x7f05bd9b8000", 
                        "instruction_pointer": "7f05bd9d9123", 
                        "time": 1626369447.07815, 
                        "process_name": "cat", 
                        "pid": 2067, 
                        "arguments": {
                            "p2": "PROT_READ|PROT_WRITE", 
                            "p3": "MAP_PRIVATE|MAP_FIXED|MAP_ANONYMOUS", 
                            "p0": "0x7f05bd9b8000", 
                            "p1": "15072", 
                            "p4": "-1", 
                            "p5": "0"
                        }
                    }, 
                    {
                        "status": "", 
                        "raw": "Thu Jul 15 17:17:27 2021.078199 cat@7f05bd9d90b7[2067] close(6) = 0\n", 
                        "api": "close", 
                        "return_value": "0", 
                        "instruction_pointer": "7f05bd9d90b7", 
                        "time": 1626369447.078199, 
                        "process_name": "cat", 
                        "pid": 2067, 
                        "arguments": {
                            "p0": "6"
                        }
                    }, 
                    {
                        "status": "", 
                        "raw": "Thu Jul 15 17:17:27 2021.078243 cat@7f05bd9bd024[2067] arch_prctl(ARCH_SET_FS, 139662634841408) = 0\n", 
                        "api": "arch_prctl", 
                        "return_value": "0", 
                        "instruction_pointer": "7f05bd9bd024", 
                        "time": 1626369447.078243, 
                        "process_name": "cat", 
                        "pid": 2067, 
                        "arguments": {
                            "p0": "ARCH_SET_FS", 
                            "p1": "139662634841408"
                        }
                    }, 
                    {
                        "status": "", 
                        "raw": "Thu Jul 15 17:17:27 2021.078334 cat@7f05bd9d91d7[2067] mprotect(0x7f05bd9b2000, 16384, PROT_READ) = 0\n", 
                        "api": "mprotect", 
                        "return_value": "0", 
                        "instruction_pointer": "7f05bd9d91d7", 
                        "time": 1626369447.078334, 
                        "process_name": "cat", 
                        "pid": 2067, 
                        "arguments": {
                            "p2": "PROT_READ", 
                            "p0": "0x7f05bd9b2000", 
                            "p1": "16384"
                        }
                    }, 
                    {
                        "status": "", 
                        "raw": "Thu Jul 15 17:17:27 2021.078375 cat@7f05bd9d91d7[2067] mprotect(0x55939d269000, 4096, PROT_READ) = 0\n", 
                        "api": "mprotect", 
                        "return_value": "0", 
                        "instruction_pointer": "7f05bd9d91d7", 
                        "time": 1626369447.078375, 
                        "process_name": "cat", 
                        "pid": 2067, 
                        "arguments": {
                            "p2": "PROT_READ", 
                            "p0": "0x55939d269000", 
                            "p1": "4096"
                        }
                    }, 
                    {
                        "status": "", 
                        "raw": "Thu Jul 15 17:17:27 2021.078402 cat@7f05bd9d91d7[2067] mprotect(0x7f05bdbe5000, 4096, PROT_READ) = 0\n", 
                        "api": "mprotect", 
                        "return_value": "0", 
                        "instruction_pointer": "7f05bd9d91d7", 
                        "time": 1626369447.078402, 
                        "process_name": "cat", 
                        "pid": 2067, 
                        "arguments": {
                            "p2": "PROT_READ", 
                            "p0": "0x7f05bdbe5000", 
                            "p1": "4096"
                        }
                    }, 
                    {
                        "status": "", 
                        "raw": "Thu Jul 15 17:17:27 2021.078428 cat@7f05bd9d91b7[2067] munmap(0x7f05bdbd0000, 85414) = 0\n", 
                        "api": "munmap", 
                        "return_value": "0", 
                        "instruction_pointer": "7f05bd9d91b7", 
                        "time": 1626369447.078428, 
                        "process_name": "cat", 
                        "pid": 2067, 
                        "arguments": {
                            "p0": "0x7f05bdbd0000", 
                            "p1": "85414"
                        }
                    }, 
                    {
                        "status": "", 
                        "raw": "Thu Jul 15 17:17:27 2021.078536 cat@7f05bd6e11f9[2067] brk(0x0) = 94092503588864\n", 
                        "api": "brk", 
                        "return_value": "94092503588864", 
                        "instruction_pointer": "7f05bd6e11f9", 
                        "time": 1626369447.078536, 
                        "process_name": "cat", 
                        "pid": 2067, 
                        "arguments": {
                            "p0": "0x0"
                        }
                    }, 
                    {
                        "status": "", 
                        "raw": "Thu Jul 15 17:17:27 2021.078546 cat@7f05bd6e11f9[2067] brk(0x55939e42b000) = 94092503724032\n", 
                        "api": "brk", 
                        "return_value": "94092503724032", 
                        "instruction_pointer": "7f05bd6e11f9", 
                        "time": 1626369447.078546, 
                        "process_name": "cat", 
                        "pid": 2067, 
                        "arguments": {
                            "p0": "0x55939e42b000"
                        }
                    }, 
                    {
                        "status": "", 
                        "raw": "Thu Jul 15 17:17:27 2021.078598 cat@7f05bd6dae81[2067] openat(AT_FDCWD, \"/usr/lib/locale/locale-archive\", O_RDONLY|O_CLOEXEC) = 6\n", 
                        "api": "openat", 
                        "return_value": "6", 
                        "instruction_pointer": "7f05bd6dae81", 
                        "time": 1626369447.078598, 
                        "process_name": "cat", 
                        "pid": 2067, 
                        "arguments": {
                            "p2": "O_RDONLY|O_CLOEXEC", 
                            "p0": "AT_FDCWD", 
                            "p1": "/usr/lib/locale/locale-archive"
                        }
                    }, 
                    {
                        "status": "", 
                        "raw": "Thu Jul 15 17:17:27 2021.078623 cat@7f05bd6da893[2067] fstat(6, 0x7f05bd9b7ac0) = 0\n", 
                        "api": "fstat", 
                        "return_value": "0", 
                        "instruction_pointer": "7f05bd6da893", 
                        "time": 1626369447.078623, 
                        "process_name": "cat", 
                        "pid": 2067, 
                        "arguments": {
                            "p0": "6", 
                            "p1": "0x7f05bd9b7ac0"
                        }
                    }, 
                    {
                        "status": "", 
                        "raw": "Thu Jul 15 17:17:27 2021.078634 cat@7f05bd6e6813[2067] mmap2(0x0, 3339216, PROT_READ, MAP_PRIVATE, 6, 0) = 0x7f05bd29b000\n", 
                        "api": "mmap2", 
                        "return_value": "0x7f05bd29b000", 
                        "instruction_pointer": "7f05bd6e6813", 
                        "time": 1626369447.078634, 
                        "process_name": "cat", 
                        "pid": 2067, 
                        "arguments": {
                            "p2": "PROT_READ", 
                            "p3": "MAP_PRIVATE", 
                            "p0": "0x0", 
                            "p1": "3339216", 
                            "p4": "6", 
                            "p5": "0"
                        }
                    }, 
                    {
                        "status": "", 
                        "raw": "Thu Jul 15 17:17:27 2021.078661 cat@7f05bd6dba17[2067] close(6) = 0\n", 
                        "api": "close", 
                        "return_value": "0", 
                        "instruction_pointer": "7f05bd6dba17", 
                        "time": 1626369447.078661, 
                        "process_name": "cat", 
                        "pid": 2067, 
                        "arguments": {
                            "p0": "6"
                        }
                    }, 
                    {
                        "status": "", 
                        "raw": "Thu Jul 15 17:17:27 2021.078720 cat@7f05bd6da893[2067] fstat(1, 0x7ffcfbd08e70) = 0\n", 
                        "api": "fstat", 
                        "return_value": "0", 
                        "instruction_pointer": "7f05bd6da893", 
                        "time": 1626369447.07872, 
                        "process_name": "cat", 
                        "pid": 2067, 
                        "arguments": {
                            "p0": "1", 
                            "p1": "0x7ffcfbd08e70"
                        }
                    }, 
                    {
                        "status": "", 
                        "raw": "Thu Jul 15 17:17:27 2021.078730 cat@7f05bd6da893[2067] fstat(0, 0x7ffcfbd08e70) = 0\n", 
                        "api": "fstat", 
                        "return_value": "0", 
                        "instruction_pointer": "7f05bd6da893", 
                        "time": 1626369447.07873, 
                        "process_name": "cat", 
                        "pid": 2067, 
                        "arguments": {
                            "p0": "0", 
                            "p1": "0x7ffcfbd08e70"
                        }
                    }, 
                    {
                        "status": "ESPIPE", 
                        "raw": "Thu Jul 15 17:17:27 2021.078751 cat@7f05bd6dfe0a[2067] fadvise64(0, 0, 0, POSIX_FADV_SEQUENTIAL) = -29 (ESPIPE)\n", 
                        "api": "fadvise64", 
                        "return_value": "-29", 
                        "instruction_pointer": "7f05bd6dfe0a", 
                        "time": 1626369447.078751, 
                        "process_name": "cat", 
                        "pid": 2067, 
                        "arguments": {
                            "p2": "0", 
                            "p3": "POSIX_FADV_SEQUENTIAL", 
                            "p0": "0", 
                            "p1": "0"
                        }
                    }, 
                    {
                        "status": "", 
                        "raw": "Thu Jul 15 17:17:27 2021.078773 cat@7f05bd6e6813[2067] mmap2(0x0, 139264, PROT_READ|PROT_WRITE, MAP_PRIVATE|MAP_ANONYMOUS, -1, 0) = 0x7f05bdbac000\n", 
                        "api": "mmap2", 
                        "return_value": "0x7f05bdbac000", 
                        "instruction_pointer": "7f05bd6e6813", 
                        "time": 1626369447.078773, 
                        "process_name": "cat", 
                        "pid": 2067, 
                        "arguments": {
                            "p2": "PROT_READ|PROT_WRITE", 
                            "p3": "MAP_PRIVATE|MAP_ANONYMOUS", 
                            "p0": "0x0", 
                            "p1": "139264", 
                            "p4": "-1", 
                            "p5": "0"
                        }
                    }, 
                    {
                        "status": "", 
                        "raw": "Thu Jul 15 17:17:27 2021.078787 cat@7f05bd6db151[2067] read(0, 0x7f05bdbad000, 131072) = 0\n", 
                        "api": "read", 
                        "return_value": "0", 
                        "instruction_pointer": "7f05bd6db151", 
                        "time": 1626369447.078787, 
                        "process_name": "cat", 
                        "pid": 2067, 
                        "arguments": {
                            "p2": "131072", 
                            "p0": "0", 
                            "p1": "0x7f05bdbad000"
                        }
                    }, 
                    {
                        "status": "", 
                        "raw": "Thu Jul 15 17:17:27 2021.078798 cat@7f05bd6e68b7[2067] munmap(0x7f05bdbac000, 139264) = 0\n", 
                        "api": "munmap", 
                        "return_value": "0", 
                        "instruction_pointer": "7f05bd6e68b7", 
                        "time": 1626369447.078798, 
                        "process_name": "cat", 
                        "pid": 2067, 
                        "arguments": {
                            "p0": "0x7f05bdbac000", 
                            "p1": "139264"
                        }
                    }, 
                    {
                        "status": "", 
                        "raw": "Thu Jul 15 17:17:27 2021.078845 cat@7f05bd6db9a4[2067] close(0) = 0\n", 
                        "api": "close", 
                        "return_value": "0", 
                        "instruction_pointer": "7f05bd6db9a4", 
                        "time": 1626369447.078845, 
                        "process_name": "cat", 
                        "pid": 2067, 
                        "arguments": {
                            "p0": "0"
                        }
                    }, 
                    {
                        "status": "", 
                        "raw": "Thu Jul 15 17:17:27 2021.078879 cat@7f05bd6dba17[2067] close(1) = 0\n", 
                        "api": "close", 
                        "return_value": "0", 
                        "instruction_pointer": "7f05bd6dba17", 
                        "time": 1626369447.078879, 
                        "process_name": "cat", 
                        "pid": 2067, 
                        "arguments": {
                            "p0": "1"
                        }
                    }, 
                    {
                        "status": "", 
                        "raw": "Thu Jul 15 17:17:27 2021.078888 cat@7f05bd6dba17[2067] close(2) = 0\n", 
                        "api": "close", 
                        "return_value": "0", 
                        "instruction_pointer": "7f05bd6dba17", 
                        "time": 1626369447.078888, 
                        "process_name": "cat", 
                        "pid": 2067, 
                        "arguments": {
                            "p0": "2"
                        }
                    }, 
                    {
                        "status": "", 
                        "raw": "Thu Jul 15 17:17:27 2021.078912 cat@7f05bd6afbd6[2067] exit_group(0)\n", 
                        "api": "exit_group", 
                        "return_value": "", 
                        "instruction_pointer": "7f05bd6afbd6", 
                        "time": 1626369447.078912, 
                        "process_name": "cat", 
                        "pid": 2067, 
                        "arguments": {
                            "p0": "0"
                        }
                    }
                ], 
                "pid": 2067, 
                "process_name": "cat", 
                "command_line": "/tmp/cat", 
                "first_seen": 1626369447.077695, 
                "ppid": 2066, 
                "type": "process"
            }
        ], 
        "processtree": [
            {
                "track": true, 
                "pid": 2067, 
                "process_name": "cat", 
                "command_line": "/tmp/cat", 
                "first_seen": 1626369447.077695, 
                "ppid": 2066, 
                "children": []
            }
        ]
    }, 
    "debug": {
        "action": [], 
        "dbgview": [], 
        "errors": [], 
        "log": [
            "2021-07-15 19:17:23,002 [root] DEBUG: Starting analyzer from: /tmpiPZG25\n", 
            "2021-07-15 19:17:23,012 [root] DEBUG: Storing results at: /tmp/ZotqbDTzqL\n", 
            "2021-07-15 19:17:23,013 [root] DEBUG: BIANCA DEBUG: \n", 
            "2021-07-15 19:17:23,013 [root] DEBUG: No analysis package specified, trying to detect it automagically.\n", 
            "2021-07-15 19:17:23,014 [root] INFO: Automatically selected analysis package \"generic\"\n", 
            "2021-07-15 19:17:23,057 [root] DEBUG: Bianca DEBUG[<class 'modules.auxiliary.stap.STAP'>]\n", 
            "2021-07-15 19:17:23,058 [modules.auxiliary.stap] WARNING: BIANCA DEBUG: IT GOT TO STAP INIT\n", 
            "2021-07-15 19:17:23,058 [modules.auxiliary.stap] WARNING: BIANCA DEBUG: STAP STARTEDDDDDDDDDDDD\n", 
            "2021-07-15 19:17:23,061 [modules.auxiliary.stap] WARNING: BIANCAAAA stap path: /root/.cuckoo/stap_.ko\n", 
            "2021-07-15 19:17:23,062 [modules.auxiliary.stap] WARNING: HELLO DARKNESS MY OLD FRIENDDD\n", 
            "2021-07-15 19:17:23,068 [modules.auxiliary.stap] WARNING: IT STARTED NOW NOW NOW\n", 
            "2021-07-15 19:17:27,068 [modules.auxiliary.stap] DEBUG: STAP aux module startup took 4.01 seconds\n", 
            "2021-07-15 19:17:27,069 [root] DEBUG: Started auxiliary module STAP\n", 
            "2021-07-15 19:17:27,076 [root] INFO: Added new process to list with pid: 2066\n", 
            "2021-07-15 19:17:28,079 [root] INFO: Process with pid 2066 has terminated\n", 
            "2021-07-15 19:17:28,080 [root] INFO: Process list is empty, terminating analysis.\n", 
            "2021-07-15 19:17:29,082 [modules.auxiliary.stap] DEBUG: stap subprocess retval None\n", 
            "2021-07-15 19:17:29,083 [modules.auxiliary.stap] DEBUG: BIANCA SEND FILE FROM STRAP: stap.log -> logs/all.stap\n", 
            "2021-07-15 19:17:29,088 [root] INFO: Analysis completed.\n"
        ], 
        "cuckoo": [
            "2021-07-15 19:17:24,082 [cuckoo.core.scheduler] INFO: Task #22: acquired machine cuc (label=cuc)\n", 
            "2021-07-15 19:17:24,083 [cuckoo.core.resultserver] DEBUG: Now tracking machine 192.168.56.101 for task #22\n", 
            "2021-07-15 19:17:24,083 [cuckoo.core.plugins] DEBUG: Started auxiliary module: Replay\n", 
            "2021-07-15 19:17:24,090 [cuckoo.auxiliary.sniffer] INFO: Started sniffer with PID 25942 (interface=vboxnet0, host=192.168.56.101)\n", 
            "2021-07-15 19:17:24,090 [cuckoo.core.plugins] DEBUG: Started auxiliary module: Sniffer\n", 
            "2021-07-15 19:17:24,229 [cuckoo.machinery.virtualbox] DEBUG: Starting vm cuc\n", 
            "2021-07-15 19:17:24,421 [cuckoo.machinery.virtualbox] DEBUG: Restoring virtual machine cuc to final_3\n", 
            "2021-07-15 19:17:30,942 [cuckoo.core.guest] INFO: Starting analysis #22 on guest (id=cuc, ip=192.168.56.101)\n", 
            "2021-07-15 19:17:31,945 [cuckoo.core.guest] DEBUG: cuc: not ready yet\n", 
            "2021-07-15 19:17:32,948 [cuckoo.core.guest] DEBUG: cuc: not ready yet\n", 
            "2021-07-15 19:17:33,951 [cuckoo.core.guest] DEBUG: cuc: not ready yet\n", 
            "2021-07-15 19:17:34,955 [cuckoo.core.guest] DEBUG: cuc: not ready yet\n", 
            "2021-07-15 19:17:35,958 [cuckoo.core.guest] DEBUG: cuc: not ready yet\n", 
            "2021-07-15 19:17:36,961 [cuckoo.core.guest] DEBUG: cuc: not ready yet\n", 
            "2021-07-15 19:17:37,965 [cuckoo.core.guest] DEBUG: cuc: not ready yet\n", 
            "2021-07-15 19:17:38,968 [cuckoo.core.guest] DEBUG: cuc: not ready yet\n", 
            "2021-07-15 19:17:39,971 [cuckoo.core.guest] DEBUG: cuc: not ready yet\n", 
            "2021-07-15 19:17:40,975 [cuckoo.core.guest] DEBUG: cuc: not ready yet\n", 
            "2021-07-15 19:17:41,978 [cuckoo.core.guest] DEBUG: cuc: not ready yet\n", 
            "2021-07-15 19:17:42,049 [cuckoo.core.guest] INFO: Guest is running Cuckoo Agent 0.10 (id=cuc, ip=192.168.56.101)\n", 
            "2021-07-15 19:17:42,055 [cuckoo.core.guest] DEBUG: Uploading analyzer to guest (id=cuc, ip=192.168.56.101, monitor=latest, size=31337)\n", 
            "2021-07-15 19:17:42,236 [cuckoo.core.resultserver] DEBUG: Task #22: live log analysis.log initialized.\n", 
            "2021-07-15 19:17:47,235 [cuckoo.core.guest] DEBUG: cuc: analysis #22 still processing\n", 
            "2021-07-15 19:17:48,330 [cuckoo.core.resultserver] DEBUG: Task #22: File upload for 'logs/all.stap'\n", 
            "2021-07-15 19:17:48,334 [cuckoo.core.resultserver] DEBUG: Task #22 uploaded file length: 10460\n", 
            "2021-07-15 19:17:52,268 [cuckoo.core.guest] DEBUG: cuc: analysis #22 still processing\n", 
            "2021-07-15 19:17:57,299 [cuckoo.core.guest] DEBUG: cuc: analysis #22 still processing\n", 
            "2021-07-15 19:18:02,518 [cuckoo.core.guest] DEBUG: cuc: analysis #22 still processing\n", 
            "2021-07-15 19:18:07,546 [cuckoo.core.guest] DEBUG: cuc: analysis #22 still processing\n", 
            "2021-07-15 19:18:12,577 [cuckoo.core.guest] DEBUG: cuc: analysis #22 still processing\n", 
            "2021-07-15 19:18:17,606 [cuckoo.core.guest] DEBUG: cuc: analysis #22 still processing\n", 
            "2021-07-15 19:18:22,634 [cuckoo.core.guest] DEBUG: cuc: analysis #22 still processing\n", 
            "2021-07-15 19:18:27,661 [cuckoo.core.guest] DEBUG: cuc: analysis #22 still processing\n", 
            "2021-07-15 19:18:32,690 [cuckoo.core.guest] DEBUG: cuc: analysis #22 still processing\n", 
            "2021-07-15 19:18:37,718 [cuckoo.core.guest] DEBUG: cuc: analysis #22 still processing\n", 
            "2021-07-15 19:18:42,746 [cuckoo.core.guest] DEBUG: cuc: analysis #22 still processing\n", 
            "2021-07-15 19:18:47,774 [cuckoo.core.guest] DEBUG: cuc: analysis #22 still processing\n", 
            "2021-07-15 19:18:52,802 [cuckoo.core.guest] DEBUG: cuc: analysis #22 still processing\n", 
            "2021-07-15 19:18:57,829 [cuckoo.core.guest] DEBUG: cuc: analysis #22 still processing\n", 
            "2021-07-15 19:19:02,871 [cuckoo.core.guest] DEBUG: cuc: analysis #22 still processing\n", 
            "2021-07-15 19:19:07,898 [cuckoo.core.guest] DEBUG: cuc: analysis #22 still processing\n", 
            "2021-07-15 19:19:12,926 [cuckoo.core.guest] DEBUG: cuc: analysis #22 still processing\n", 
            "2021-07-15 19:19:17,952 [cuckoo.core.guest] DEBUG: cuc: analysis #22 still processing\n", 
            "2021-07-15 19:19:22,980 [cuckoo.core.guest] DEBUG: cuc: analysis #22 still processing\n", 
            "2021-07-15 19:19:28,007 [cuckoo.core.guest] DEBUG: cuc: analysis #22 still processing\n", 
            "2021-07-15 19:19:33,034 [cuckoo.core.guest] DEBUG: cuc: analysis #22 still processing\n", 
            "2021-07-15 19:19:38,062 [cuckoo.core.guest] DEBUG: cuc: analysis #22 still processing\n", 
            "2021-07"
        ]
    }, 
    "strings": [
        "/lib64/ld-linux-x86-64.so.2", 
        "libc.so.6", 
        "fflush", 
        "__printf_chk", 
        "setlocale", 
        "mbrtowc", 
        "strncmp", 
        "optind", 
        "strrchr", 
        "dcgettext", 
        "__stack_chk_fail", 
        "iswprint", 
        "realloc", 
        "program_invocation_name", 
        "__ctype_get_mb_cur_max", 
        "posix_fadvise", 
        "calloc", 
        "strlen", 
        "ungetc", 
        "memset", 
        "__errno_location", 
        "memcmp", 
        "getpagesize", 
        "__fprintf_chk", 
        "stdout", 
        "memcpy", 
        "fclose", 
        "malloc", 
        "mbsinit", 
        "__uflow", 
        "nl_langinfo", 
        "__ctype_b_loc", 
        "getenv", 
        "__freading", 
        "stderr", 
        "fscanf", 
        "getopt_long", 
        "__fxstat", 
        "fileno", 
        "fwrite", 
        "__fpending", 
        "program_invocation_short_name", 
        "fdopen", 
        "__cxa_finalize", 
        "memmove", 
        "bindtextdomain", 
        "strcmp", 
        "__libc_start_main", 
        "stpcpy", 
        "fseeko", 
        "fputs_unlocked", 
        "__progname", 
        "__progname_full", 
        "__cxa_atexit", 
        "quote_quoting_options", 
        "Version", 
        "_IO_stdin_used", 
        "quoting_style_vals", 
        "quoting_style_args", 
        "exit_failure", 
        "program_name", 
        "version_etc_copyright", 
        "GLIBC_2.3", 
        "GLIBC_2.3.4", 
        "GLIBC_2.14", 
        "GLIBC_2.4", 
        "GLIBC_2.2.5", 
        "_ITM_deregisterTMCloneTable", 
        "__gmon_start__", 
        "_ITM_registerTMCloneTable", 
        "AUATE1", 
        "D$U9L$P", 
        "D$X9D$P", 
        "[]A\\A]A^A_", 
        "AUATUSH", 
        "[]A\\A]", 
        "[]A\\A]", 
        "D$(u-H", 
        "[]A\\A]A^A_", 
        "AWAVLc", 
        "D9=w> ", 
        "Hc=4> ", 
        "[]A\\A]A^A_", 
        "8[]A\\A]A^A_", 
        "8[]A\\A]A^A_", 
        "L$8dH3", 
        "T$8dH3", 
        "t$8dH34%(", 
        "L$8dH3", 
        ")D$ t2H", 
        "|$8dH3<%(", 
        "[]A\\A]", 
        "[]A\\A]", 
        "AWAVAUATM", 
        "AQAUATAWAVL", 
        "([]A\\A]A^A_", 
        "[]A\\A]A^A_H", 
        "[]A\\A]A^A_1", 
        "[]A\\A]A^A_", 
        "([]A\\A]A^A_", 
        "ATAWAVL", 
        "([]A\\A]A^A_", 
        "AUATAWAVL", 
        "D$XdH3", 
        "D$xdH3", 
        "TUUUUUUUI", 
        "SUUUUUUUH9", 
        "[]A\\A]", 
        "t9[]A\\", 
        "AUATUSH", 
        "[]A\\A]A^A_", 
        "charset.", 
        "aliafA", 
        "u0[]A\\", 
        "G H9G(u", 
        "[]A\\A]A^A_", 
        "write error", 
        "test invocation", 
        "Multi-call invocation", 
        "sha224sum", 
        "sha2 utilities", 
        "sha256sum", 
        "sha384sum", 
        "sha512sum", 
        "%s online help: <%s>", 
        "GNU coreutils", 
        "/usr/share/locale", 
        "Richard M. Stallman", 
        "Torbjorn Granlund", 
        "benstuvAET", 
        "standard output", 
        "%s: input file is output file", 
        "cannot do ioctl on %s", 
        "closing standard input", 
        "number-nonblank", 
        "number", 
        "squeeze-blank", 
        "show-nonprinting", 
        "show-ends", 
        "show-tabs", 
        "show-all", 
        "version", 
        "Try '%s --help' for more information.", 
        "Usage: %s [OPTION]... [FILE]...", 
        "Concatenate FILE(s) to standard output.", 
        "With no FILE, or when FILE is -, read standard input.", 
        "  -A, --show-all           equivalent to -vET", 
        "  -b, --number-nonblank    number nonempty output lines, overrides -n", 
        "  -e                       equivalent to -vE", 
        "  -E, --show-ends          display $ at end of each line", 
        "  -n, --number             number all output lines", 
        "  -s, --squeeze-blank      suppress repeated empty output lines", 
        "  -t                       equivalent to -vT", 
        "  -T, --show-tabs          display TAB characters as ^I", 
        "  -u                       (ignored)", 
        "  -v, --show-nonprinting   use ^ and M- notation, except for LFD and TAB", 
        "      --help     display this help and exit", 
        "      --version  output version information and exit", 
        "Examples:", 
        "  %s f - g  Output f's contents, then standard input, then g's contents.", 
        "  %s        Copy standard input to standard output.", 
        "http://www.gnu.org/software/coreutils/", 
        "Report %s translation bugs to <http://translationproject.org/team/>", 
        "Full documentation at: <%s%s>", 
        "or available locally via: info '(coreutils) %s%s'", 
        "%s: %s", 
        "A NULL argv[0] was passed through an exec system call.", 
        "/.libs/", 
        "literal", 
        "shell-always", 
        "shell-escape", 
        "shell-escape-always", 
        "c-maybe", 
        "clocale", 
        "%s (%s) %s", 
        "Written by %s.", 
        "Written by %s and %s.", 
        "Written by %s, %s, and %s.", 
        "Report bugs to: %s", 
        "bug-coreutils@gnu.org", 
        "%s home page: <%s>", 
        "License GPLv3+: GNU GPL version 3 or later <http://gnu.org/licenses/gpl.html>.", 
        "This is free software: you are free to change and redistribute it.", 
        "There is NO WARRANTY, to the extent permitted by law.", 
        "Written by %s, %s, %s,", 
        "and %s.", 
        "Written by %s, %s, %s,", 
        "%s, and %s.", 
        "Written by %s, %s, %s,", 
        "%s, %s, and %s.", 
        "Written by %s, %s, %s,", 
        "%s, %s, %s, and %s.", 
        "Written by %s, %s, %s,", 
        "%s, %s, %s, %s,", 
        "and %s.", 
        "Written by %s, %s, %s,", 
        "%s, %s, %s, %s,", 
        "%s, and %s.", 
        "Written by %s, %s, %s,", 
        "%s, %s, %s, %s,", 
        "%s, %s, and others.", 
        "General help using GNU software: <http://www.gnu.org/gethelp/>", 
        "Copyright %s %d Free Software Foundation, Inc.", 
        "memory exhausted", 
        "/usr/lib/x86_64-linux-gnu", 
        "CHARSETALIASDIR", 
        "%50s %50s", 
        "                 0", 
        "7e524bc20d33ce25ed4aea108e3025e5c3b78f.debug", 
        ".shstrtab", 
        ".interp", 
        ".note.ABI-tag", 
        ".note.gnu.build-id", 
        ".gnu.hash", 
        ".dynsym", 
        ".dynstr", 
        ".gnu.version", 
        ".gnu.version_r", 
        ".rela.dyn", 
        ".rela.plt", 
        ".plt.got", 
        ".rodata", 
        ".eh_frame_hdr", 
        ".eh_frame", 
        ".init_array", 
        ".fini_array", 
        ".data.rel.ro", 
        ".dynamic", 
        ".gnu_debuglink"
    ], 
    "metadata": {
        "output": {
            "pcap": {
                "basename": "dump.pcap", 
                "sha256": "33fa2134b2b3057cb3ac6d519b5d03772480ade7896a616fceaec4ae8fa31bce", 
                "dirname": ""
            }
        }
    }
}