{"started_on": {"$dt": "2021-07-15T20:53:45.111153"}, "duration": 200, "sample_id": 38, "owner": null, "id": 41, "category": "file", "priority": 1, "guest": {"status": "stopped", "name": "cuc", "label": "cuc", "manager": "VirtualBox", "started_on": "2021-07-15 20:53:45", "shutdown_on": "2021-07-15 20:57:05"}, "clock": {"$dt": "2021-07-15T20:53:44.948524"}, "custom": null, "machine": null, "platform": null, "memory": false, "status": "completed", "tags": [], "processing": null, "enforce_timeout": false, "completed_on": {"$dt": "2021-07-15T20:57:06.097108"}, "target": "/home/cuckoo/Desktop/apps/bin/fgconsole", "package": "", "route": "none", "timeout": 0, "submit_id": null, "options": {}, "added_on": {"$dt": "2021-07-15T20:53:44.948542"}}