{"started_on": {"$dt": "2021-07-15T20:24:14.154757"}, "duration": 200, "sample_id": 32, "owner": null, "id": 35, "category": "file", "priority": 1, "guest": {"status": "stopped", "name": "cuc", "label": "cuc", "manager": "VirtualBox", "started_on": "2021-07-15 20:24:14", "shutdown_on": "2021-07-15 20:27:34"}, "clock": {"$dt": "2021-07-15T20:24:14.016867"}, "custom": null, "machine": null, "platform": null, "memory": false, "status": "completed", "tags": [], "processing": null, "enforce_timeout": false, "completed_on": {"$dt": "2021-07-15T20:27:34.184431"}, "target": "/home/cuckoo/Desktop/apps/bin/dmesg", "package": "", "route": "none", "timeout": 0, "submit_id": null, "options": {}, "added_on": {"$dt": "2021-07-15T20:24:14.016884"}}