{"started_on": {"$dt": "2021-07-15T17:49:28.307350"}, "duration": 194, "sample_id": 11, "owner": null, "id": 12, "category": "file", "priority": 1, "guest": {"status": "stopped", "name": "cuc", "label": "cuc", "manager": "VirtualBox", "started_on": "2021-07-15 17:49:28", "shutdown_on": "2021-07-15 17:52:42"}, "clock": {"$dt": "2021-07-15T17:49:27.672614"}, "custom": null, "machine": null, "platform": null, "memory": false, "status": "completed", "tags": [], "processing": null, "enforce_timeout": false, "completed_on": {"$dt": "2021-07-15T17:52:42.500906"}, "target": "/home/cuckoo/Desktop/apps/bin/bash", "package": "", "route": "none", "timeout": 0, "submit_id": null, "options": {}, "added_on": {"$dt": "2021-07-15T17:49:27.672630"}}