{"started_on": {"$dt": "2021-07-15T18:10:46.311918"}, "duration": 200, "sample_id": 14, "owner": null, "id": 15, "category": "file", "priority": 1, "guest": {"status": "stopped", "name": "cuc", "label": "cuc", "manager": "VirtualBox", "started_on": "2021-07-15 18:10:46", "shutdown_on": "2021-07-15 18:14:06"}, "clock": {"$dt": "2021-07-15T18:10:46.031922"}, "custom": null, "machine": null, "platform": null, "memory": false, "status": "completed", "tags": [], "processing": null, "enforce_timeout": false, "completed_on": {"$dt": "2021-07-15T18:14:06.609479"}, "target": "/home/cuckoo/Desktop/apps/bin/busybox", "package": "", "route": "none", "timeout": 0, "submit_id": null, "options": {}, "added_on": {"$dt": "2021-07-15T18:10:46.031939"}}