{
    "info": {
        "added": 1626377860.773066, 
        "started": 1626377860.899366, 
        "duration": 192, 
        "ended": 1626378053.344505, 
        "owner": null, 
        "score": 0.0, 
        "id": 26, 
        "category": "file", 
        "git": {
            "head": "13cbe0d9e457be3673304533043e992ead1ea9b2", 
            "fetch_head": "13cbe0d9e457be3673304533043e992ead1ea9b2"
        }, 
        "monitor": "2deb9ccd75d5a7a3fe05b2625b03a8639d6ee36b", 
        "package": "", 
        "route": "none", 
        "custom": null, 
        "machine": {
            "status": "stopped", 
            "name": "cuc", 
            "label": "cuc", 
            "manager": "VirtualBox", 
            "started_on": "2021-07-15 19:37:41", 
            "shutdown_on": "2021-07-15 19:40:53"
        }, 
        "platform": null, 
        "version": "2.0.7", 
        "options": ""
    }, 
    "signatures": [], 
    "target": {
        "category": "file", 
        "file": {
            "yara": [], 
            "sha1": "c41c4fb9eafda84052de5bd7d376f87d6839c48e", 
            "name": "chown", 
            "type": "ELF 64-bit LSB shared object, x86-64, version 1 (SYSV), dynamically linked, interpreter /lib64/ld-linux-x86-64.so.2, for GNU/Linux 3.2.0, BuildID[sha1]=8a59b33d7bff87a98e9237ce481b551df5841b1a, stripped", 
            "sha256": "a91d40b349e2bccd3c5fe79664e70649ef0354b9f8bd4658f8c164f194b53d0f", 
            "urls": [
                "http://gnu.org/licenses/gpl.html", 
                "http://translationproject.org/team/", 
                "http://www.gnu.org/software/coreutils/", 
                "http://www.gnu.org/gethelp/"
            ], 
            "crc32": "F51D3E77", 
            "path": "/home/cuckoo/.cuckoo/storage/binaries/a91d40b349e2bccd3c5fe79664e70649ef0354b9f8bd4658f8c164f194b53d0f", 
            "ssdeep": null, 
            "size": 67768, 
            "sha512": "cdeebc9f1921d1e54d4361154c50f92860f14dd12441b1535ec19bf02aa215295eedddccb40dfddea00e9d03f2605e087ce4795ccf4e4e447c701f5ae2667c45", 
            "md5": "1fd5505e1917e62ce3a6b0890bceb102"
        }
    }, 
    "network": {
        "tls": [], 
        "udp": [
            {
                "src": "192.168.56.101", 
                "dst": "224.0.0.251", 
                "offset": 234, 
                "time": 0.37641310691833496, 
                "dport": 5353, 
                "sport": 5353
            }
        ], 
        "dns_servers": [
            "224.0.0.251"
        ], 
        "http": [], 
        "icmp": [], 
        "smtp": [], 
        "tcp": [], 
        "smtp_ex": [], 
        "mitm": [], 
        "hosts": [], 
        "pcap_sha256": "4bc97c500b7f71b6cc7266e70aeec81ee6be74744a17d153e824a372c212fa30", 
        "dns": [
            {
                "type": "PTR", 
                "request": "_ipps._tcp.local", 
                "answers": []
            }
        ], 
        "http_ex": [], 
        "domains": [
            {
                "ip": "", 
                "domain": "_ipps._tcp.local"
            }
        ], 
        "dead_hosts": [], 
        "sorted_pcap_sha256": "61c03a8fbd888c3cb645929f2f252f5966bc00db7ba629cad22b0ef3cfb5778f", 
        "irc": [], 
        "https_ex": []
    }, 
    "behavior": {
        "generic": [
            {
                "process_path": null, 
                "process_name": "chown", 
                "pid": 1598, 
                "summary": {}, 
                "first_seen": 1626370663.918592, 
                "ppid": 1597
            }
        ], 
        "processes": [
            {
                "calls": [
                    {
                        "status": "", 
                        "raw": "Thu Jul 15 17:37:43 2021.918592 chown@7f8a80f450a9[1598] execve(\"/tmp/chown\", [\"/tmp/chown\"], [\"LC_TIME=de_CH.UTF-8\", \"HOME=/root\", \"LC_MONETARY=de_CH.UTF-8\", \"LOGNAME=root\", \"PATH=/usr/bin:/bin\", \"LC_ADDRESS=de_CH.UTF-8\", \"LANG=en_US.UTF-8\", \"LC_TELEPHONE=de_CH.UTF-8\", \"LC_NAME=de_CH.UTF-8\", \"SHELL=/bin/sh\", \"LC_MEASUREMENT=de_CH.UTF-8\", \"LC_IDENTIFICATION=de_CH.UTF-8\", \"PWD=/tmpzHJRjk\", \"LC_NUMERIC=de_CH.UTF-8\", \"LC_PAPER=de_CH.UTF-8\"])\n", 
                        "api": "execve", 
                        "return_value": "", 
                        "instruction_pointer": "7f8a80f450a9", 
                        "time": 1626370663.918592, 
                        "process_name": "chown", 
                        "pid": 1598, 
                        "arguments": {
                            "p2": [
                                "LC_TIME=de_CH.UTF-8", 
                                "HOME=/root", 
                                "LC_MONETARY=de_CH.UTF-8", 
                                "LOGNAME=root", 
                                "PATH=/usr/bin:/bin", 
                                "LC_ADDRESS=de_CH.UTF-8", 
                                "LANG=en_US.UTF-8", 
                                "LC_TELEPHONE=de_CH.UTF-8", 
                                "LC_NAME=de_CH.UTF-8", 
                                "SHELL=/bin/sh", 
                                "LC_MEASUREMENT=de_CH.UTF-8", 
                                "LC_IDENTIFICATION=de_CH.UTF-8", 
                                "PWD=/tmpzHJRjk", 
                                "LC_NUMERIC=de_CH.UTF-8", 
                                "LC_PAPER=de_CH.UTF-8"
                            ], 
                            "p0": "/tmp/chown", 
                            "p1": [
                                "/tmp/chown"
                            ]
                        }
                    }, 
                    {
                        "status": "", 
                        "raw": "Thu Jul 15 17:37:43 2021.918788 chown@7f8a80f450a9[1598] brk(0x0) = 94576873693184\n", 
                        "api": "brk", 
                        "return_value": "94576873693184", 
                        "instruction_pointer": "7f8a80f450a9", 
                        "time": 1626370663.918788, 
                        "process_name": "chown", 
                        "pid": 1598, 
                        "arguments": {
                            "p0": "0x0"
                        }
                    }, 
                    {
                        "status": "ENOENT", 
                        "raw": "Thu Jul 15 17:37:43 2021.918822 chown@7f8a80f3896e[1598] access(\"/etc/ld.so.nohwcap\", F_OK) = -2 (ENOENT)\n", 
                        "api": "access", 
                        "return_value": "-2", 
                        "instruction_pointer": "7f8a80f3896e", 
                        "time": 1626370663.918822, 
                        "process_name": "chown", 
                        "pid": 1598, 
                        "arguments": {
                            "p0": "/etc/ld.so.nohwcap", 
                            "p1": "F_OK"
                        }
                    }, 
                    {
                        "status": "ENOENT", 
                        "raw": "Thu Jul 15 17:37:43 2021.918841 chown@7f8a80f46007[1598] access(\"/etc/ld.so.preload\", R_OK) = -2 (ENOENT)\n", 
                        "api": "access", 
                        "return_value": "-2", 
                        "instruction_pointer": "7f8a80f46007", 
                        "time": 1626370663.918841, 
                        "process_name": "chown", 
                        "pid": 1598, 
                        "arguments": {
                            "p0": "/etc/ld.so.preload", 
                            "p1": "R_OK"
                        }
                    }, 
                    {
                        "status": "", 
                        "raw": "Thu Jul 15 17:37:43 2021.918855 chown@7f8a80f45ebd[1598] openat(AT_FDCWD, \"/etc/ld.so.cache\", O_RDONLY|O_CLOEXEC) = 6\n", 
                        "api": "openat", 
                        "return_value": "6", 
                        "instruction_pointer": "7f8a80f45ebd", 
                        "time": 1626370663.918855, 
                        "process_name": "chown", 
                        "pid": 1598, 
                        "arguments": {
                            "p2": "O_RDONLY|O_CLOEXEC", 
                            "p0": "AT_FDCWD", 
                            "p1": "/etc/ld.so.cache"
                        }
                    }, 
                    {
                        "status": "", 
                        "raw": "Thu Jul 15 17:37:43 2021.918868 chown@7f8a80f45e23[1598] fstat(6, 0x7ffe47ce9610) = 0\n", 
                        "api": "fstat", 
                        "return_value": "0", 
                        "instruction_pointer": "7f8a80f45e23", 
                        "time": 1626370663.918868, 
                        "process_name": "chown", 
                        "pid": 1598, 
                        "arguments": {
                            "p0": "6", 
                            "p1": "0x7ffe47ce9610"
                        }
                    }, 
                    {
                        "status": "", 
                        "raw": "Thu Jul 15 17:37:43 2021.918879 chown@7f8a80f46123[1598] mmap2(0x0, 85414, PROT_READ, MAP_PRIVATE, 6, 0) = 0x7f8a8113d000\n", 
                        "api": "mmap2", 
                        "return_value": "0x7f8a8113d000", 
                        "instruction_pointer": "7f8a80f46123", 
                        "time": 1626370663.918879, 
                        "process_name": "chown", 
                        "pid": 1598, 
                        "arguments": {
                            "p2": "PROT_READ", 
                            "p3": "MAP_PRIVATE", 
                            "p0": "0x0", 
                            "p1": "85414", 
                            "p4": "6", 
                            "p5": "0"
                        }
                    }, 
                    {
                        "status": "", 
                        "raw": "Thu Jul 15 17:37:43 2021.918890 chown@7f8a80f460b7[1598] close(6) = 0\n", 
                        "api": "close", 
                        "return_value": "0", 
                        "instruction_pointer": "7f8a80f460b7", 
                        "time": 1626370663.91889, 
                        "process_name": "chown", 
                        "pid": 1598, 
                        "arguments": {
                            "p0": "6"
                        }
                    }, 
                    {
                        "status": "ENOENT", 
                        "raw": "Thu Jul 15 17:37:43 2021.918904 chown@7f8a80f412d9[1598] access(\"/etc/ld.so.nohwcap\", F_OK) = -2 (ENOENT)\n", 
                        "api": "access", 
                        "return_value": "-2", 
                        "instruction_pointer": "7f8a80f412d9", 
                        "time": 1626370663.918904, 
                        "process_name": "chown", 
                        "pid": 1598, 
                        "arguments": {
                            "p0": "/etc/ld.so.nohwcap", 
                            "p1": "F_OK"
                        }
                    }, 
                    {
                        "status": "", 
                        "raw": "Thu Jul 15 17:37:43 2021.918922 chown@7f8a80f45ebd[1598] openat(AT_FDCWD, \"/lib/x86_64-linux-gnu/libc.so.6\", O_RDONLY|O_CLOEXEC) = 6\n", 
                        "api": "openat", 
                        "return_value": "6", 
                        "instruction_pointer": "7f8a80f45ebd", 
                        "time": 1626370663.918922, 
                        "process_name": "chown", 
                        "pid": 1598, 
                        "arguments": {
                            "p2": "O_RDONLY|O_CLOEXEC", 
                            "p0": "AT_FDCWD", 
                            "p1": "/lib/x86_64-linux-gnu/libc.so.6"
                        }
                    }, 
                    {
                        "status": "", 
                        "raw": "Thu Jul 15 17:37:43 2021.918935 chown@7f8a80f45f84[1598] read(6, 0x7ffe47ce97d8, 832) = 832\n", 
                        "api": "read", 
                        "return_value": "832", 
                        "instruction_pointer": "7f8a80f45f84", 
                        "time": 1626370663.918935, 
                        "process_name": "chown", 
                        "pid": 1598, 
                        "arguments": {
                            "p2": "832", 
                            "p0": "6", 
                            "p1": "0x7ffe47ce97d8"
                        }
                    }, 
                    {
                        "status": "", 
                        "raw": "Thu Jul 15 17:37:43 2021.918945 chown@7f8a80f45e23[1598] fstat(6, 0x7ffe47ce9670) = 0\n", 
                        "api": "fstat", 
                        "return_value": "0", 
                        "instruction_pointer": "7f8a80f45e23", 
                        "time": 1626370663.918945, 
                        "process_name": "chown", 
                        "pid": 1598, 
                        "arguments": {
                            "p0": "6", 
                            "p1": "0x7ffe47ce9670"
                        }
                    }, 
                    {
                        "status": "", 
                        "raw": "Thu Jul 15 17:37:43 2021.918955 chown@7f8a80f46123[1598] mmap2(0x0, 8192, PROT_READ|PROT_WRITE, MAP_PRIVATE|MAP_ANONYMOUS, -1, 0) = 0x7f8a8113b000\n", 
                        "api": "mmap2", 
                        "return_value": "0x7f8a8113b000", 
                        "instruction_pointer": "7f8a80f46123", 
                        "time": 1626370663.918955, 
                        "process_name": "chown", 
                        "pid": 1598, 
                        "arguments": {
                            "p2": "PROT_READ|PROT_WRITE", 
                            "p3": "MAP_PRIVATE|MAP_ANONYMOUS", 
                            "p0": "0x0", 
                            "p1": "8192", 
                            "p4": "-1", 
                            "p5": "0"
                        }
                    }, 
                    {
                        "status": "", 
                        "raw": "Thu Jul 15 17:37:43 2021.918971 chown@7f8a80f46123[1598] mmap2(0x0, 4131552, PROT_READ|PROT_EXEC, MAP_PRIVATE|MAP_DENYWRITE, 6, 0) = 0x7f8a80b38000\n", 
                        "api": "mmap2", 
                        "return_value": "0x7f8a80b38000", 
                        "instruction_pointer": "7f8a80f46123", 
                        "time": 1626370663.918971, 
                        "process_name": "chown", 
                        "pid": 1598, 
                        "arguments": {
                            "p2": "PROT_READ|PROT_EXEC", 
                            "p3": "MAP_PRIVATE|MAP_DENYWRITE", 
                            "p0": "0x0", 
                            "p1": "4131552", 
                            "p4": "6", 
                            "p5": "0"
                        }
                    }, 
                    {
                        "status": "", 
                        "raw": "Thu Jul 15 17:37:43 2021.918983 chown@7f8a80f461d7[1598] mprotect(0x7f8a80d1f000, 2097152, PROT_NONE) = 0\n", 
                        "api": "mprotect", 
                        "return_value": "0", 
                        "instruction_pointer": "7f8a80f461d7", 
                        "time": 1626370663.918983, 
                        "process_name": "chown", 
                        "pid": 1598, 
                        "arguments": {
                            "p2": "PROT_NONE", 
                            "p0": "0x7f8a80d1f000", 
                            "p1": "2097152"
                        }
                    }, 
                    {
                        "status": "", 
                        "raw": "Thu Jul 15 17:37:43 2021.918998 chown@7f8a80f46123[1598] mmap2(0x7f8a80f1f000, 24576, PROT_READ|PROT_WRITE, MAP_PRIVATE|MAP_FIXED|MAP_DENYWRITE, 6, 1994752) = 0x7f8a80f1f000\n", 
                        "api": "mmap2", 
                        "return_value": "0x7f8a80f1f000", 
                        "instruction_pointer": "7f8a80f46123", 
                        "time": 1626370663.918998, 
                        "process_name": "chown", 
                        "pid": 1598, 
                        "arguments": {
                            "p2": "PROT_READ|PROT_WRITE", 
                            "p3": "MAP_PRIVATE|MAP_FIXED|MAP_DENYWRITE", 
                            "p0": "0x7f8a80f1f000", 
                            "p1": "24576", 
                            "p4": "6", 
                            "p5": "1994752"
                        }
                    }, 
                    {
                        "status": "", 
                        "raw": "Thu Jul 15 17:37:43 2021.919016 chown@7f8a80f46123[1598] mmap2(0x7f8a80f25000, 15072, PROT_READ|PROT_WRITE, MAP_PRIVATE|MAP_FIXED|MAP_ANONYMOUS, -1, 0) = 0x7f8a80f25000\n", 
                        "api": "mmap2", 
                        "return_value": "0x7f8a80f25000", 
                        "instruction_pointer": "7f8a80f46123", 
                        "time": 1626370663.919016, 
                        "process_name": "chown", 
                        "pid": 1598, 
                        "arguments": {
                            "p2": "PROT_READ|PROT_WRITE", 
                            "p3": "MAP_PRIVATE|MAP_FIXED|MAP_ANONYMOUS", 
                            "p0": "0x7f8a80f25000", 
                            "p1": "15072", 
                            "p4": "-1", 
                            "p5": "0"
                        }
                    }, 
                    {
                        "status": "", 
                        "raw": "Thu Jul 15 17:37:43 2021.919035 chown@7f8a80f460b7[1598] close(6) = 0\n", 
                        "api": "close", 
                        "return_value": "0", 
                        "instruction_pointer": "7f8a80f460b7", 
                        "time": 1626370663.919035, 
                        "process_name": "chown", 
                        "pid": 1598, 
                        "arguments": {
                            "p0": "6"
                        }
                    }, 
                    {
                        "status": "", 
                        "raw": "Thu Jul 15 17:37:43 2021.919059 chown@7f8a80f2a024[1598] arch_prctl(ARCH_SET_FS, 140232847770944) = 0\n", 
                        "api": "arch_prctl", 
                        "return_value": "0", 
                        "instruction_pointer": "7f8a80f2a024", 
                        "time": 1626370663.919059, 
                        "process_name": "chown", 
                        "pid": 1598, 
                        "arguments": {
                            "p0": "ARCH_SET_FS", 
                            "p1": "140232847770944"
                        }
                    }, 
                    {
                        "status": "", 
                        "raw": "Thu Jul 15 17:37:43 2021.919112 chown@7f8a80f461d7[1598] mprotect(0x7f8a80f1f000, 16384, PROT_READ) = 0\n", 
                        "api": "mprotect", 
                        "return_value": "0", 
                        "instruction_pointer": "7f8a80f461d7", 
                        "time": 1626370663.919112, 
                        "process_name": "chown", 
                        "pid": 1598, 
                        "arguments": {
                            "p2": "PROT_READ", 
                            "p0": "0x7f8a80f1f000", 
                            "p1": "16384"
                        }
                    }, 
                    {
                        "status": "", 
                        "raw": "Thu Jul 15 17:37:43 2021.919145 chown@7f8a80f461d7[1598] mprotect(0x560463285000, 4096, PROT_READ) = 0\n", 
                        "api": "mprotect", 
                        "return_value": "0", 
                        "instruction_pointer": "7f8a80f461d7", 
                        "time": 1626370663.919145, 
                        "process_name": "chown", 
                        "pid": 1598, 
                        "arguments": {
                            "p2": "PROT_READ", 
                            "p0": "0x560463285000", 
                            "p1": "4096"
                        }
                    }, 
                    {
                        "status": "", 
                        "raw": "Thu Jul 15 17:37:43 2021.919161 chown@7f8a80f461d7[1598] mprotect(0x7f8a81152000, 4096, PROT_READ) = 0\n", 
                        "api": "mprotect", 
                        "return_value": "0", 
                        "instruction_pointer": "7f8a80f461d7", 
                        "time": 1626370663.919161, 
                        "process_name": "chown", 
                        "pid": 1598, 
                        "arguments": {
                            "p2": "PROT_READ", 
                            "p0": "0x7f8a81152000", 
                            "p1": "4096"
                        }
                    }, 
                    {
                        "status": "", 
                        "raw": "Thu Jul 15 17:37:43 2021.919176 chown@7f8a80f461b7[1598] munmap(0x7f8a8113d000, 85414) = 0\n", 
                        "api": "munmap", 
                        "return_value": "0", 
                        "instruction_pointer": "7f8a80f461b7", 
                        "time": 1626370663.919176, 
                        "process_name": "chown", 
                        "pid": 1598, 
                        "arguments": {
                            "p0": "0x7f8a8113d000", 
                            "p1": "85414"
                        }
                    }, 
                    {
                        "status": "", 
                        "raw": "Thu Jul 15 17:37:43 2021.919275 chown@7f8a80c4e1f9[1598] brk(0x0) = 94576873693184\n", 
                        "api": "brk", 
                        "return_value": "94576873693184", 
                        "instruction_pointer": "7f8a80c4e1f9", 
                        "time": 1626370663.919275, 
                        "process_name": "chown", 
                        "pid": 1598, 
                        "arguments": {
                            "p0": "0x0"
                        }
                    }, 
                    {
                        "status": "", 
                        "raw": "Thu Jul 15 17:37:43 2021.919285 chown@7f8a80c4e1f9[1598] brk(0x560464f7f000) = 94576873828352\n", 
                        "api": "brk", 
                        "return_value": "94576873828352", 
                        "instruction_pointer": "7f8a80c4e1f9", 
                        "time": 1626370663.919285, 
                        "process_name": "chown", 
                        "pid": 1598, 
                        "arguments": {
                            "p0": "0x560464f7f000"
                        }
                    }, 
                    {
                        "status": "", 
                        "raw": "Thu Jul 15 17:37:43 2021.919303 chown@7f8a80c47e81[1598] openat(AT_FDCWD, \"/usr/lib/locale/locale-archive\", O_RDONLY|O_CLOEXEC) = 6\n", 
                        "api": "openat", 
                        "return_value": "6", 
                        "instruction_pointer": "7f8a80c47e81", 
                        "time": 1626370663.919303, 
                        "process_name": "chown", 
                        "pid": 1598, 
                        "arguments": {
                            "p2": "O_RDONLY|O_CLOEXEC", 
                            "p0": "AT_FDCWD", 
                            "p1": "/usr/lib/locale/locale-archive"
                        }
                    }, 
                    {
                        "status": "", 
                        "raw": "Thu Jul 15 17:37:43 2021.919318 chown@7f8a80c47893[1598] fstat(6, 0x7f8a80f24ac0) = 0\n", 
                        "api": "fstat", 
                        "return_value": "0", 
                        "instruction_pointer": "7f8a80c47893", 
                        "time": 1626370663.919318, 
                        "process_name": "chown", 
                        "pid": 1598, 
                        "arguments": {
                            "p0": "6", 
                            "p1": "0x7f8a80f24ac0"
                        }
                    }, 
                    {
                        "status": "", 
                        "raw": "Thu Jul 15 17:37:43 2021.919328 chown@7f8a80c53813[1598] mmap2(0x0, 3339216, PROT_READ, MAP_PRIVATE, 6, 0) = 0x7f8a80808000\n", 
                        "api": "mmap2", 
                        "return_value": "0x7f8a80808000", 
                        "instruction_pointer": "7f8a80c53813", 
                        "time": 1626370663.919328, 
                        "process_name": "chown", 
                        "pid": 1598, 
                        "arguments": {
                            "p2": "PROT_READ", 
                            "p3": "MAP_PRIVATE", 
                            "p0": "0x0", 
                            "p1": "3339216", 
                            "p4": "6", 
                            "p5": "0"
                        }
                    }, 
                    {
                        "status": "", 
                        "raw": "Thu Jul 15 17:37:43 2021.919344 chown@7f8a80c48a17[1598] close(6) = 0\n", 
                        "api": "close", 
                        "return_value": "0", 
                        "instruction_pointer": "7f8a80c48a17", 
                        "time": 1626370663.919344, 
                        "process_name": "chown", 
                        "pid": 1598, 
                        "arguments": {
                            "p0": "6"
                        }
                    }, 
                    {
                        "status": "", 
                        "raw": "Thu Jul 15 17:37:43 2021.919398 chown@7f8a80c47e81[1598] openat(AT_FDCWD, \"/usr/share/locale/locale.alias\", O_RDONLY|O_CLOEXEC) = 6\n", 
                        "api": "openat", 
                        "return_value": "6", 
                        "instruction_pointer": "7f8a80c47e81", 
                        "time": 1626370663.919398, 
                        "process_name": "chown", 
                        "pid": 1598, 
                        "arguments": {
                            "p2": "O_RDONLY|O_CLOEXEC", 
                            "p0": "AT_FDCWD", 
                            "p1": "/usr/share/locale/locale.alias"
                        }
                    }, 
                    {
                        "status": "", 
                        "raw": "Thu Jul 15 17:37:43 2021.919413 chown@7f8a80c47893[1598] fstat(6, 0x7ffe47ce98c0) = 0\n", 
                        "api": "fstat", 
                        "return_value": "0", 
                        "instruction_pointer": "7f8a80c47893", 
                        "time": 1626370663.919413, 
                        "process_name": "chown", 
                        "pid": 1598, 
                        "arguments": {
                            "p0": "6", 
                            "p1": "0x7ffe47ce98c0"
                        }
                    }, 
                    {
                        "status": "", 
                        "raw": "Thu Jul 15 17:37:43 2021.919424 chown@7f8a80c481e4[1598] read(6, 0x560464f60730, 4096) = 2995\n", 
                        "api": "read", 
                        "return_value": "2995", 
                        "instruction_pointer": "7f8a80c481e4", 
                        "time": 1626370663.919424, 
                        "process_name": "chown", 
                        "pid": 1598, 
                        "arguments": {
                            "p2": "4096", 
                            "p0": "6", 
                            "p1": "0x560464f60730"
                        }
                    }, 
                    {
                        "status": "", 
                        "raw": "Thu Jul 15 17:37:43 2021.919445 chown@7f8a80c481e4[1598] read(6, 0x560464f60730, 4096) = 0\n", 
                        "api": "read", 
                        "return_value": "0", 
                        "instruction_pointer": "7f8a80c481e4", 
                        "time": 1626370663.919445, 
                        "process_name": "chown", 
                        "pid": 1598, 
                        "arguments": {
                            "p2": "4096", 
                            "p0": "6", 
                            "p1": "0x560464f60730"
                        }
                    }, 
                    {
                        "status": "", 
                        "raw": "Thu Jul 15 17:37:43 2021.919454 chown@7f8a80c48a17[1598] close(6) = 0\n", 
                        "api": "close", 
                        "return_value": "0", 
                        "instruction_pointer": "7f8a80c48a17", 
                        "time": 1626370663.919454, 
                        "process_name": "chown", 
                        "pid": 1598, 
                        "arguments": {
                            "p0": "6"
                        }
                    }, 
                    {
                        "status": "ENOENT", 
                        "raw": "Thu Jul 15 17:37:43 2021.919494 chown@7f8a80c47e81[1598] openat(AT_FDCWD, \"/usr/share/locale/en_US.UTF-8/LC_MESSAGES/coreutils.mo\", O_RDONLY) = -2 (ENOENT)\n", 
                        "api": "openat", 
                        "return_value": "-2", 
                        "instruction_pointer": "7f8a80c47e81", 
                        "time": 1626370663.919494, 
                        "process_name": "chown", 
                        "pid": 1598, 
                        "arguments": {
                            "p2": "O_RDONLY", 
                            "p0": "AT_FDCWD", 
                            "p1": "/usr/share/locale/en_US.UTF-8/LC_MESSAGES/coreutils.mo"
                        }
                    }, 
                    {
                        "status": "ENOENT", 
                        "raw": "Thu Jul 15 17:37:43 2021.919511 chown@7f8a80c47e81[1598] openat(AT_FDCWD, \"/usr/share/locale/en_US.utf8/LC_MESSAGES/coreutils.mo\", O_RDONLY) = -2 (ENOENT)\n", 
                        "api": "openat", 
                        "return_value": "-2", 
                        "instruction_pointer": "7f8a80c47e81", 
                        "time": 1626370663.919511, 
                        "process_name": "chown", 
                        "pid": 1598, 
                        "arguments": {
                            "p2": "O_RDONLY", 
                            "p0": "AT_FDCWD", 
                            "p1": "/usr/share/locale/en_US.utf8/LC_MESSAGES/coreutils.mo"
                        }
                    }, 
                    {
                        "status": "ENOENT", 
                        "raw": "Thu Jul 15 17:37:43 2021.919526 chown@7f8a80c47e81[1598] openat(AT_FDCWD, \"/usr/share/locale/en_US/LC_MESSAGES/coreutils.mo\", O_RDONLY) = -2 (ENOENT)\n", 
                        "api": "openat", 
                        "return_value": "-2", 
                        "instruction_pointer": "7f8a80c47e81", 
                        "time": 1626370663.919526, 
                        "process_name": "chown", 
                        "pid": 1598, 
                        "arguments": {
                            "p2": "O_RDONLY", 
                            "p0": "AT_FDCWD", 
                            "p1": "/usr/share/locale/en_US/LC_MESSAGES/coreutils.mo"
                        }
                    }, 
                    {
                        "status": "ENOENT", 
                        "raw": "Thu Jul 15 17:37:43 2021.919541 chown@7f8a80c47e81[1598] openat(AT_FDCWD, \"/usr/share/locale/en.UTF-8/LC_MESSAGES/coreutils.mo\", O_RDONLY) = -2 (ENOENT)\n", 
                        "api": "openat", 
                        "return_value": "-2", 
                        "instruction_pointer": "7f8a80c47e81", 
                        "time": 1626370663.919541, 
                        "process_name": "chown", 
                        "pid": 1598, 
                        "arguments": {
                            "p2": "O_RDONLY", 
                            "p0": "AT_FDCWD", 
                            "p1": "/usr/share/locale/en.UTF-8/LC_MESSAGES/coreutils.mo"
                        }
                    }, 
                    {
                        "status": "ENOENT", 
                        "raw": "Thu Jul 15 17:37:43 2021.919556 chown@7f8a80c47e81[1598] openat(AT_FDCWD, \"/usr/share/locale/en.utf8/LC_MESSAGES/coreutils.mo\", O_RDONLY) = -2 (ENOENT)\n", 
                        "api": "openat", 
                        "return_value": "-2", 
                        "instruction_pointer": "7f8a80c47e81", 
                        "time": 1626370663.919556, 
                        "process_name": "chown", 
                        "pid": 1598, 
                        "arguments": {
                            "p2": "O_RDONLY", 
                            "p0": "AT_FDCWD", 
                            "p1": "/usr/share/locale/en.utf8/LC_MESSAGES/coreutils.mo"
                        }
                    }, 
                    {
                        "status": "ENOENT", 
                        "raw": "Thu Jul 15 17:37:43 2021.919571 chown@7f8a80c47e81[1598] openat(AT_FDCWD, \"/usr/share/locale/en/LC_MESSAGES/coreutils.mo\", O_RDONLY) = -2 (ENOENT)\n", 
                        "api": "openat", 
                        "return_value": "-2", 
                        "instruction_pointer": "7f8a80c47e81", 
                        "time": 1626370663.919571, 
                        "process_name": "chown", 
                        "pid": 1598, 
                        "arguments": {
                            "p2": "O_RDONLY", 
                            "p0": "AT_FDCWD", 
                            "p1": "/usr/share/locale/en/LC_MESSAGES/coreutils.mo"
                        }
                    }, 
                    {
                        "status": "ENOENT", 
                        "raw": "Thu Jul 15 17:37:43 2021.919587 chown@7f8a80c47e81[1598] openat(AT_FDCWD, \"/usr/share/locale-langpack/en_US.UTF-8/LC_MESSAGES/coreutils.mo\", O_RDONLY) = -2 (ENOENT)\n", 
                        "api": "openat", 
                        "return_value": "-2", 
                        "instruction_pointer": "7f8a80c47e81", 
                        "time": 1626370663.919587, 
                        "process_name": "chown", 
                        "pid": 1598, 
                        "arguments": {
                            "p2": "O_RDONLY", 
                            "p0": "AT_FDCWD", 
                            "p1": "/usr/share/locale-langpack/en_US.UTF-8/LC_MESSAGES/coreutils.mo"
                        }
                    }, 
                    {
                        "status": "ENOENT", 
                        "raw": "Thu Jul 15 17:37:43 2021.919604 chown@7f8a80c47e81[1598] openat(AT_FDCWD, \"/usr/share/locale-langpack/en_US.utf8/LC_MESSAGES/coreutils.mo\", O_RDONLY) = -2 (ENOENT)\n", 
                        "api": "openat", 
                        "return_value": "-2", 
                        "instruction_pointer": "7f8a80c47e81", 
                        "time": 1626370663.919604, 
                        "process_name": "chown", 
                        "pid": 1598, 
                        "arguments": {
                            "p2": "O_RDONLY", 
                            "p0": "AT_FDCWD", 
                            "p1": "/usr/share/locale-langpack/en_US.utf8/LC_MESSAGES/coreutils.mo"
                        }
                    }, 
                    {
                        "status": "ENOENT", 
                        "raw": "Thu Jul 15 17:37:43 2021.919619 chown@7f8a80c47e81[1598] openat(AT_FDCWD, \"/usr/share/locale-langpack/en_US/LC_MESSAGES/coreutils.mo\", O_RDONLY) = -2 (ENOENT)\n", 
                        "api": "openat", 
                        "return_value": "-2", 
                        "instruction_pointer": "7f8a80c47e81", 
                        "time": 1626370663.919619, 
                        "process_name": "chown", 
                        "pid": 1598, 
                        "arguments": {
                            "p2": "O_RDONLY", 
                            "p0": "AT_FDCWD", 
                            "p1": "/usr/share/locale-langpack/en_US/LC_MESSAGES/coreutils.mo"
                        }
                    }, 
                    {
                        "status": "ENOENT", 
                        "raw": "Thu Jul 15 17:37:43 2021.919635 chown@7f8a80c47e81[1598] openat(AT_FDCWD, \"/usr/share/locale-langpack/en.UTF-8/LC_MESSAGES/coreutils.mo\", O_RDONLY) = -2 (ENOENT)\n", 
                        "api": "openat", 
                        "return_value": "-2", 
                        "instruction_pointer": "7f8a80c47e81", 
                        "time": 1626370663.919635, 
                        "process_name": "chown", 
                        "pid": 1598, 
                        "arguments": {
                            "p2": "O_RDONLY", 
                            "p0": "AT_FDCWD", 
                            "p1": "/usr/share/locale-langpack/en.UTF-8/LC_MESSAGES/coreutils.mo"
                        }
                    }, 
                    {
                        "status": "ENOENT", 
                        "raw": "Thu Jul 15 17:37:43 2021.919651 chown@7f8a80c47e81[1598] openat(AT_FDCWD, \"/usr/share/locale-langpack/en.utf8/LC_MESSAGES/coreutils.mo\", O_RDONLY) = -2 (ENOENT)\n", 
                        "api": "openat", 
                        "return_value": "-2", 
                        "instruction_pointer": "7f8a80c47e81", 
                        "time": 1626370663.919651, 
                        "process_name": "chown", 
                        "pid": 1598, 
                        "arguments": {
                            "p2": "O_RDONLY", 
                            "p0": "AT_FDCWD", 
                            "p1": "/usr/share/locale-langpack/en.utf8/LC_MESSAGES/coreutils.mo"
                        }
                    }, 
                    {
                        "status": "", 
                        "raw": "Thu Jul 15 17:37:43 2021.919667 chown@7f8a80c47e81[1598] openat(AT_FDCWD, \"/usr/share/locale-langpack/en/LC_MESSAGES/coreutils.mo\", O_RDONLY) = 6\n", 
                        "api": "openat", 
                        "return_value": "6", 
                        "instruction_pointer": "7f8a80c47e81", 
                        "time": 1626370663.919667, 
                        "process_name": "chown", 
                        "pid": 1598, 
                        "arguments": {
                            "p2": "O_RDONLY", 
                            "p0": "AT_FDCWD", 
                            "p1": "/usr/share/locale-langpack/en/LC_MESSAGES/coreutils.mo"
                        }
                    }, 
                    {
                        "status": "", 
                        "raw": "Thu Jul 15 17:37:43 2021.919678 chown@7f8a80c47893[1598] fstat(6, 0x7ffe47ce9c20) = 0\n", 
                        "api": "fstat", 
                        "return_value": "0", 
                        "instruction_pointer": "7f8a80c47893", 
                        "time": 1626370663.919678, 
                        "process_name": "chown", 
                        "pid": 1598, 
                        "arguments": {
                            "p0": "6", 
                            "p1": "0x7ffe47ce9c20"
                        }
                    }, 
                    {
                        "status": "", 
                        "raw": "Thu Jul 15 17:37:43 2021.919687 chown@7f8a80c53813[1598] mmap2(0x0, 578, PROT_READ, MAP_PRIVATE, 6, 0) = 0x7f8a81151000\n", 
                        "api": "mmap2", 
                        "return_value": "0x7f8a81151000", 
                        "instruction_pointer": "7f8a80c53813", 
                        "time": 1626370663.919687, 
                        "process_name": "chown", 
                        "pid": 1598, 
                        "arguments": {
                            "p2": "PROT_READ", 
                            "p3": "MAP_PRIVATE", 
                            "p0": "0x0", 
                            "p1": "578", 
                            "p4": "6", 
                            "p5": "0"
                        }
                    }, 
                    {
                        "status": "", 
                        "raw": "Thu Jul 15 17:37:43 2021.919704 chown@7f8a80c48a17[1598] close(6) = 0\n", 
                        "api": "close", 
                        "return_value": "0", 
                        "instruction_pointer": "7f8a80c48a17", 
                        "time": 1626370663.919704, 
                        "process_name": "chown", 
                        "pid": 1598, 
                        "arguments": {
                            "p0": "6"
                        }
                    }, 
                    {
                        "status": "", 
                        "raw": "Thu Jul 15 17:37:43 2021.919728 chown@7f8a80c48224[1598] write(2, \"/tmp/chown: \", 12) = 12\n", 
                        "api": "write", 
                        "return_value": "12", 
                        "instruction_pointer": "7f8a80c48224", 
                        "time": 1626370663.919728, 
                        "process_name": "chown", 
                        "pid": 1598, 
                        "arguments": {
                            "p2": "12", 
                            "p0": "2", 
                            "p1": "/tmp/chown: "
                        }
                    }, 
                    {
                        "status": "", 
                        "raw": "Thu Jul 15 17:37:43 2021.919749 chown@7f8a80c48224[1598] write(2, \"missing operand\", 15) = 15\n", 
                        "api": "write", 
                        "return_value": "15", 
                        "instruction_pointer": "7f8a80c48224", 
                        "time": 1626370663.919749, 
                        "process_name": "chown", 
                        "pid": 1598, 
                        "arguments": {
                            "p2": "15", 
                            "p0": "2", 
                            "p1": "missing operand"
                        }
                    }, 
                    {
                        "status": "", 
                        "raw": "Thu Jul 15 17:37:43 2021.919764 chown@7f8a80c48224[1598] write(2, \"\\n\", 1) = 1\n", 
                        "api": "write", 
                        "return_value": "1", 
                        "instruction_pointer": "7f8a80c48224", 
                        "time": 1626370663.919764, 
                        "process_name": "chown", 
                        "pid": 1598, 
                        "arguments": {
                            "p2": "1", 
                            "p0": "2", 
                            "p1": "\n"
                        }
                    }, 
                    {
                        "status": "", 
                        "raw": "Thu Jul 15 17:37:43 2021.919783 chown@7f8a80c48224[1598] write(2, \"Try '/tmp/chown --help' for more information.\\n\", 46) = 46\n", 
                        "api": "write", 
                        "return_value": "46", 
                        "instruction_pointer": "7f8a80c48224", 
                        "time": 1626370663.919783, 
                        "process_name": "chown", 
                        "pid": 1598, 
                        "arguments": {
                            "p2": "46", 
                            "p0": "2", 
                            "p1": "Try '/tmp/chown --help' for more information.\n"
                        }
                    }, 
                    {
                        "status": "", 
                        "raw": "Thu Jul 15 17:37:43 2021.919796 chown@7f8a80c48a17[1598] close(1) = 0\n", 
                        "api": "close", 
                        "return_value": "0", 
                        "instruction_pointer": "7f8a80c48a17", 
                        "time": 1626370663.919796, 
                        "process_name": "chown", 
                        "pid": 1598, 
                        "arguments": {
                            "p0": "1"
                        }
                    }, 
                    {
                        "status": "", 
                        "raw": "Thu Jul 15 17:37:43 2021.919804 chown@7f8a80c48a17[1598] close(2) = 0\n", 
                        "api": "close", 
                        "return_value": "0", 
                        "instruction_pointer": "7f8a80c48a17", 
                        "time": 1626370663.919804, 
                        "process_name": "chown", 
                        "pid": 1598, 
                        "arguments": {
                            "p0": "2"
                        }
                    }, 
                    {
                        "status": "", 
                        "raw": "Thu Jul 15 17:37:43 2021.919813 chown@7f8a80c1cbd6[1598] exit_group(1)\n", 
                        "api": "exit_group", 
                        "return_value": "", 
                        "instruction_pointer": "7f8a80c1cbd6", 
                        "time": 1626370663.919813, 
                        "process_name": "chown", 
                        "pid": 1598, 
                        "arguments": {
                            "p0": "1"
                        }
                    }
                ], 
                "pid": 1598, 
                "process_name": "chown", 
                "command_line": "/tmp/chown", 
                "first_seen": 1626370663.918592, 
                "ppid": 1597, 
                "type": "process"
            }
        ], 
        "processtree": [
            {
                "track": true, 
                "pid": 1598, 
                "process_name": "chown", 
                "command_line": "/tmp/chown", 
                "first_seen": 1626370663.918592, 
                "ppid": 1597, 
                "children": []
            }
        ]
    }, 
    "debug": {
        "action": [], 
        "dbgview": [], 
        "errors": [], 
        "log": [
            "2021-07-15 19:37:40,025 [root] DEBUG: Starting analyzer from: /tmpzHJRjk\n", 
            "2021-07-15 19:37:40,026 [root] DEBUG: Storing results at: /tmp/Caetsp\n", 
            "2021-07-15 19:37:40,026 [root] DEBUG: BIANCA DEBUG: \n", 
            "2021-07-15 19:37:40,027 [root] DEBUG: No analysis package specified, trying to detect it automagically.\n", 
            "2021-07-15 19:37:40,027 [root] INFO: Automatically selected analysis package \"generic\"\n", 
            "2021-07-15 19:37:40,062 [root] DEBUG: Bianca DEBUG[<class 'modules.auxiliary.stap.STAP'>]\n", 
            "2021-07-15 19:37:40,063 [modules.auxiliary.stap] WARNING: BIANCA DEBUG: IT GOT TO STAP INIT\n", 
            "2021-07-15 19:37:40,063 [modules.auxiliary.stap] WARNING: BIANCA DEBUG: STAP STARTEDDDDDDDDDDDD\n", 
            "2021-07-15 19:37:40,065 [modules.auxiliary.stap] WARNING: BIANCAAAA stap path: /root/.cuckoo/stap_.ko\n", 
            "2021-07-15 19:37:40,065 [modules.auxiliary.stap] WARNING: HELLO DARKNESS MY OLD FRIENDDD\n", 
            "2021-07-15 19:37:40,085 [modules.auxiliary.stap] WARNING: IT STARTED NOW NOW NOW\n", 
            "2021-07-15 19:37:43,914 [modules.auxiliary.stap] DEBUG: STAP aux module startup took 3.85 seconds\n", 
            "2021-07-15 19:37:43,914 [root] DEBUG: Started auxiliary module STAP\n", 
            "2021-07-15 19:37:43,916 [root] INFO: Added new process to list with pid: 1597\n", 
            "2021-07-15 19:37:44,918 [root] INFO: Process with pid 1597 has terminated\n", 
            "2021-07-15 19:37:44,919 [root] INFO: Process list is empty, terminating analysis.\n", 
            "2021-07-15 19:37:45,920 [modules.auxiliary.stap] DEBUG: stap subprocess retval None\n", 
            "2021-07-15 19:37:45,921 [modules.auxiliary.stap] DEBUG: BIANCA SEND FILE FROM STRAP: stap.log -> logs/all.stap\n", 
            "2021-07-15 19:37:45,930 [root] INFO: Analysis completed.\n"
        ], 
        "cuckoo": [
            "2021-07-15 19:37:41,122 [cuckoo.core.scheduler] INFO: Task #26: acquired machine cuc (label=cuc)\n", 
            "2021-07-15 19:37:41,123 [cuckoo.core.resultserver] DEBUG: Now tracking machine 192.168.56.101 for task #26\n", 
            "2021-07-15 19:37:41,123 [cuckoo.core.plugins] DEBUG: Started auxiliary module: Replay\n", 
            "2021-07-15 19:37:41,128 [cuckoo.auxiliary.sniffer] INFO: Started sniffer with PID 26885 (interface=vboxnet0, host=192.168.56.101)\n", 
            "2021-07-15 19:37:41,129 [cuckoo.core.plugins] DEBUG: Started auxiliary module: Sniffer\n", 
            "2021-07-15 19:37:41,246 [cuckoo.machinery.virtualbox] DEBUG: Starting vm cuc\n", 
            "2021-07-15 19:37:41,461 [cuckoo.machinery.virtualbox] DEBUG: Restoring virtual machine cuc to final_3\n", 
            "2021-07-15 19:37:48,438 [cuckoo.core.guest] INFO: Starting analysis #26 on guest (id=cuc, ip=192.168.56.101)\n", 
            "2021-07-15 19:37:49,447 [cuckoo.core.guest] DEBUG: cuc: not ready yet\n", 
            "2021-07-15 19:37:50,452 [cuckoo.core.guest] DEBUG: cuc: not ready yet\n", 
            "2021-07-15 19:37:51,458 [cuckoo.core.guest] DEBUG: cuc: not ready yet\n", 
            "2021-07-15 19:37:51,467 [cuckoo.core.guest] INFO: Guest is running Cuckoo Agent 0.10 (id=cuc, ip=192.168.56.101)\n", 
            "2021-07-15 19:37:51,474 [cuckoo.core.guest] DEBUG: Uploading analyzer to guest (id=cuc, ip=192.168.56.101, monitor=latest, size=31337)\n", 
            "2021-07-15 19:37:51,652 [cuckoo.core.resultserver] DEBUG: Task #26: live log analysis.log initialized.\n", 
            "2021-07-15 19:37:56,644 [cuckoo.core.guest] DEBUG: cuc: analysis #26 still processing\n", 
            "2021-07-15 19:37:57,582 [cuckoo.core.resultserver] DEBUG: Task #26: File upload for 'logs/all.stap'\n", 
            "2021-07-15 19:37:57,590 [cuckoo.core.resultserver] DEBUG: Task #26 uploaded file length: 12790\n", 
            "2021-07-15 19:38:01,674 [cuckoo.core.guest] DEBUG: cuc: analysis #26 still processing\n", 
            "2021-07-15 19:38:06,707 [cuckoo.core.guest] DEBUG: cuc: analysis #26 still processing\n", 
            "2021-07-15 19:38:11,738 [cuckoo.core.guest] DEBUG: cuc: analysis #26 still processing\n", 
            "2021-07-15 19:38:16,766 [cuckoo.core.guest] DEBUG: cuc: analysis #26 still processing\n", 
            "2021-07-15 19:38:21,794 [cuckoo.core.guest] DEBUG: cuc: analysis #26 still processing\n", 
            "2021-07-15 19:38:26,822 [cuckoo.core.guest] DEBUG: cuc: analysis #26 still processing\n", 
            "2021-07-15 19:38:31,849 [cuckoo.core.guest] DEBUG: cuc: analysis #26 still processing\n", 
            "2021-07-15 19:38:36,876 [cuckoo.core.guest] DEBUG: cuc: analysis #26 still processing\n", 
            "2021-07-15 19:38:41,904 [cuckoo.core.guest] DEBUG: cuc: analysis #26 still processing\n", 
            "2021-07-15 19:38:46,931 [cuckoo.core.guest] DEBUG: cuc: analysis #26 still processing\n", 
            "2021-07-15 19:38:51,958 [cuckoo.core.guest] DEBUG: cuc: analysis #26 still processing\n", 
            "2021-07-15 19:38:56,988 [cuckoo.core.guest] DEBUG: cuc: analysis #26 still processing\n", 
            "2021-07-15 19:39:02,019 [cuckoo.core.guest] DEBUG: cuc: analysis #26 still processing\n", 
            "2021-07-15 19:39:07,046 [cuckoo.core.guest] DEBUG: cuc: analysis #26 still processing\n", 
            "2021-07-15 19:39:12,074 [cuckoo.core.guest] DEBUG: cuc: analysis #26 still processing\n", 
            "2021-07-15 19:39:17,102 [cuckoo.core.guest] DEBUG: cuc: analysis #26 still processing\n", 
            "2021-07-15 19:39:22,129 [cuckoo.core.guest] DEBUG: cuc: analysis #26 still processing\n", 
            "2021-07-15 19:39:27,158 [cuckoo.core.guest] DEBUG: cuc: analysis #26 still processing\n", 
            "2021-07-15 19:39:32,185 [cuckoo.core.guest] DEBUG: cuc: analysis #26 still processing\n", 
            "2021-07-15 19:39:37,213 [cuckoo.core.guest] DEBUG: cuc: analysis #26 still processing\n", 
            "2021-07-15 19:39:42,240 [cuckoo.core.guest] DEBUG: cuc: analysis #26 still processing\n", 
            "2021-07-15 19:39:47,269 [cuckoo.core.guest] DEBUG: cuc: analysis #26 still processing\n", 
            "2021-07-15 19:39:52,296 [cuckoo.core.guest] DEBUG: cuc: analysis #26 still processing\n", 
            "2021-07-15 19:39:57,324 [cuckoo.core.guest] DEBUG: cuc: analysis #26 still processing\n", 
            "2021-07-15 19:40:02,352 [cuckoo.core.guest] DEBUG: cuc: analysis #26 still processing\n", 
            "2021-07-15 19:40:07,381 [cuckoo.core.guest] DEBUG: cuc: analysis #26 still processing\n", 
            "2021-07-15 19:40:12,408 [cuckoo.core.guest] DEBUG: cuc: analysis #26 still processing\n", 
            "2021-07-15 19:40:17,436 [cuckoo.core.guest] DEBUG: cuc: analysis #26 still processing\n", 
            "2021-07-15 19:40:22,465 [cuckoo.core.guest] DEBUG: "
        ]
    }, 
    "strings": [
        "/lib64/ld-linux-x86-64.so.2", 
        "libc.so.6", 
        "fflush", 
        "strcpy", 
        "__printf_chk", 
        "readdir", 
        "setlocale", 
        "mbrtowc", 
        "strncmp", 
        "optind", 
        "strrchr", 
        "dcgettext", 
        "getpwuid", 
        "closedir", 
        "fchdir", 
        "getgrgid", 
        "__stack_chk_fail", 
        "__lxstat", 
        "iswprint", 
        "realloc", 
        "fstatfs", 
        "program_invocation_name", 
        "__assert_fail", 
        "__ctype_get_mb_cur_max", 
        "endpwent", 
        "fts_close", 
        "getpwnam", 
        "calloc", 
        "strlen", 
        "ungetc", 
        "memset", 
        "__errno_location", 
        "memcmp", 
        "endgrent", 
        "__fprintf_chk", 
        "getgrnam", 
        "fchown", 
        "stdout", 
        "fts_read", 
        "memcpy", 
        "fclose", 
        "strtoul", 
        "malloc", 
        "fdopendir", 
        "__openat_2", 
        "mbsinit", 
        "__uflow", 
        "nl_langinfo", 
        "__ctype_b_loc", 
        "getenv", 
        "fts_set", 
        "optarg", 
        "__freading", 
        "stderr", 
        "fchownat", 
        "fscanf", 
        "getopt_long", 
        "__fxstat", 
        "fileno", 
        "fwrite", 
        "__fpending", 
        "strchr", 
        "program_invocation_short_name", 
        "fdopen", 
        "__cxa_finalize", 
        "fts_open", 
        "openat", 
        "__xstat", 
        "memmove", 
        "bindtextdomain", 
        "__fxstatat", 
        "fts_children", 
        "strcmp", 
        "__libc_start_main", 
        "stpcpy", 
        "fseeko", 
        "fputs_unlocked", 
        "__progname", 
        "__progname_full", 
        "__cxa_atexit", 
        "quote_quoting_options", 
        "Version", 
        "_IO_stdin_used", 
        "quoting_style_vals", 
        "quoting_style_args", 
        "exit_failure", 
        "program_name", 
        "version_etc_copyright", 
        "GLIBC_2.3", 
        "GLIBC_2.3.4", 
        "GLIBC_2.14", 
        "GLIBC_2.7", 
        "GLIBC_2.4", 
        "GLIBC_2.2.5", 
        "_ITM_deregisterTMCloneTable", 
        "__gmon_start__", 
        "_ITM_registerTMCloneTable", 
        "AWAVE1", 
        "[]A\\A]A^A_", 
        "ATUStOH", 
        "AWAVAUATE", 
        "[]A\\A]A^A_", 
        "A9t$ A", 
        "[]A\\A]A^A_", 
        "D$(u-H", 
        "[]A\\A]A^A_", 
        "AWAVLc", 
        "[]A\\A]A^A_", 
        "8[]A\\A]A^A_", 
        "8[]A\\A]A^A_", 
        "L$8dH3", 
        "T$8dH3", 
        "t$8dH34%(", 
        "L$8dH3", 
        ")D$ t2H", 
        "|$8dH3<%(", 
        "T$HdH3", 
        "X[]A\\A]A^A_", 
        "[]A\\A]A^A_", 
        "AWAVAUATM", 
        "AQAUATAWAVL", 
        "([]A\\A]A^A_", 
        "[]A\\A]A^A_H", 
        "[]A\\A]A^A_1", 
        "[]A\\A]A^A_", 
        "([]A\\A]A^A_", 
        "ATAWAVL", 
        "([]A\\A]A^A_", 
        "AUATAWAVL", 
        "D$XdH3", 
        "D$xdH3", 
        "TUUUUUUUI", 
        "SUUUUUUUH9", 
        "AWAVAUATUSH", 
        "dH3<%(", 
        "([]A\\A]A^A_", 
        "[]A\\A]", 
        "[]A\\A]", 
        "[]A\\A]", 
        "t4~%H=OAFSt*H=BSFXt-H=sIeRt%", 
        "dH3<%(", 
        "[]A\\A]A^A_", 
        "Sp[]A\\", 
        "H91tKH", 
        "AUATUSH", 
        "H;\\$8H", 
        "U H;T$(", 
        "M0H+L$", 
        "H;\\$8L", 
        "h[]A\\A]A^A_", 
        "[]A\\A]A^A_", 
        "AWAVAUATUSH", 
        "[]A\\A]A^A_", 
        "AVAUATUSH", 
        "]A\\A]A^", 
        "]A\\A]A^", 
        "[]A\\A]A^", 
        "AVAUATUA", 
        "[]A\\A]A^", 
        "]A\\A]A^", 
        "]A\\A]A^", 
        "[]A\\A]", 
        "t9[]A\\", 
        "]A\\A]A^", 
        "[]A\\A]A^", 
        "]A\\A]A^", 
        "AWAVAUATUSH", 
        "[]A\\A]A^A_", 
        "[]A\\A]A^A_", 
        "[]A\\A]H", 
        "AWAVAUATUSH", 
        "[]A\\A]A^A_", 
        "[]A\\A]A^A_", 
        "L$XdH3", 
        "AUATUSH", 
        "[]A\\A]", 
        "AUATUSH", 
        "[]A\\A]A^A_", 
        "charset.", 
        "aliafA", 
        "dH34%(", 
        "AUATUS", 
        "[]A\\A]", 
        "u0[]A\\", 
        "G H9G(u", 
        "[]A\\A]A^A_", 
        "test invocation", 
        "Multi-call invocation", 
        "sha224sum", 
        "sha2 utilities", 
        "sha256sum", 
        "sha384sum", 
        "sha512sum", 
        "%s online help: <%s>", 
        "GNU coreutils", 
        "/usr/share/locale", 
        "%s: %s", 
        "Jim Meyering", 
        "David MacKenzie", 
        "HLPRcfhv", 
        "missing operand", 
        "missing operand after %s", 
        "recursive", 
        "changes", 
        "no-dereference", 
        "no-preserve-root", 
        "silent", 
        "verbose", 
        "version", 
        "Try '%s --help' for more information.", 
        "Usage: %s [OPTION]... [OWNER][:[GROUP]] FILE...", 
        "  or:  %s [OPTION]... --reference=RFILE FILE...", 
        "Change the owner and/or group of each FILE to OWNER and/or GROUP.", 
        "With --reference, change the owner and group of each FILE to those of RFILE.", 
        "  -c, --changes          like verbose but report only when a change is made", 
        "  -f, --silent, --quiet  suppress most error messages", 
        "  -v, --verbose          output a diagnostic for every file processed", 
        "      --dereference      affect the referent of each symbolic link (this is", 
        "                         the default), rather than the symbolic link itself", 
        "  -h, --no-dereference   affect symbolic links instead of any referenced file", 
        "                         (useful only on systems that can change the", 
        "                         ownership of a symlink)", 
        "      --from=CURRENT_OWNER:CURRENT_GROUP", 
        "                         change the owner and/or group of each file only if", 
        "                         its current owner and/or group match those specified", 
        "                         here.  Either may be omitted, in which case a match", 
        "                         is not required for the omitted attribute", 
        "      --no-preserve-root  do not treat '/' specially (the default)", 
        "      --preserve-root    fail to operate recursively on '/'", 
        "      --reference=RFILE  use RFILE's owner and group rather than", 
        "                         specifying OWNER:GROUP values", 
        "  -R, --recursive        operate on files and directories recursively", 
        "The following options modify how a hierarchy is traversed when the -R", 
        "option is also specified.  If more than one is specified, only the final", 
        "one takes effect.", 
        "  -H                     if a command line argument is a symbolic link", 
        "                         to a directory, traverse it", 
        "  -L                     traverse every symbolic link to a directory", 
        "                         encountered", 
        "  -P                     do not traverse any symbolic links (default)", 
        "      --help     display this help and exit", 
        "      --version  output version information and exit", 
        "Owner is unchanged if missing.  Group is unchanged if missing, but changed", 
        "to login group if implied by a ':' following a symbolic OWNER.", 
        "OWNER and GROUP may be numeric as well as symbolic.", 
        "Examples:", 
        "  %s root /u        Change the owner of /u to \"root\".", 
        "  %s root:staff /u  Likewise, but also change its group to \"staff\".", 
        "  %s -hR root /u    Change the owner of /u and subfiles to \"root\".", 
        "http://www.gnu.org/software/coreutils/", 
        "Report %s translation bugs to <http://translationproject.org/team/>", 
        "Full documentation at: <%s%s>", 
        "or available locally via: info '(coreutils) %s%s'", 
        "-R --dereference requires either -H or -L", 
        "failed to get attributes of %s", 
        "cannot access %s", 
        "cannot read directory %s", 
        "cannot dereference %s", 
        "changing ownership of %s", 
        "changing group of %s", 
        "no change to ownership of %s", 
        "group of %s retained as %s", 
        "ownership of %s retained", 
        "fts_read failed", 
        "fts_close failed", 
        "it is dangerous to operate recursively on %s", 
        "it is dangerous to operate recursively on %s (same as %s)", 
        "use --no-preserve-root to override this failsafe", 
        "WARNING: Circular directory structure.", 
        "This almost certainly means that you have a corrupted file system.", 
        "NOTIFY YOUR SYSTEM MANAGER.", 
        "The following directory is part of the cycle:", 
        "changed ownership of %s from %s to %s", 
        "changed group of %s from %s to %s", 
        "failed to change ownership of %s from %s to %s", 
        "failed to change group of %s from %s to %s", 
        "failed to change ownership of %s", 
        "failed to change ownership of %s to %s", 
        "failed to change group of %s to %s", 
        "ownership of %s retained as %s", 
        "neither symbolic link %s nor referent has been changed", 
        "write error", 
        "A NULL argv[0] was passed through an exec system call.", 
        "/.libs/", 
        "literal", 
        "shell-always", 
        "shell-escape", 
        "shell-escape-always", 
        "c-maybe", 
        "clocale", 
        "invalid user", 
        "invalid spec", 
        "invalid group", 
        "%s (%s) %s", 
        "Written by %s.", 
        "Written by %s and %s.", 
        "Written by %s, %s, and %s.", 
        "Report bugs to: %s", 
        "bug-coreutils@gnu.org", 
        "%s home page: <%s>", 
        "License GPLv3+: GNU GPL version 3 or later <http://gnu.org/licenses/gpl.html>.", 
        "This is free software: you are free to change and redistribute it.", 
        "There is NO WARRANTY, to the extent permitted by law.", 
        "Written by %s, %s, %s,", 
        "and %s.", 
        "Written by %s, %s, %s,", 
        "%s, and %s.", 
        "Written by %s, %s, %s,", 
        "%s, %s, and %s.", 
        "Written by %s, %s, %s,", 
        "%s, %s, %s, and %s.", 
        "Written by %s, %s, %s,", 
        "%s, %s, %s, %s,", 
        "and %s.", 
        "Written by %s, %s, %s,", 
        "%s, %s, %s, %s,", 
        "%s, and %s.", 
        "Written by %s, %s, %s,", 
        "%s, %s, %s, %s,", 
        "%s, %s, and others.", 
        "General help using GNU software: <http://www.gnu.org/gethelp/>", 
        "Copyright %s %d Free Software Foundation, Inc.", 
        "memory exhausted", 
        "lib/xfts.c", 
        "errno != EINVAL", 
        "xfts_open", 
        "lib/xstrtol.c", 
        "0 <= strtol_base && strtol_base <= 36", 
        "xstrtoul", 
        "lib/cycle-check.c", 
        "state->magic == 9827862", 
        "cycle_check", 
        "# entries:         %lu", 
        "# buckets:         %lu", 
        "max bucket length: %lu", 
        "# buckets used:    %lu (%.2f%%)", 
        "Y@ASCII", 
        "/usr/lib/x86_64-linux-gnu", 
        "CHARSETALIASDIR", 
        "%50s %50s", 
        "59b33d7bff87a98e9237ce481b551df5841b1a.debug", 
        ".shstrtab", 
        ".interp", 
        ".note.ABI-tag", 
        ".note.gnu.build-id", 
        ".gnu.hash", 
        ".dynsym", 
        ".dynstr", 
        ".gnu.version", 
        ".gnu.version_r", 
        ".rela.dyn", 
        ".rela.plt", 
        ".plt.got", 
        ".rodata", 
        ".eh_frame_hdr", 
        ".eh_frame", 
        ".init_array", 
        ".fini_array", 
        ".data.rel.ro", 
        ".dynamic", 
        ".gnu_debuglink"
    ], 
    "metadata": {
        "output": {
            "pcap": {
                "basename": "dump.pcap", 
                "sha256": "4bc97c500b7f71b6cc7266e70aeec81ee6be74744a17d153e824a372c212fa30", 
                "dirname": ""
            }
        }
    }
}