{"started_on": {"$dt": "2021-07-15T19:46:01.251629"}, "duration": 191, "sample_id": 25, "owner": null, "id": 28, "category": "file", "priority": 1, "guest": {"status": "stopped", "name": "cuc", "label": "cuc", "manager": "VirtualBox", "started_on": "2021-07-15 19:46:01", "shutdown_on": "2021-07-15 19:49:13"}, "clock": {"$dt": "2021-07-15T19:46:00.589770"}, "custom": null, "machine": null, "platform": null, "memory": false, "status": "completed", "tags": [], "processing": null, "enforce_timeout": false, "completed_on": {"$dt": "2021-07-15T19:49:13.216327"}, "target": "/home/cuckoo/Desktop/apps/bin/cp", "package": "", "route": "none", "timeout": 0, "submit_id": null, "options": {}, "added_on": {"$dt": "2021-07-15T19:46:00.589786"}}