{"started_on": {"$dt": "2021-07-15T18:57:47.608715"}, "duration": 196, "sample_id": 17, "owner": null, "id": 20, "category": "file", "priority": 1, "guest": {"status": "stopped", "name": "cuc", "label": "cuc", "manager": "VirtualBox", "started_on": "2021-07-15 18:57:47", "shutdown_on": "2021-07-15 19:01:04"}, "clock": {"$dt": "2021-07-15T18:57:47.453217"}, "custom": null, "machine": null, "platform": null, "memory": false, "status": "completed", "tags": [], "processing": null, "enforce_timeout": false, "completed_on": {"$dt": "2021-07-15T19:01:04.467354"}, "target": "/home/cuckoo/Desktop/apps/bin/bzip2recover", "package": "", "route": "none", "timeout": 0, "submit_id": null, "options": {}, "added_on": {"$dt": "2021-07-15T18:57:47.453234"}}