{
    "info": {
        "added": 1626377471.460022, 
        "started": 1626377471.804238, 
        "duration": 193, 
        "ended": 1626377664.916021, 
        "owner": null, 
        "score": 0.0, 
        "id": 25, 
        "category": "file", 
        "git": {
            "head": "13cbe0d9e457be3673304533043e992ead1ea9b2", 
            "fetch_head": "13cbe0d9e457be3673304533043e992ead1ea9b2"
        }, 
        "monitor": "2deb9ccd75d5a7a3fe05b2625b03a8639d6ee36b", 
        "package": "", 
        "route": "none", 
        "custom": null, 
        "machine": {
            "status": "stopped", 
            "name": "cuc", 
            "label": "cuc", 
            "manager": "VirtualBox", 
            "started_on": "2021-07-15 19:31:12", 
            "shutdown_on": "2021-07-15 19:34:24"
        }, 
        "platform": null, 
        "version": "2.0.7", 
        "options": ""
    }, 
    "signatures": [], 
    "target": {
        "category": "file", 
        "file": {
            "yara": [], 
            "sha1": "26493ef4642c0d72e6e87d06b4303d9725ec7026", 
            "name": "chmod", 
            "type": "ELF 64-bit LSB shared object, x86-64, version 1 (SYSV), dynamically linked, interpreter /lib64/ld-linux-x86-64.so.2, for GNU/Linux 3.2.0, BuildID[sha1]=0f48550168819da128c8b6b01166adedf187e7ae, stripped", 
            "sha256": "9cf4cda0f73875032436f7d5c457271f235e59c968c1c101d19fc7bf137e6e37", 
            "urls": [
                "http://gnu.org/licenses/gpl.html", 
                "http://translationproject.org/team/", 
                "http://www.gnu.org/software/coreutils/", 
                "http://www.gnu.org/gethelp/"
            ], 
            "crc32": "BA78D44D", 
            "path": "/home/cuckoo/.cuckoo/storage/binaries/9cf4cda0f73875032436f7d5c457271f235e59c968c1c101d19fc7bf137e6e37", 
            "ssdeep": null, 
            "size": 59608, 
            "sha512": "91c5ebe14e6b1679265cc1932f56d7a6639ce0572f7bcbbff747bfa8e62afdc9bb007f158bf440d32f84bd49dfbb2ea1bc0859b63d8a41b3c2afc42e5d4bd348", 
            "md5": "f1f0ca8ec9aac811733d1c9435e196a6"
        }
    }, 
    "network": {
        "tls": [], 
        "udp": [
            {
                "src": "192.168.56.101", 
                "dst": "224.0.0.251", 
                "offset": 234, 
                "time": 0.3875570297241211, 
                "dport": 5353, 
                "sport": 5353
            }
        ], 
        "dns_servers": [
            "224.0.0.251"
        ], 
        "http": [], 
        "icmp": [], 
        "smtp": [], 
        "tcp": [], 
        "smtp_ex": [], 
        "mitm": [], 
        "hosts": [], 
        "pcap_sha256": "2ec4d4c6fe2d71b4bcb437ca09748b57e600161406207dec7a808c2c885fe022", 
        "dns": [
            {
                "type": "PTR", 
                "request": "_sane-port._tcp.local", 
                "answers": []
            }, 
            {
                "type": "PTR", 
                "request": "_ipps._tcp.local", 
                "answers": []
            }
        ], 
        "http_ex": [], 
        "domains": [
            {
                "ip": "", 
                "domain": "_ipps._tcp.local"
            }, 
            {
                "ip": "", 
                "domain": "_sane-port._tcp.local"
            }
        ], 
        "dead_hosts": [], 
        "sorted_pcap_sha256": "601baaa695dfd9033affc390cbc3a13a70a5e93333a1e8848869a66934492ac6", 
        "irc": [], 
        "https_ex": []
    }, 
    "behavior": {
        "generic": [
            {
                "process_path": null, 
                "process_name": "chmod", 
                "pid": 1597, 
                "summary": {}, 
                "first_seen": 1626370274.99679, 
                "ppid": 1596
            }
        ], 
        "processes": [
            {
                "calls": [
                    {
                        "status": "", 
                        "raw": "Thu Jul 15 17:31:14 2021.996790 chmod@7f36de4f40a9[1597] execve(\"/tmp/chmod\", [\"/tmp/chmod\"], [\"LC_TIME=de_CH.UTF-8\", \"HOME=/root\", \"LC_MONETARY=de_CH.UTF-8\", \"LOGNAME=root\", \"PATH=/usr/bin:/bin\", \"LC_ADDRESS=de_CH.UTF-8\", \"LANG=en_US.UTF-8\", \"LC_TELEPHONE=de_CH.UTF-8\", \"LC_NAME=de_CH.UTF-8\", \"SHELL=/bin/sh\", \"LC_MEASUREMENT=de_CH.UTF-8\", \"LC_IDENTIFICATION=de_CH.UTF-8\", \"PWD=/tmpaXhPCk\", \"LC_NUMERIC=de_CH.UTF-8\", \"LC_PAPER=de_CH.UTF-8\"])\n", 
                        "api": "execve", 
                        "return_value": "", 
                        "instruction_pointer": "7f36de4f40a9", 
                        "time": 1626370274.99679, 
                        "process_name": "chmod", 
                        "pid": 1597, 
                        "arguments": {
                            "p2": [
                                "LC_TIME=de_CH.UTF-8", 
                                "HOME=/root", 
                                "LC_MONETARY=de_CH.UTF-8", 
                                "LOGNAME=root", 
                                "PATH=/usr/bin:/bin", 
                                "LC_ADDRESS=de_CH.UTF-8", 
                                "LANG=en_US.UTF-8", 
                                "LC_TELEPHONE=de_CH.UTF-8", 
                                "LC_NAME=de_CH.UTF-8", 
                                "SHELL=/bin/sh", 
                                "LC_MEASUREMENT=de_CH.UTF-8", 
                                "LC_IDENTIFICATION=de_CH.UTF-8", 
                                "PWD=/tmpaXhPCk", 
                                "LC_NUMERIC=de_CH.UTF-8", 
                                "LC_PAPER=de_CH.UTF-8"
                            ], 
                            "p0": "/tmp/chmod", 
                            "p1": [
                                "/tmp/chmod"
                            ]
                        }
                    }, 
                    {
                        "status": "", 
                        "raw": "Thu Jul 15 17:31:14 2021.996983 chmod@7f36de4f40a9[1597] brk(0x0) = 94383686807552\n", 
                        "api": "brk", 
                        "return_value": "94383686807552", 
                        "instruction_pointer": "7f36de4f40a9", 
                        "time": 1626370274.996983, 
                        "process_name": "chmod", 
                        "pid": 1597, 
                        "arguments": {
                            "p0": "0x0"
                        }
                    }, 
                    {
                        "status": "ENOENT", 
                        "raw": "Thu Jul 15 17:31:14 2021.997035 chmod@7f36de4e796e[1597] access(\"/etc/ld.so.nohwcap\", F_OK) = -2 (ENOENT)\n", 
                        "api": "access", 
                        "return_value": "-2", 
                        "instruction_pointer": "7f36de4e796e", 
                        "time": 1626370274.997035, 
                        "process_name": "chmod", 
                        "pid": 1597, 
                        "arguments": {
                            "p0": "/etc/ld.so.nohwcap", 
                            "p1": "F_OK"
                        }
                    }, 
                    {
                        "status": "ENOENT", 
                        "raw": "Thu Jul 15 17:31:14 2021.997054 chmod@7f36de4f5007[1597] access(\"/etc/ld.so.preload\", R_OK) = -2 (ENOENT)\n", 
                        "api": "access", 
                        "return_value": "-2", 
                        "instruction_pointer": "7f36de4f5007", 
                        "time": 1626370274.997054, 
                        "process_name": "chmod", 
                        "pid": 1597, 
                        "arguments": {
                            "p0": "/etc/ld.so.preload", 
                            "p1": "R_OK"
                        }
                    }, 
                    {
                        "status": "", 
                        "raw": "Thu Jul 15 17:31:14 2021.997099 chmod@7f36de4f4ebd[1597] openat(AT_FDCWD, \"/etc/ld.so.cache\", O_RDONLY|O_CLOEXEC) = 6\n", 
                        "api": "openat", 
                        "return_value": "6", 
                        "instruction_pointer": "7f36de4f4ebd", 
                        "time": 1626370274.997099, 
                        "process_name": "chmod", 
                        "pid": 1597, 
                        "arguments": {
                            "p2": "O_RDONLY|O_CLOEXEC", 
                            "p0": "AT_FDCWD", 
                            "p1": "/etc/ld.so.cache"
                        }
                    }, 
                    {
                        "status": "", 
                        "raw": "Thu Jul 15 17:31:14 2021.997113 chmod@7f36de4f4e23[1597] fstat(6, 0x7ffe29431730) = 0\n", 
                        "api": "fstat", 
                        "return_value": "0", 
                        "instruction_pointer": "7f36de4f4e23", 
                        "time": 1626370274.997113, 
                        "process_name": "chmod", 
                        "pid": 1597, 
                        "arguments": {
                            "p0": "6", 
                            "p1": "0x7ffe29431730"
                        }
                    }, 
                    {
                        "status": "", 
                        "raw": "Thu Jul 15 17:31:14 2021.997140 chmod@7f36de4f5123[1597] mmap2(0x0, 85414, PROT_READ, MAP_PRIVATE, 6, 0) = 0x7f36de6ec000\n", 
                        "api": "mmap2", 
                        "return_value": "0x7f36de6ec000", 
                        "instruction_pointer": "7f36de4f5123", 
                        "time": 1626370274.99714, 
                        "process_name": "chmod", 
                        "pid": 1597, 
                        "arguments": {
                            "p2": "PROT_READ", 
                            "p3": "MAP_PRIVATE", 
                            "p0": "0x0", 
                            "p1": "85414", 
                            "p4": "6", 
                            "p5": "0"
                        }
                    }, 
                    {
                        "status": "", 
                        "raw": "Thu Jul 15 17:31:14 2021.997152 chmod@7f36de4f50b7[1597] close(6) = 0\n", 
                        "api": "close", 
                        "return_value": "0", 
                        "instruction_pointer": "7f36de4f50b7", 
                        "time": 1626370274.997152, 
                        "process_name": "chmod", 
                        "pid": 1597, 
                        "arguments": {
                            "p0": "6"
                        }
                    }, 
                    {
                        "status": "ENOENT", 
                        "raw": "Thu Jul 15 17:31:14 2021.997166 chmod@7f36de4f02d9[1597] access(\"/etc/ld.so.nohwcap\", F_OK) = -2 (ENOENT)\n", 
                        "api": "access", 
                        "return_value": "-2", 
                        "instruction_pointer": "7f36de4f02d9", 
                        "time": 1626370274.997166, 
                        "process_name": "chmod", 
                        "pid": 1597, 
                        "arguments": {
                            "p0": "/etc/ld.so.nohwcap", 
                            "p1": "F_OK"
                        }
                    }, 
                    {
                        "status": "", 
                        "raw": "Thu Jul 15 17:31:14 2021.997183 chmod@7f36de4f4ebd[1597] openat(AT_FDCWD, \"/lib/x86_64-linux-gnu/libc.so.6\", O_RDONLY|O_CLOEXEC) = 6\n", 
                        "api": "openat", 
                        "return_value": "6", 
                        "instruction_pointer": "7f36de4f4ebd", 
                        "time": 1626370274.997183, 
                        "process_name": "chmod", 
                        "pid": 1597, 
                        "arguments": {
                            "p2": "O_RDONLY|O_CLOEXEC", 
                            "p0": "AT_FDCWD", 
                            "p1": "/lib/x86_64-linux-gnu/libc.so.6"
                        }
                    }, 
                    {
                        "status": "", 
                        "raw": "Thu Jul 15 17:31:14 2021.997196 chmod@7f36de4f4f84[1597] read(6, 0x7ffe294318f8, 832) = 832\n", 
                        "api": "read", 
                        "return_value": "832", 
                        "instruction_pointer": "7f36de4f4f84", 
                        "time": 1626370274.997196, 
                        "process_name": "chmod", 
                        "pid": 1597, 
                        "arguments": {
                            "p2": "832", 
                            "p0": "6", 
                            "p1": "0x7ffe294318f8"
                        }
                    }, 
                    {
                        "status": "", 
                        "raw": "Thu Jul 15 17:31:14 2021.997206 chmod@7f36de4f4e23[1597] fstat(6, 0x7ffe29431790) = 0\n", 
                        "api": "fstat", 
                        "return_value": "0", 
                        "instruction_pointer": "7f36de4f4e23", 
                        "time": 1626370274.997206, 
                        "process_name": "chmod", 
                        "pid": 1597, 
                        "arguments": {
                            "p0": "6", 
                            "p1": "0x7ffe29431790"
                        }
                    }, 
                    {
                        "status": "", 
                        "raw": "Thu Jul 15 17:31:14 2021.997217 chmod@7f36de4f5123[1597] mmap2(0x0, 8192, PROT_READ|PROT_WRITE, MAP_PRIVATE|MAP_ANONYMOUS, -1, 0) = 0x7f36de6ea000\n", 
                        "api": "mmap2", 
                        "return_value": "0x7f36de6ea000", 
                        "instruction_pointer": "7f36de4f5123", 
                        "time": 1626370274.997217, 
                        "process_name": "chmod", 
                        "pid": 1597, 
                        "arguments": {
                            "p2": "PROT_READ|PROT_WRITE", 
                            "p3": "MAP_PRIVATE|MAP_ANONYMOUS", 
                            "p0": "0x0", 
                            "p1": "8192", 
                            "p4": "-1", 
                            "p5": "0"
                        }
                    }, 
                    {
                        "status": "", 
                        "raw": "Thu Jul 15 17:31:14 2021.997232 chmod@7f36de4f5123[1597] mmap2(0x0, 4131552, PROT_READ|PROT_EXEC, MAP_PRIVATE|MAP_DENYWRITE, 6, 0) = 0x7f36de0e7000\n", 
                        "api": "mmap2", 
                        "return_value": "0x7f36de0e7000", 
                        "instruction_pointer": "7f36de4f5123", 
                        "time": 1626370274.997232, 
                        "process_name": "chmod", 
                        "pid": 1597, 
                        "arguments": {
                            "p2": "PROT_READ|PROT_EXEC", 
                            "p3": "MAP_PRIVATE|MAP_DENYWRITE", 
                            "p0": "0x0", 
                            "p1": "4131552", 
                            "p4": "6", 
                            "p5": "0"
                        }
                    }, 
                    {
                        "status": "", 
                        "raw": "Thu Jul 15 17:31:14 2021.997245 chmod@7f36de4f51d7[1597] mprotect(0x7f36de2ce000, 2097152, PROT_NONE) = 0\n", 
                        "api": "mprotect", 
                        "return_value": "0", 
                        "instruction_pointer": "7f36de4f51d7", 
                        "time": 1626370274.997245, 
                        "process_name": "chmod", 
                        "pid": 1597, 
                        "arguments": {
                            "p2": "PROT_NONE", 
                            "p0": "0x7f36de2ce000", 
                            "p1": "2097152"
                        }
                    }, 
                    {
                        "status": "", 
                        "raw": "Thu Jul 15 17:31:14 2021.997260 chmod@7f36de4f5123[1597] mmap2(0x7f36de4ce000, 24576, PROT_READ|PROT_WRITE, MAP_PRIVATE|MAP_FIXED|MAP_DENYWRITE, 6, 1994752) = 0x7f36de4ce000\n", 
                        "api": "mmap2", 
                        "return_value": "0x7f36de4ce000", 
                        "instruction_pointer": "7f36de4f5123", 
                        "time": 1626370274.99726, 
                        "process_name": "chmod", 
                        "pid": 1597, 
                        "arguments": {
                            "p2": "PROT_READ|PROT_WRITE", 
                            "p3": "MAP_PRIVATE|MAP_FIXED|MAP_DENYWRITE", 
                            "p0": "0x7f36de4ce000", 
                            "p1": "24576", 
                            "p4": "6", 
                            "p5": "1994752"
                        }
                    }, 
                    {
                        "status": "", 
                        "raw": "Thu Jul 15 17:31:14 2021.997278 chmod@7f36de4f5123[1597] mmap2(0x7f36de4d4000, 15072, PROT_READ|PROT_WRITE, MAP_PRIVATE|MAP_FIXED|MAP_ANONYMOUS, -1, 0) = 0x7f36de4d4000\n", 
                        "api": "mmap2", 
                        "return_value": "0x7f36de4d4000", 
                        "instruction_pointer": "7f36de4f5123", 
                        "time": 1626370274.997278, 
                        "process_name": "chmod", 
                        "pid": 1597, 
                        "arguments": {
                            "p2": "PROT_READ|PROT_WRITE", 
                            "p3": "MAP_PRIVATE|MAP_FIXED|MAP_ANONYMOUS", 
                            "p0": "0x7f36de4d4000", 
                            "p1": "15072", 
                            "p4": "-1", 
                            "p5": "0"
                        }
                    }, 
                    {
                        "status": "", 
                        "raw": "Thu Jul 15 17:31:14 2021.997297 chmod@7f36de4f50b7[1597] close(6) = 0\n", 
                        "api": "close", 
                        "return_value": "0", 
                        "instruction_pointer": "7f36de4f50b7", 
                        "time": 1626370274.997297, 
                        "process_name": "chmod", 
                        "pid": 1597, 
                        "arguments": {
                            "p0": "6"
                        }
                    }, 
                    {
                        "status": "", 
                        "raw": "Thu Jul 15 17:31:14 2021.997319 chmod@7f36de4d9024[1597] arch_prctl(ARCH_SET_FS, 139873636758848) = 0\n", 
                        "api": "arch_prctl", 
                        "return_value": "0", 
                        "instruction_pointer": "7f36de4d9024", 
                        "time": 1626370274.997319, 
                        "process_name": "chmod", 
                        "pid": 1597, 
                        "arguments": {
                            "p0": "ARCH_SET_FS", 
                            "p1": "139873636758848"
                        }
                    }, 
                    {
                        "status": "", 
                        "raw": "Thu Jul 15 17:31:14 2021.997373 chmod@7f36de4f51d7[1597] mprotect(0x7f36de4ce000, 16384, PROT_READ) = 0\n", 
                        "api": "mprotect", 
                        "return_value": "0", 
                        "instruction_pointer": "7f36de4f51d7", 
                        "time": 1626370274.997373, 
                        "process_name": "chmod", 
                        "pid": 1597, 
                        "arguments": {
                            "p2": "PROT_READ", 
                            "p0": "0x7f36de4ce000", 
                            "p1": "16384"
                        }
                    }, 
                    {
                        "status": "", 
                        "raw": "Thu Jul 15 17:31:14 2021.997406 chmod@7f36de4f51d7[1597] mprotect(0x55d7682ec000, 4096, PROT_READ) = 0\n", 
                        "api": "mprotect", 
                        "return_value": "0", 
                        "instruction_pointer": "7f36de4f51d7", 
                        "time": 1626370274.997406, 
                        "process_name": "chmod", 
                        "pid": 1597, 
                        "arguments": {
                            "p2": "PROT_READ", 
                            "p0": "0x55d7682ec000", 
                            "p1": "4096"
                        }
                    }, 
                    {
                        "status": "", 
                        "raw": "Thu Jul 15 17:31:14 2021.997422 chmod@7f36de4f51d7[1597] mprotect(0x7f36de701000, 4096, PROT_READ) = 0\n", 
                        "api": "mprotect", 
                        "return_value": "0", 
                        "instruction_pointer": "7f36de4f51d7", 
                        "time": 1626370274.997422, 
                        "process_name": "chmod", 
                        "pid": 1597, 
                        "arguments": {
                            "p2": "PROT_READ", 
                            "p0": "0x7f36de701000", 
                            "p1": "4096"
                        }
                    }, 
                    {
                        "status": "", 
                        "raw": "Thu Jul 15 17:31:14 2021.997436 chmod@7f36de4f51b7[1597] munmap(0x7f36de6ec000, 85414) = 0\n", 
                        "api": "munmap", 
                        "return_value": "0", 
                        "instruction_pointer": "7f36de4f51b7", 
                        "time": 1626370274.997436, 
                        "process_name": "chmod", 
                        "pid": 1597, 
                        "arguments": {
                            "p0": "0x7f36de6ec000", 
                            "p1": "85414"
                        }
                    }, 
                    {
                        "status": "", 
                        "raw": "Thu Jul 15 17:31:14 2021.997537 chmod@7f36de1fd1f9[1597] brk(0x0) = 94383686807552\n", 
                        "api": "brk", 
                        "return_value": "94383686807552", 
                        "instruction_pointer": "7f36de1fd1f9", 
                        "time": 1626370274.997537, 
                        "process_name": "chmod", 
                        "pid": 1597, 
                        "arguments": {
                            "p0": "0x0"
                        }
                    }, 
                    {
                        "status": "", 
                        "raw": "Thu Jul 15 17:31:14 2021.997547 chmod@7f36de1fd1f9[1597] brk(0x55d76a220000) = 94383686942720\n", 
                        "api": "brk", 
                        "return_value": "94383686942720", 
                        "instruction_pointer": "7f36de1fd1f9", 
                        "time": 1626370274.997547, 
                        "process_name": "chmod", 
                        "pid": 1597, 
                        "arguments": {
                            "p0": "0x55d76a220000"
                        }
                    }, 
                    {
                        "status": "", 
                        "raw": "Thu Jul 15 17:31:14 2021.997565 chmod@7f36de1f6e81[1597] openat(AT_FDCWD, \"/usr/lib/locale/locale-archive\", O_RDONLY|O_CLOEXEC) = 6\n", 
                        "api": "openat", 
                        "return_value": "6", 
                        "instruction_pointer": "7f36de1f6e81", 
                        "time": 1626370274.997565, 
                        "process_name": "chmod", 
                        "pid": 1597, 
                        "arguments": {
                            "p2": "O_RDONLY|O_CLOEXEC", 
                            "p0": "AT_FDCWD", 
                            "p1": "/usr/lib/locale/locale-archive"
                        }
                    }, 
                    {
                        "status": "", 
                        "raw": "Thu Jul 15 17:31:14 2021.997580 chmod@7f36de1f6893[1597] fstat(6, 0x7f36de4d3ac0) = 0\n", 
                        "api": "fstat", 
                        "return_value": "0", 
                        "instruction_pointer": "7f36de1f6893", 
                        "time": 1626370274.99758, 
                        "process_name": "chmod", 
                        "pid": 1597, 
                        "arguments": {
                            "p0": "6", 
                            "p1": "0x7f36de4d3ac0"
                        }
                    }, 
                    {
                        "status": "", 
                        "raw": "Thu Jul 15 17:31:14 2021.997590 chmod@7f36de202813[1597] mmap2(0x0, 3339216, PROT_READ, MAP_PRIVATE, 6, 0) = 0x7f36dddb7000\n", 
                        "api": "mmap2", 
                        "return_value": "0x7f36dddb7000", 
                        "instruction_pointer": "7f36de202813", 
                        "time": 1626370274.99759, 
                        "process_name": "chmod", 
                        "pid": 1597, 
                        "arguments": {
                            "p2": "PROT_READ", 
                            "p3": "MAP_PRIVATE", 
                            "p0": "0x0", 
                            "p1": "3339216", 
                            "p4": "6", 
                            "p5": "0"
                        }
                    }, 
                    {
                        "status": "", 
                        "raw": "Thu Jul 15 17:31:14 2021.997606 chmod@7f36de1f7a17[1597] close(6) = 0\n", 
                        "api": "close", 
                        "return_value": "0", 
                        "instruction_pointer": "7f36de1f7a17", 
                        "time": 1626370274.997606, 
                        "process_name": "chmod", 
                        "pid": 1597, 
                        "arguments": {
                            "p0": "6"
                        }
                    }, 
                    {
                        "status": "", 
                        "raw": "Thu Jul 15 17:31:14 2021.997660 chmod@7f36de1f6e81[1597] openat(AT_FDCWD, \"/usr/share/locale/locale.alias\", O_RDONLY|O_CLOEXEC) = 6\n", 
                        "api": "openat", 
                        "return_value": "6", 
                        "instruction_pointer": "7f36de1f6e81", 
                        "time": 1626370274.99766, 
                        "process_name": "chmod", 
                        "pid": 1597, 
                        "arguments": {
                            "p2": "O_RDONLY|O_CLOEXEC", 
                            "p0": "AT_FDCWD", 
                            "p1": "/usr/share/locale/locale.alias"
                        }
                    }, 
                    {
                        "status": "", 
                        "raw": "Thu Jul 15 17:31:14 2021.997675 chmod@7f36de1f6893[1597] fstat(6, 0x7ffe294319e0) = 0\n", 
                        "api": "fstat", 
                        "return_value": "0", 
                        "instruction_pointer": "7f36de1f6893", 
                        "time": 1626370274.997675, 
                        "process_name": "chmod", 
                        "pid": 1597, 
                        "arguments": {
                            "p0": "6", 
                            "p1": "0x7ffe294319e0"
                        }
                    }, 
                    {
                        "status": "", 
                        "raw": "Thu Jul 15 17:31:14 2021.997686 chmod@7f36de1f71e4[1597] read(6, 0x55d76a201730, 4096) = 2995\n", 
                        "api": "read", 
                        "return_value": "2995", 
                        "instruction_pointer": "7f36de1f71e4", 
                        "time": 1626370274.997686, 
                        "process_name": "chmod", 
                        "pid": 1597, 
                        "arguments": {
                            "p2": "4096", 
                            "p0": "6", 
                            "p1": "0x55d76a201730"
                        }
                    }, 
                    {
                        "status": "", 
                        "raw": "Thu Jul 15 17:31:14 2021.997707 chmod@7f36de1f71e4[1597] read(6, 0x55d76a201730, 4096) = 0\n", 
                        "api": "read", 
                        "return_value": "0", 
                        "instruction_pointer": "7f36de1f71e4", 
                        "time": 1626370274.997707, 
                        "process_name": "chmod", 
                        "pid": 1597, 
                        "arguments": {
                            "p2": "4096", 
                            "p0": "6", 
                            "p1": "0x55d76a201730"
                        }
                    }, 
                    {
                        "status": "", 
                        "raw": "Thu Jul 15 17:31:14 2021.997716 chmod@7f36de1f7a17[1597] close(6) = 0\n", 
                        "api": "close", 
                        "return_value": "0", 
                        "instruction_pointer": "7f36de1f7a17", 
                        "time": 1626370274.997716, 
                        "process_name": "chmod", 
                        "pid": 1597, 
                        "arguments": {
                            "p0": "6"
                        }
                    }, 
                    {
                        "status": "ENOENT", 
                        "raw": "Thu Jul 15 17:31:14 2021.997756 chmod@7f36de1f6e81[1597] openat(AT_FDCWD, \"/usr/share/locale/en_US.UTF-8/LC_MESSAGES/coreutils.mo\", O_RDONLY) = -2 (ENOENT)\n", 
                        "api": "openat", 
                        "return_value": "-2", 
                        "instruction_pointer": "7f36de1f6e81", 
                        "time": 1626370274.997756, 
                        "process_name": "chmod", 
                        "pid": 1597, 
                        "arguments": {
                            "p2": "O_RDONLY", 
                            "p0": "AT_FDCWD", 
                            "p1": "/usr/share/locale/en_US.UTF-8/LC_MESSAGES/coreutils.mo"
                        }
                    }, 
                    {
                        "status": "ENOENT", 
                        "raw": "Thu Jul 15 17:31:14 2021.997773 chmod@7f36de1f6e81[1597] openat(AT_FDCWD, \"/usr/share/locale/en_US.utf8/LC_MESSAGES/coreutils.mo\", O_RDONLY) = -2 (ENOENT)\n", 
                        "api": "openat", 
                        "return_value": "-2", 
                        "instruction_pointer": "7f36de1f6e81", 
                        "time": 1626370274.997773, 
                        "process_name": "chmod", 
                        "pid": 1597, 
                        "arguments": {
                            "p2": "O_RDONLY", 
                            "p0": "AT_FDCWD", 
                            "p1": "/usr/share/locale/en_US.utf8/LC_MESSAGES/coreutils.mo"
                        }
                    }, 
                    {
                        "status": "ENOENT", 
                        "raw": "Thu Jul 15 17:31:14 2021.997788 chmod@7f36de1f6e81[1597] openat(AT_FDCWD, \"/usr/share/locale/en_US/LC_MESSAGES/coreutils.mo\", O_RDONLY) = -2 (ENOENT)\n", 
                        "api": "openat", 
                        "return_value": "-2", 
                        "instruction_pointer": "7f36de1f6e81", 
                        "time": 1626370274.997788, 
                        "process_name": "chmod", 
                        "pid": 1597, 
                        "arguments": {
                            "p2": "O_RDONLY", 
                            "p0": "AT_FDCWD", 
                            "p1": "/usr/share/locale/en_US/LC_MESSAGES/coreutils.mo"
                        }
                    }, 
                    {
                        "status": "ENOENT", 
                        "raw": "Thu Jul 15 17:31:14 2021.997803 chmod@7f36de1f6e81[1597] openat(AT_FDCWD, \"/usr/share/locale/en.UTF-8/LC_MESSAGES/coreutils.mo\", O_RDONLY) = -2 (ENOENT)\n", 
                        "api": "openat", 
                        "return_value": "-2", 
                        "instruction_pointer": "7f36de1f6e81", 
                        "time": 1626370274.997803, 
                        "process_name": "chmod", 
                        "pid": 1597, 
                        "arguments": {
                            "p2": "O_RDONLY", 
                            "p0": "AT_FDCWD", 
                            "p1": "/usr/share/locale/en.UTF-8/LC_MESSAGES/coreutils.mo"
                        }
                    }, 
                    {
                        "status": "ENOENT", 
                        "raw": "Thu Jul 15 17:31:14 2021.997836 chmod@7f36de1f6e81[1597] openat(AT_FDCWD, \"/usr/share/locale/en.utf8/LC_MESSAGES/coreutils.mo\", O_RDONLY) = -2 (ENOENT)\n", 
                        "api": "openat", 
                        "return_value": "-2", 
                        "instruction_pointer": "7f36de1f6e81", 
                        "time": 1626370274.997836, 
                        "process_name": "chmod", 
                        "pid": 1597, 
                        "arguments": {
                            "p2": "O_RDONLY", 
                            "p0": "AT_FDCWD", 
                            "p1": "/usr/share/locale/en.utf8/LC_MESSAGES/coreutils.mo"
                        }
                    }, 
                    {
                        "status": "ENOENT", 
                        "raw": "Thu Jul 15 17:31:14 2021.997864 chmod@7f36de1f6e81[1597] openat(AT_FDCWD, \"/usr/share/locale/en/LC_MESSAGES/coreutils.mo\", O_RDONLY) = -2 (ENOENT)\n", 
                        "api": "openat", 
                        "return_value": "-2", 
                        "instruction_pointer": "7f36de1f6e81", 
                        "time": 1626370274.997864, 
                        "process_name": "chmod", 
                        "pid": 1597, 
                        "arguments": {
                            "p2": "O_RDONLY", 
                            "p0": "AT_FDCWD", 
                            "p1": "/usr/share/locale/en/LC_MESSAGES/coreutils.mo"
                        }
                    }, 
                    {
                        "status": "ENOENT", 
                        "raw": "Thu Jul 15 17:31:14 2021.997894 chmod@7f36de1f6e81[1597] openat(AT_FDCWD, \"/usr/share/locale-langpack/en_US.UTF-8/LC_MESSAGES/coreutils.mo\", O_RDONLY) = -2 (ENOENT)\n", 
                        "api": "openat", 
                        "return_value": "-2", 
                        "instruction_pointer": "7f36de1f6e81", 
                        "time": 1626370274.997894, 
                        "process_name": "chmod", 
                        "pid": 1597, 
                        "arguments": {
                            "p2": "O_RDONLY", 
                            "p0": "AT_FDCWD", 
                            "p1": "/usr/share/locale-langpack/en_US.UTF-8/LC_MESSAGES/coreutils.mo"
                        }
                    }, 
                    {
                        "status": "ENOENT", 
                        "raw": "Thu Jul 15 17:31:14 2021.997916 chmod@7f36de1f6e81[1597] openat(AT_FDCWD, \"/usr/share/locale-langpack/en_US.utf8/LC_MESSAGES/coreutils.mo\", O_RDONLY) = -2 (ENOENT)\n", 
                        "api": "openat", 
                        "return_value": "-2", 
                        "instruction_pointer": "7f36de1f6e81", 
                        "time": 1626370274.997916, 
                        "process_name": "chmod", 
                        "pid": 1597, 
                        "arguments": {
                            "p2": "O_RDONLY", 
                            "p0": "AT_FDCWD", 
                            "p1": "/usr/share/locale-langpack/en_US.utf8/LC_MESSAGES/coreutils.mo"
                        }
                    }, 
                    {
                        "status": "ENOENT", 
                        "raw": "Thu Jul 15 17:31:14 2021.997944 chmod@7f36de1f6e81[1597] openat(AT_FDCWD, \"/usr/share/locale-langpack/en_US/LC_MESSAGES/coreutils.mo\", O_RDONLY) = -2 (ENOENT)\n", 
                        "api": "openat", 
                        "return_value": "-2", 
                        "instruction_pointer": "7f36de1f6e81", 
                        "time": 1626370274.997944, 
                        "process_name": "chmod", 
                        "pid": 1597, 
                        "arguments": {
                            "p2": "O_RDONLY", 
                            "p0": "AT_FDCWD", 
                            "p1": "/usr/share/locale-langpack/en_US/LC_MESSAGES/coreutils.mo"
                        }
                    }, 
                    {
                        "status": "ENOENT", 
                        "raw": "Thu Jul 15 17:31:14 2021.997961 chmod@7f36de1f6e81[1597] openat(AT_FDCWD, \"/usr/share/locale-langpack/en.UTF-8/LC_MESSAGES/coreutils.mo\", O_RDONLY) = -2 (ENOENT)\n", 
                        "api": "openat", 
                        "return_value": "-2", 
                        "instruction_pointer": "7f36de1f6e81", 
                        "time": 1626370274.997961, 
                        "process_name": "chmod", 
                        "pid": 1597, 
                        "arguments": {
                            "p2": "O_RDONLY", 
                            "p0": "AT_FDCWD", 
                            "p1": "/usr/share/locale-langpack/en.UTF-8/LC_MESSAGES/coreutils.mo"
                        }
                    }, 
                    {
                        "status": "ENOENT", 
                        "raw": "Thu Jul 15 17:31:14 2021.997976 chmod@7f36de1f6e81[1597] openat(AT_FDCWD, \"/usr/share/locale-langpack/en.utf8/LC_MESSAGES/coreutils.mo\", O_RDONLY) = -2 (ENOENT)\n", 
                        "api": "openat", 
                        "return_value": "-2", 
                        "instruction_pointer": "7f36de1f6e81", 
                        "time": 1626370274.997976, 
                        "process_name": "chmod", 
                        "pid": 1597, 
                        "arguments": {
                            "p2": "O_RDONLY", 
                            "p0": "AT_FDCWD", 
                            "p1": "/usr/share/locale-langpack/en.utf8/LC_MESSAGES/coreutils.mo"
                        }
                    }, 
                    {
                        "status": "", 
                        "raw": "Thu Jul 15 17:31:14 2021.997992 chmod@7f36de1f6e81[1597] openat(AT_FDCWD, \"/usr/share/locale-langpack/en/LC_MESSAGES/coreutils.mo\", O_RDONLY) = 6\n", 
                        "api": "openat", 
                        "return_value": "6", 
                        "instruction_pointer": "7f36de1f6e81", 
                        "time": 1626370274.997992, 
                        "process_name": "chmod", 
                        "pid": 1597, 
                        "arguments": {
                            "p2": "O_RDONLY", 
                            "p0": "AT_FDCWD", 
                            "p1": "/usr/share/locale-langpack/en/LC_MESSAGES/coreutils.mo"
                        }
                    }, 
                    {
                        "status": "", 
                        "raw": "Thu Jul 15 17:31:14 2021.998003 chmod@7f36de1f6893[1597] fstat(6, 0x7ffe29431d40) = 0\n", 
                        "api": "fstat", 
                        "return_value": "0", 
                        "instruction_pointer": "7f36de1f6893", 
                        "time": 1626370274.998003, 
                        "process_name": "chmod", 
                        "pid": 1597, 
                        "arguments": {
                            "p0": "6", 
                            "p1": "0x7ffe29431d40"
                        }
                    }, 
                    {
                        "status": "", 
                        "raw": "Thu Jul 15 17:31:14 2021.998013 chmod@7f36de202813[1597] mmap2(0x0, 578, PROT_READ, MAP_PRIVATE, 6, 0) = 0x7f36de700000\n", 
                        "api": "mmap2", 
                        "return_value": "0x7f36de700000", 
                        "instruction_pointer": "7f36de202813", 
                        "time": 1626370274.998013, 
                        "process_name": "chmod", 
                        "pid": 1597, 
                        "arguments": {
                            "p2": "PROT_READ", 
                            "p3": "MAP_PRIVATE", 
                            "p0": "0x0", 
                            "p1": "578", 
                            "p4": "6", 
                            "p5": "0"
                        }
                    }, 
                    {
                        "status": "", 
                        "raw": "Thu Jul 15 17:31:14 2021.998030 chmod@7f36de1f7a17[1597] close(6) = 0\n", 
                        "api": "close", 
                        "return_value": "0", 
                        "instruction_pointer": "7f36de1f7a17", 
                        "time": 1626370274.99803, 
                        "process_name": "chmod", 
                        "pid": 1597, 
                        "arguments": {
                            "p0": "6"
                        }
                    }, 
                    {
                        "status": "", 
                        "raw": "Thu Jul 15 17:31:14 2021.998054 chmod@7f36de1f7224[1597] write(2, \"/tmp/chmod: \", 12) = 12\n", 
                        "api": "write", 
                        "return_value": "12", 
                        "instruction_pointer": "7f36de1f7224", 
                        "time": 1626370274.998054, 
                        "process_name": "chmod", 
                        "pid": 1597, 
                        "arguments": {
                            "p2": "12", 
                            "p0": "2", 
                            "p1": "/tmp/chmod: "
                        }
                    }, 
                    {
                        "status": "", 
                        "raw": "Thu Jul 15 17:31:14 2021.998075 chmod@7f36de1f7224[1597] write(2, \"missing operand\", 15) = 15\n", 
                        "api": "write", 
                        "return_value": "15", 
                        "instruction_pointer": "7f36de1f7224", 
                        "time": 1626370274.998075, 
                        "process_name": "chmod", 
                        "pid": 1597, 
                        "arguments": {
                            "p2": "15", 
                            "p0": "2", 
                            "p1": "missing operand"
                        }
                    }, 
                    {
                        "status": "", 
                        "raw": "Thu Jul 15 17:31:14 2021.998087 chmod@7f36de1f7224[1597] write(2, \"\\n\", 1) = 1\n", 
                        "api": "write", 
                        "return_value": "1", 
                        "instruction_pointer": "7f36de1f7224", 
                        "time": 1626370274.998087, 
                        "process_name": "chmod", 
                        "pid": 1597, 
                        "arguments": {
                            "p2": "1", 
                            "p0": "2", 
                            "p1": "\n"
                        }
                    }, 
                    {
                        "status": "", 
                        "raw": "Thu Jul 15 17:31:14 2021.998106 chmod@7f36de1f7224[1597] write(2, \"Try '/tmp/chmod --help' for more information.\\n\", 46) = 46\n", 
                        "api": "write", 
                        "return_value": "46", 
                        "instruction_pointer": "7f36de1f7224", 
                        "time": 1626370274.998106, 
                        "process_name": "chmod", 
                        "pid": 1597, 
                        "arguments": {
                            "p2": "46", 
                            "p0": "2", 
                            "p1": "Try '/tmp/chmod --help' for more information.\n"
                        }
                    }, 
                    {
                        "status": "", 
                        "raw": "Thu Jul 15 17:31:14 2021.998119 chmod@7f36de1f7a17[1597] close(1) = 0\n", 
                        "api": "close", 
                        "return_value": "0", 
                        "instruction_pointer": "7f36de1f7a17", 
                        "time": 1626370274.998119, 
                        "process_name": "chmod", 
                        "pid": 1597, 
                        "arguments": {
                            "p0": "1"
                        }
                    }, 
                    {
                        "status": "", 
                        "raw": "Thu Jul 15 17:31:14 2021.998127 chmod@7f36de1f7a17[1597] close(2) = 0\n", 
                        "api": "close", 
                        "return_value": "0", 
                        "instruction_pointer": "7f36de1f7a17", 
                        "time": 1626370274.998127, 
                        "process_name": "chmod", 
                        "pid": 1597, 
                        "arguments": {
                            "p0": "2"
                        }
                    }, 
                    {
                        "status": "", 
                        "raw": "Thu Jul 15 17:31:14 2021.998137 chmod@7f36de1cbbd6[1597] exit_group(1)\n", 
                        "api": "exit_group", 
                        "return_value": "", 
                        "instruction_pointer": "7f36de1cbbd6", 
                        "time": 1626370274.998137, 
                        "process_name": "chmod", 
                        "pid": 1597, 
                        "arguments": {
                            "p0": "1"
                        }
                    }
                ], 
                "pid": 1597, 
                "process_name": "chmod", 
                "command_line": "/tmp/chmod", 
                "first_seen": 1626370274.99679, 
                "ppid": 1596, 
                "type": "process"
            }
        ], 
        "processtree": [
            {
                "track": true, 
                "pid": 1597, 
                "process_name": "chmod", 
                "command_line": "/tmp/chmod", 
                "first_seen": 1626370274.99679, 
                "ppid": 1596, 
                "children": []
            }
        ]
    }, 
    "debug": {
        "action": [], 
        "dbgview": [], 
        "errors": [], 
        "log": [
            "2021-07-15 19:31:11,016 [root] DEBUG: Starting analyzer from: /tmpaXhPCk\n", 
            "2021-07-15 19:31:11,017 [root] DEBUG: Storing results at: /tmp/tUZqgA\n", 
            "2021-07-15 19:31:11,017 [root] DEBUG: BIANCA DEBUG: \n", 
            "2021-07-15 19:31:11,017 [root] DEBUG: No analysis package specified, trying to detect it automagically.\n", 
            "2021-07-15 19:31:11,017 [root] INFO: Automatically selected analysis package \"generic\"\n", 
            "2021-07-15 19:31:11,046 [root] DEBUG: Bianca DEBUG[<class 'modules.auxiliary.stap.STAP'>]\n", 
            "2021-07-15 19:31:11,052 [modules.auxiliary.stap] WARNING: BIANCA DEBUG: IT GOT TO STAP INIT\n", 
            "2021-07-15 19:31:11,053 [modules.auxiliary.stap] WARNING: BIANCA DEBUG: STAP STARTEDDDDDDDDDDDD\n", 
            "2021-07-15 19:31:11,058 [modules.auxiliary.stap] WARNING: BIANCAAAA stap path: /root/.cuckoo/stap_.ko\n", 
            "2021-07-15 19:31:11,059 [modules.auxiliary.stap] WARNING: HELLO DARKNESS MY OLD FRIENDDD\n", 
            "2021-07-15 19:31:11,062 [modules.auxiliary.stap] WARNING: IT STARTED NOW NOW NOW\n", 
            "2021-07-15 19:31:14,992 [modules.auxiliary.stap] DEBUG: STAP aux module startup took 3.93 seconds\n", 
            "2021-07-15 19:31:14,992 [root] DEBUG: Started auxiliary module STAP\n", 
            "2021-07-15 19:31:14,994 [root] INFO: Added new process to list with pid: 1596\n", 
            "2021-07-15 19:31:15,997 [root] INFO: Process with pid 1596 has terminated\n", 
            "2021-07-15 19:31:15,997 [root] INFO: Process list is empty, terminating analysis.\n", 
            "2021-07-15 19:31:17,001 [modules.auxiliary.stap] DEBUG: stap subprocess retval None\n", 
            "2021-07-15 19:31:17,002 [modules.auxiliary.stap] DEBUG: BIANCA SEND FILE FROM STRAP: stap.log -> logs/all.stap\n", 
            "2021-07-15 19:31:17,009 [root] INFO: Analysis completed.\n"
        ], 
        "cuckoo": [
            "2021-07-15 19:31:12,039 [cuckoo.core.scheduler] INFO: Task #25: acquired machine cuc (label=cuc)\n", 
            "2021-07-15 19:31:12,040 [cuckoo.core.resultserver] DEBUG: Now tracking machine 192.168.56.101 for task #25\n", 
            "2021-07-15 19:31:12,040 [cuckoo.core.plugins] DEBUG: Started auxiliary module: Replay\n", 
            "2021-07-15 19:31:12,045 [cuckoo.auxiliary.sniffer] INFO: Started sniffer with PID 26663 (interface=vboxnet0, host=192.168.56.101)\n", 
            "2021-07-15 19:31:12,046 [cuckoo.core.plugins] DEBUG: Started auxiliary module: Sniffer\n", 
            "2021-07-15 19:31:12,185 [cuckoo.machinery.virtualbox] DEBUG: Starting vm cuc\n", 
            "2021-07-15 19:31:12,366 [cuckoo.machinery.virtualbox] DEBUG: Restoring virtual machine cuc to final_3\n", 
            "2021-07-15 19:31:18,952 [cuckoo.core.guest] INFO: Starting analysis #25 on guest (id=cuc, ip=192.168.56.101)\n", 
            "2021-07-15 19:31:19,955 [cuckoo.core.guest] DEBUG: cuc: not ready yet\n", 
            "2021-07-15 19:31:20,958 [cuckoo.core.guest] DEBUG: cuc: not ready yet\n", 
            "2021-07-15 19:31:21,962 [cuckoo.core.guest] DEBUG: cuc: not ready yet\n", 
            "2021-07-15 19:31:21,969 [cuckoo.core.guest] INFO: Guest is running Cuckoo Agent 0.10 (id=cuc, ip=192.168.56.101)\n", 
            "2021-07-15 19:31:21,976 [cuckoo.core.guest] DEBUG: Uploading analyzer to guest (id=cuc, ip=192.168.56.101, monitor=latest, size=31337)\n", 
            "2021-07-15 19:31:22,173 [cuckoo.core.resultserver] DEBUG: Task #25: live log analysis.log initialized.\n", 
            "2021-07-15 19:31:27,164 [cuckoo.core.guest] DEBUG: cuc: analysis #25 still processing\n", 
            "2021-07-15 19:31:28,189 [cuckoo.core.resultserver] DEBUG: Task #25: File upload for 'logs/all.stap'\n", 
            "2021-07-15 19:31:28,194 [cuckoo.core.resultserver] DEBUG: Task #25 uploaded file length: 12794\n", 
            "2021-07-15 19:31:32,194 [cuckoo.core.guest] DEBUG: cuc: analysis #25 still processing\n", 
            "2021-07-15 19:31:37,227 [cuckoo.core.guest] DEBUG: cuc: analysis #25 still processing\n", 
            "2021-07-15 19:31:42,256 [cuckoo.core.guest] DEBUG: cuc: analysis #25 still processing\n", 
            "2021-07-15 19:31:47,282 [cuckoo.core.guest] DEBUG: cuc: analysis #25 still processing\n", 
            "2021-07-15 19:31:52,310 [cuckoo.core.guest] DEBUG: cuc: analysis #25 still processing\n", 
            "2021-07-15 19:31:57,338 [cuckoo.core.guest] DEBUG: cuc: analysis #25 still processing\n", 
            "2021-07-15 19:32:02,366 [cuckoo.core.guest] DEBUG: cuc: analysis #25 still processing\n", 
            "2021-07-15 19:32:07,394 [cuckoo.core.guest] DEBUG: cuc: analysis #25 still processing\n", 
            "2021-07-15 19:32:12,421 [cuckoo.core.guest] DEBUG: cuc: analysis #25 still processing\n", 
            "2021-07-15 19:32:17,447 [cuckoo.core.guest] DEBUG: cuc: analysis #25 still processing\n", 
            "2021-07-15 19:32:22,475 [cuckoo.core.guest] DEBUG: cuc: analysis #25 still processing\n", 
            "2021-07-15 19:32:27,502 [cuckoo.core.guest] DEBUG: cuc: analysis #25 still processing\n", 
            "2021-07-15 19:32:32,530 [cuckoo.core.guest] DEBUG: cuc: analysis #25 still processing\n", 
            "2021-07-15 19:32:37,558 [cuckoo.core.guest] DEBUG: cuc: analysis #25 still processing\n", 
            "2021-07-15 19:32:42,587 [cuckoo.core.guest] DEBUG: cuc: analysis #25 still processing\n", 
            "2021-07-15 19:32:47,614 [cuckoo.core.guest] DEBUG: cuc: analysis #25 still processing\n", 
            "2021-07-15 19:32:52,643 [cuckoo.core.guest] DEBUG: cuc: analysis #25 still processing\n", 
            "2021-07-15 19:32:57,670 [cuckoo.core.guest] DEBUG: cuc: analysis #25 still processing\n", 
            "2021-07-15 19:33:02,698 [cuckoo.core.guest] DEBUG: cuc: analysis #25 still processing\n", 
            "2021-07-15 19:33:07,726 [cuckoo.core.guest] DEBUG: cuc: analysis #25 still processing\n", 
            "2021-07-15 19:33:12,753 [cuckoo.core.guest] DEBUG: cuc: analysis #25 still processing\n", 
            "2021-07-15 19:33:17,781 [cuckoo.core.guest] DEBUG: cuc: analysis #25 still processing\n", 
            "2021-07-15 19:33:22,809 [cuckoo.core.guest] DEBUG: cuc: analysis #25 still processing\n", 
            "2021-07-15 19:33:27,836 [cuckoo.core.guest] DEBUG: cuc: analysis #25 still processing\n", 
            "2021-07-15 19:33:32,864 [cuckoo.core.guest] DEBUG: cuc: analysis #25 still processing\n", 
            "2021-07-15 19:33:37,891 [cuckoo.core.guest] DEBUG: cuc: analysis #25 still processing\n", 
            "2021-07-15 19:33:42,919 [cuckoo.core.guest] DEBUG: cuc: analysis #25 still processing\n", 
            "2021-07-15 19:33:47,946 [cuckoo.core.guest] DEBUG: cuc: analysis #25 still processing\n", 
            "2021-07-15 19:33:52,975 [cuckoo.core.guest] DEBUG: "
        ]
    }, 
    "strings": [
        "/lib64/ld-linux-x86-64.so.2", 
        "libc.so.6", 
        "fflush", 
        "__printf_chk", 
        "readdir", 
        "setlocale", 
        "mbrtowc", 
        "strncmp", 
        "optind", 
        "strrchr", 
        "dcgettext", 
        "closedir", 
        "fchdir", 
        "__stack_chk_fail", 
        "__lxstat", 
        "iswprint", 
        "realloc", 
        "fstatfs", 
        "program_invocation_name", 
        "__assert_fail", 
        "__ctype_get_mb_cur_max", 
        "fts_close", 
        "calloc", 
        "strlen", 
        "ungetc", 
        "memset", 
        "__errno_location", 
        "memcmp", 
        "fchmodat", 
        "__fprintf_chk", 
        "stdout", 
        "fts_read", 
        "memcpy", 
        "fclose", 
        "malloc", 
        "fdopendir", 
        "mbsinit", 
        "__uflow", 
        "nl_langinfo", 
        "__ctype_b_loc", 
        "getenv", 
        "fts_set", 
        "optarg", 
        "__freading", 
        "stderr", 
        "fscanf", 
        "getopt_long", 
        "__fxstat", 
        "fileno", 
        "fwrite", 
        "__fpending", 
        "program_invocation_short_name", 
        "fdopen", 
        "__cxa_finalize", 
        "fts_open", 
        "openat", 
        "__xstat", 
        "memmove", 
        "bindtextdomain", 
        "__fxstatat", 
        "fts_children", 
        "strcmp", 
        "__libc_start_main", 
        "fseeko", 
        "fputs_unlocked", 
        "__progname", 
        "__progname_full", 
        "__cxa_atexit", 
        "quote_quoting_options", 
        "Version", 
        "_IO_stdin_used", 
        "quoting_style_vals", 
        "quoting_style_args", 
        "exit_failure", 
        "program_name", 
        "version_etc_copyright", 
        "GLIBC_2.3", 
        "GLIBC_2.3.4", 
        "GLIBC_2.14", 
        "GLIBC_2.4", 
        "GLIBC_2.2.5", 
        "_ITM_deregisterTMCloneTable", 
        "__gmon_start__", 
        "_ITM_registerTMCloneTable", 
        "AWAVE1", 
        "AUATE1", 
        "L9D$8vnH", 
        "[]A\\A]A^A_", 
        "D$(u-H", 
        "[]A\\A]A^A_", 
        "AWAVLc", 
        "[]A\\A]A^A_", 
        "8[]A\\A]A^A_", 
        "8[]A\\A]A^A_", 
        "L$8dH3", 
        "T$8dH3", 
        "t$8dH34%(", 
        "L$8dH3", 
        ")D$ t2H", 
        "|$8dH3<%(", 
        "AWAVAUATM", 
        "AQAUATAWAVL", 
        "([]A\\A]A^A_", 
        "[]A\\A]A^A_H", 
        "[]A\\A]A^A_1", 
        "[]A\\A]A^A_", 
        "([]A\\A]A^A_", 
        "ATAWAVL", 
        "([]A\\A]A^A_", 
        "AUATAWAVL", 
        "D$XdH3", 
        "D$xdH3", 
        "TUUUUUUUI", 
        "SUUUUUUUH9", 
        "[]A\\A]", 
        "[]A\\A]", 
        "[]A\\A]", 
        "t4~%H=OAFSt*H=BSFXt-H=sIeRt%", 
        "dH3<%(", 
        "[]A\\A]A^A_", 
        "Sp[]A\\", 
        "H91tKH", 
        "AUATUSH", 
        "H;\\$8H", 
        "U H;T$(", 
        "M0H+L$", 
        "H;\\$8L", 
        "h[]A\\A]A^A_", 
        "[]A\\A]A^A_", 
        "AWAVAUATUSH", 
        "[]A\\A]A^A_", 
        "AVAUATUSH", 
        "]A\\A]A^", 
        "]A\\A]A^", 
        "[]A\\A]A^", 
        "AVAUATUA", 
        "[]A\\A]A^", 
        "]A\\A]A^", 
        "]A\\A]A^", 
        "[]A\\A]", 
        "t9[]A\\", 
        "]A\\A]A^", 
        "[]A\\A]A^", 
        "]A\\A]A^", 
        "AWAVAUATUSH", 
        "[]A\\A]A^A_", 
        "[]A\\A]A^A_", 
        "[]A\\A]H", 
        "AWAVAUATUSH", 
        "[]A\\A]A^A_", 
        "[]A\\A]A^A_", 
        "L$XdH3", 
        "AUATUSH", 
        "[]A\\A]", 
        "AUATUSH", 
        "[]A\\A]A^A_", 
        "charset.", 
        "aliafA", 
        "dH34%(", 
        "AUATUS", 
        "[]A\\A]", 
        "u0[]A\\", 
        "G H9G(u", 
        "[]A\\A]A^A_", 
        "test invocation", 
        "Multi-call invocation", 
        "sha224sum", 
        "sha2 utilities", 
        "sha256sum", 
        "sha384sum", 
        "sha512sum", 
        "%s online help: <%s>", 
        "GNU coreutils", 
        "/usr/share/locale", 
        "Jim Meyering", 
        "David MacKenzie", 
        "missing operand", 
        "missing operand after %s", 
        "invalid mode: %s", 
        "fts_read failed", 
        "cannot access %s", 
        "cannot read directory %s", 
        "changing permissions of %s", 
        "getting new attributes of %s", 
        "fts_close failed", 
        "changes", 
        "recursive", 
        "no-preserve-root", 
        "reference", 
        "silent", 
        "verbose", 
        "version", 
        "Try '%s --help' for more information.", 
        "Usage: %s [OPTION]... MODE[,MODE]... FILE...", 
        "  or:  %s [OPTION]... OCTAL-MODE FILE...", 
        "  or:  %s [OPTION]... --reference=RFILE FILE...", 
        "Change the mode of each FILE to MODE.", 
        "With --reference, change the mode of each FILE to that of RFILE.", 
        "  -c, --changes          like verbose but report only when a change is made", 
        "  -f, --silent, --quiet  suppress most error messages", 
        "  -v, --verbose          output a diagnostic for every file processed", 
        "      --no-preserve-root  do not treat '/' specially (the default)", 
        "      --preserve-root    fail to operate recursively on '/'", 
        "      --reference=RFILE  use RFILE's mode instead of MODE values", 
        "  -R, --recursive        change files and directories recursively", 
        "      --help     display this help and exit", 
        "      --version  output version information and exit", 
        "Each MODE is of the form '[ugoa]*([-+=]([rwxXst]*|[ugo]))+|[-+=][0-7]+'.", 
        "http://www.gnu.org/software/coreutils/", 
        "Report %s translation bugs to <http://translationproject.org/team/>", 
        "Full documentation at: <%s%s>", 
        "or available locally via: info '(coreutils) %s%s'", 
        "Rcfvr::w::x::X::s::t::u::g::o::a::,::+::=::0::1::2::3::4::5::6::7::", 
        "cannot combine mode and --reference options", 
        "failed to get attributes of %s", 
        "cannot operate on dangling symlink %s", 
        "WARNING: Circular directory structure.", 
        "This almost certainly means that you have a corrupted file system.", 
        "NOTIFY YOUR SYSTEM MANAGER.", 
        "The following directory is part of the cycle:", 
        "it is dangerous to operate recursively on %s", 
        "it is dangerous to operate recursively on %s (same as %s)", 
        "use --no-preserve-root to override this failsafe", 
        "%s: new permissions are %s, not %s", 
        "mode of %s changed from %04lo (%s) to %04lo (%s)", 
        "neither symbolic link %s nor referent has been changed", 
        "failed to change mode of %s from %04lo (%s) to %04lo (%s)", 
        "mode of %s retained as %04lo (%s)", 
        "write error", 
        "%s: %s", 
        "A NULL argv[0] was passed through an exec system call.", 
        "/.libs/", 
        "literal", 
        "shell-always", 
        "shell-escape", 
        "shell-escape-always", 
        "c-maybe", 
        "clocale", 
        "%s (%s) %s", 
        "Written by %s.", 
        "Written by %s and %s.", 
        "Written by %s, %s, and %s.", 
        "Report bugs to: %s", 
        "bug-coreutils@gnu.org", 
        "%s home page: <%s>", 
        "License GPLv3+: GNU GPL version 3 or later <http://gnu.org/licenses/gpl.html>.", 
        "This is free software: you are free to change and redistribute it.", 
        "There is NO WARRANTY, to the extent permitted by law.", 
        "Written by %s, %s, %s,", 
        "and %s.", 
        "Written by %s, %s, %s,", 
        "%s, and %s.", 
        "Written by %s, %s, %s,", 
        "%s, %s, and %s.", 
        "Written by %s, %s, %s,", 
        "%s, %s, %s, and %s.", 
        "Written by %s, %s, %s,", 
        "%s, %s, %s, %s,", 
        "and %s.", 
        "Written by %s, %s, %s,", 
        "%s, %s, %s, %s,", 
        "%s, and %s.", 
        "Written by %s, %s, %s,", 
        "%s, %s, %s, %s,", 
        "%s, %s, and others.", 
        "General help using GNU software: <http://www.gnu.org/gethelp/>", 
        "Copyright %s %d Free Software Foundation, Inc.", 
        "memory exhausted", 
        "lib/xfts.c", 
        "errno != EINVAL", 
        "xfts_open", 
        "lib/cycle-check.c", 
        "state->magic == 9827862", 
        "cycle_check", 
        "# entries:         %lu", 
        "# buckets:         %lu", 
        "max bucket length: %lu", 
        "# buckets used:    %lu (%.2f%%)", 
        "Y@ASCII", 
        "/usr/lib/x86_64-linux-gnu", 
        "CHARSETALIASDIR", 
        "%50s %50s", 
        "48550168819da128c8b6b01166adedf187e7ae.debug", 
        ".shstrtab", 
        ".interp", 
        ".note.ABI-tag", 
        ".note.gnu.build-id", 
        ".gnu.hash", 
        ".dynsym", 
        ".dynstr", 
        ".gnu.version", 
        ".gnu.version_r", 
        ".rela.dyn", 
        ".rela.plt", 
        ".plt.got", 
        ".rodata", 
        ".eh_frame_hdr", 
        ".eh_frame", 
        ".init_array", 
        ".fini_array", 
        ".data.rel.ro", 
        ".dynamic", 
        ".gnu_debuglink"
    ], 
    "metadata": {
        "output": {
            "pcap": {
                "basename": "dump.pcap", 
                "sha256": "2ec4d4c6fe2d71b4bcb437ca09748b57e600161406207dec7a808c2c885fe022", 
                "dirname": ""
            }
        }
    }
}