{"started_on": {"$dt": "2021-07-15T19:53:08.836599"}, "duration": 199, "sample_id": 26, "owner": null, "id": 29, "category": "file", "priority": 1, "guest": {"status": "stopped", "name": "cuc", "label": "cuc", "manager": "VirtualBox", "started_on": "2021-07-15 19:53:09", "shutdown_on": "2021-07-15 19:56:28"}, "clock": {"$dt": "2021-07-15T19:53:08.681079"}, "custom": null, "machine": null, "platform": null, "memory": false, "status": "completed", "tags": [], "processing": null, "enforce_timeout": false, "completed_on": {"$dt": "2021-07-15T19:56:28.720699"}, "target": "/home/cuckoo/Desktop/apps/bin/cpio", "package": "", "route": "none", "timeout": 0, "submit_id": null, "options": {}, "added_on": {"$dt": "2021-07-15T19:53:08.681094"}}