{"started_on": {"$dt": "2021-07-15T16:36:45.067035"}, "duration": 208, "sample_id": 7, "owner": null, "id": 8, "category": "file", "priority": 2, "guest": {"status": "stopped", "name": "cuc", "label": "cuc", "manager": "VirtualBox", "started_on": "2021-07-15 16:36:45", "shutdown_on": "2021-07-15 16:40:13"}, "clock": {"$dt": "2021-07-15T16:36:44.666876"}, "custom": null, "machine": null, "platform": "linux", "memory": false, "status": "completed", "tags": [], "processing": null, "enforce_timeout": false, "completed_on": {"$dt": "2021-07-15T16:40:13.683884"}, "target": "/tmp/cuckoo-tmp-cuckoo/tmpSGQy8H/notepad.sh", "package": "generic", "route": "none", "timeout": 120, "submit_id": 8, "options": {"procmemdump": "yes", "route": "none"}, "added_on": {"$dt": "2021-07-15T16:36:44.666899"}}