{"started_on": {"$dt": "2021-07-15T21:13:00.244267"}, "duration": 193, "sample_id": 42, "owner": null, "id": 45, "category": "file", "priority": 1, "guest": {"status": "stopped", "name": "cuc", "label": "cuc", "manager": "VirtualBox", "started_on": "2021-07-15 21:13:00", "shutdown_on": "2021-07-15 21:16:13"}, "clock": {"$dt": "2021-07-15T21:12:59.442932"}, "custom": null, "machine": null, "platform": null, "memory": false, "status": "completed", "tags": [], "processing": null, "enforce_timeout": false, "completed_on": {"$dt": "2021-07-15T21:16:14.008679"}, "target": "/home/cuckoo/Desktop/apps/bin/fusermount", "package": "", "route": "none", "timeout": 0, "submit_id": null, "options": {}, "added_on": {"$dt": "2021-07-15T21:12:59.442948"}}