{
    "info": {
        "added": 1626383817.469489, 
        "started": 1626383818.150479, 
        "duration": 192, 
        "ended": 1626384011.148291, 
        "owner": null, 
        "score": 0.0, 
        "id": 46, 
        "category": "file", 
        "git": {
            "head": "13cbe0d9e457be3673304533043e992ead1ea9b2", 
            "fetch_head": "13cbe0d9e457be3673304533043e992ead1ea9b2"
        }, 
        "monitor": "2deb9ccd75d5a7a3fe05b2625b03a8639d6ee36b", 
        "package": "", 
        "route": "none", 
        "custom": null, 
        "machine": {
            "status": "stopped", 
            "name": "cuc", 
            "label": "cuc", 
            "manager": "VirtualBox", 
            "started_on": "2021-07-15 21:16:58", 
            "shutdown_on": "2021-07-15 21:20:10"
        }, 
        "platform": null, 
        "version": "2.0.7", 
        "options": ""
    }, 
    "signatures": [], 
    "target": {
        "category": "file", 
        "file": {
            "yara": [], 
            "sha1": "84de92ecb58117c97b32ea3b110954ac2b568279", 
            "name": "getfacl", 
            "type": "ELF 64-bit LSB shared object, x86-64, version 1 (SYSV), dynamically linked, interpreter /lib64/ld-linux-x86-64.so.2, for GNU/Linux 2.6.32, BuildID[sha1]=811a29e12aa81ff90bd97b32c1d1dc99eaee4a36, stripped", 
            "sha256": "a415d723dff6a968dd7b497fd74501ff762b92fc648231e0c4bedc4e8a825257", 
            "urls": [], 
            "crc32": "692061AE", 
            "path": "/home/cuckoo/.cuckoo/storage/binaries/a415d723dff6a968dd7b497fd74501ff762b92fc648231e0c4bedc4e8a825257", 
            "ssdeep": null, 
            "size": 23160, 
            "sha512": "e5367d9678e04b07efe38f35d66027fae0ce20604324e0f0167579eb0c5389f74f16a5837a74c4263c7be9bdfafdde42cf2cbfcba98e39850c72e2da5bf8949b", 
            "md5": "b82a6d48d6cf95db2032c5df130d20e2"
        }
    }, 
    "network": {
        "tls": [], 
        "udp": [
            {
                "src": "192.168.56.101", 
                "dst": "224.0.0.251", 
                "offset": 234, 
                "time": 0.3587040901184082, 
                "dport": 5353, 
                "sport": 5353
            }
        ], 
        "dns_servers": [
            "224.0.0.251"
        ], 
        "http": [], 
        "icmp": [], 
        "smtp": [], 
        "tcp": [], 
        "smtp_ex": [], 
        "mitm": [], 
        "hosts": [], 
        "pcap_sha256": "3032ddc00530d051febccb7bbd8e9c22712d01ab74fbe13ac801c9082b5a5530", 
        "dns": [
            {
                "type": "PTR", 
                "request": "_sane-port._tcp.local", 
                "answers": []
            }, 
            {
                "type": "PTR", 
                "request": "_ipps._tcp.local", 
                "answers": []
            }
        ], 
        "http_ex": [], 
        "domains": [
            {
                "ip": "", 
                "domain": "_ipps._tcp.local"
            }, 
            {
                "ip": "", 
                "domain": "_sane-port._tcp.local"
            }
        ], 
        "dead_hosts": [], 
        "sorted_pcap_sha256": "e4b29e071967fd9d167e523a56f1bf7c74937cd7db1e6f760fba76d8dddfdab8", 
        "irc": [], 
        "https_ex": []
    }, 
    "behavior": {
        "generic": [
            {
                "process_path": null, 
                "process_name": "getfacl", 
                "pid": 1596, 
                "summary": {}, 
                "first_seen": 1626376620.926292, 
                "ppid": 1595
            }
        ], 
        "processes": [
            {
                "calls": [
                    {
                        "status": "", 
                        "raw": "Thu Jul 15 19:17:00 2021.926292 getfacl@7ff4c6d780a9[1596] execve(\"/tmp/getfacl\", [\"/tmp/getfacl\"], [\"LC_TIME=de_CH.UTF-8\", \"HOME=/root\", \"LC_MONETARY=de_CH.UTF-8\", \"LOGNAME=root\", \"PATH=/usr/bin:/bin\", \"LC_ADDRESS=de_CH.UTF-8\", \"LANG=en_US.UTF-8\", \"LC_TELEPHONE=de_CH.UTF-8\", \"LC_NAME=de_CH.UTF-8\", \"SHELL=/bin/sh\", \"LC_MEASUREMENT=de_CH.UTF-8\", \"LC_IDENTIFICATION=de_CH.UTF-8\", \"PWD=/tmpxc7rAf\", \"LC_NUMERIC=de_CH.UTF-8\", \"LC_PAPER=de_CH.UTF-8\"])\n", 
                        "api": "execve", 
                        "return_value": "", 
                        "instruction_pointer": "7ff4c6d780a9", 
                        "time": 1626376620.926292, 
                        "process_name": "getfacl", 
                        "pid": 1596, 
                        "arguments": {
                            "p2": [
                                "LC_TIME=de_CH.UTF-8", 
                                "HOME=/root", 
                                "LC_MONETARY=de_CH.UTF-8", 
                                "LOGNAME=root", 
                                "PATH=/usr/bin:/bin", 
                                "LC_ADDRESS=de_CH.UTF-8", 
                                "LANG=en_US.UTF-8", 
                                "LC_TELEPHONE=de_CH.UTF-8", 
                                "LC_NAME=de_CH.UTF-8", 
                                "SHELL=/bin/sh", 
                                "LC_MEASUREMENT=de_CH.UTF-8", 
                                "LC_IDENTIFICATION=de_CH.UTF-8", 
                                "PWD=/tmpxc7rAf", 
                                "LC_NUMERIC=de_CH.UTF-8", 
                                "LC_PAPER=de_CH.UTF-8"
                            ], 
                            "p0": "/tmp/getfacl", 
                            "p1": [
                                "/tmp/getfacl"
                            ]
                        }
                    }, 
                    {
                        "status": "", 
                        "raw": "Thu Jul 15 19:17:00 2021.926621 getfacl@7ff4c6d780a9[1596] brk(0x0) = 94562415370240\n", 
                        "api": "brk", 
                        "return_value": "94562415370240", 
                        "instruction_pointer": "7ff4c6d780a9", 
                        "time": 1626376620.926621, 
                        "process_name": "getfacl", 
                        "pid": 1596, 
                        "arguments": {
                            "p0": "0x0"
                        }
                    }, 
                    {
                        "status": "ENOENT", 
                        "raw": "Thu Jul 15 19:17:00 2021.926656 getfacl@7ff4c6d6b96e[1596] access(\"/etc/ld.so.nohwcap\", F_OK) = -2 (ENOENT)\n", 
                        "api": "access", 
                        "return_value": "-2", 
                        "instruction_pointer": "7ff4c6d6b96e", 
                        "time": 1626376620.926656, 
                        "process_name": "getfacl", 
                        "pid": 1596, 
                        "arguments": {
                            "p0": "/etc/ld.so.nohwcap", 
                            "p1": "F_OK"
                        }
                    }, 
                    {
                        "status": "ENOENT", 
                        "raw": "Thu Jul 15 19:17:00 2021.926679 getfacl@7ff4c6d79007[1596] access(0x7ff4c6d81880, R_OK) = -2 (ENOENT)\n", 
                        "api": "access", 
                        "return_value": "-2", 
                        "instruction_pointer": "7ff4c6d79007", 
                        "time": 1626376620.926679, 
                        "process_name": "getfacl", 
                        "pid": 1596, 
                        "arguments": {
                            "p0": "0x7ff4c6d81880", 
                            "p1": "R_OK"
                        }
                    }, 
                    {
                        "status": "", 
                        "raw": "Thu Jul 15 19:17:00 2021.926698 getfacl@7ff4c6d78ebd[1596] openat(AT_FDCWD, \"/etc/ld.so.cache\", O_RDONLY|O_CLOEXEC) = 6\n", 
                        "api": "openat", 
                        "return_value": "6", 
                        "instruction_pointer": "7ff4c6d78ebd", 
                        "time": 1626376620.926698, 
                        "process_name": "getfacl", 
                        "pid": 1596, 
                        "arguments": {
                            "p2": "O_RDONLY|O_CLOEXEC", 
                            "p0": "AT_FDCWD", 
                            "p1": "/etc/ld.so.cache"
                        }
                    }, 
                    {
                        "status": "", 
                        "raw": "Thu Jul 15 19:17:00 2021.926712 getfacl@7ff4c6d78e23[1596] fstat(6, 0x7ffec9622cd0) = 0\n", 
                        "api": "fstat", 
                        "return_value": "0", 
                        "instruction_pointer": "7ff4c6d78e23", 
                        "time": 1626376620.926712, 
                        "process_name": "getfacl", 
                        "pid": 1596, 
                        "arguments": {
                            "p0": "6", 
                            "p1": "0x7ffec9622cd0"
                        }
                    }, 
                    {
                        "status": "", 
                        "raw": "Thu Jul 15 19:17:00 2021.926724 getfacl@7ff4c6d79123[1596] mmap2(0x0, 85414, PROT_READ, MAP_PRIVATE, 6, 0) = 0x7ff4c6f70000\n", 
                        "api": "mmap2", 
                        "return_value": "0x7ff4c6f70000", 
                        "instruction_pointer": "7ff4c6d79123", 
                        "time": 1626376620.926724, 
                        "process_name": "getfacl", 
                        "pid": 1596, 
                        "arguments": {
                            "p2": "PROT_READ", 
                            "p3": "MAP_PRIVATE", 
                            "p0": "0x0", 
                            "p1": "85414", 
                            "p4": "6", 
                            "p5": "0"
                        }
                    }, 
                    {
                        "status": "", 
                        "raw": "Thu Jul 15 19:17:00 2021.926736 getfacl@7ff4c6d790b7[1596] close(6) = 0\n", 
                        "api": "close", 
                        "return_value": "0", 
                        "instruction_pointer": "7ff4c6d790b7", 
                        "time": 1626376620.926736, 
                        "process_name": "getfacl", 
                        "pid": 1596, 
                        "arguments": {
                            "p0": "6"
                        }
                    }, 
                    {
                        "status": "ENOENT", 
                        "raw": "Thu Jul 15 19:17:00 2021.926750 getfacl@7ff4c6d742d9[1596] access(\"/etc/ld.so.nohwcap\", F_OK) = -2 (ENOENT)\n", 
                        "api": "access", 
                        "return_value": "-2", 
                        "instruction_pointer": "7ff4c6d742d9", 
                        "time": 1626376620.92675, 
                        "process_name": "getfacl", 
                        "pid": 1596, 
                        "arguments": {
                            "p0": "/etc/ld.so.nohwcap", 
                            "p1": "F_OK"
                        }
                    }, 
                    {
                        "status": "", 
                        "raw": "Thu Jul 15 19:17:00 2021.926767 getfacl@7ff4c6d78ebd[1596] openat(AT_FDCWD, \"/lib/x86_64-linux-gnu/libacl.so.1\", O_RDONLY|O_CLOEXEC) = 6\n", 
                        "api": "openat", 
                        "return_value": "6", 
                        "instruction_pointer": "7ff4c6d78ebd", 
                        "time": 1626376620.926767, 
                        "process_name": "getfacl", 
                        "pid": 1596, 
                        "arguments": {
                            "p2": "O_RDONLY|O_CLOEXEC", 
                            "p0": "AT_FDCWD", 
                            "p1": "/lib/x86_64-linux-gnu/libacl.so.1"
                        }
                    }, 
                    {
                        "status": "", 
                        "raw": "Thu Jul 15 19:17:00 2021.926779 getfacl@7ff4c6d78f84[1596] read(6, 0x7ffec9622e98, 832) = 832\n", 
                        "api": "read", 
                        "return_value": "832", 
                        "instruction_pointer": "7ff4c6d78f84", 
                        "time": 1626376620.926779, 
                        "process_name": "getfacl", 
                        "pid": 1596, 
                        "arguments": {
                            "p2": "832", 
                            "p0": "6", 
                            "p1": "0x7ffec9622e98"
                        }
                    }, 
                    {
                        "status": "", 
                        "raw": "Thu Jul 15 19:17:00 2021.926790 getfacl@7ff4c6d78e23[1596] fstat(6, 0x7ffec9622d30) = 0\n", 
                        "api": "fstat", 
                        "return_value": "0", 
                        "instruction_pointer": "7ff4c6d78e23", 
                        "time": 1626376620.92679, 
                        "process_name": "getfacl", 
                        "pid": 1596, 
                        "arguments": {
                            "p0": "6", 
                            "p1": "0x7ffec9622d30"
                        }
                    }, 
                    {
                        "status": "", 
                        "raw": "Thu Jul 15 19:17:00 2021.926800 getfacl@7ff4c6d79123[1596] mmap2(0x0, 8192, PROT_READ|PROT_WRITE, MAP_PRIVATE|MAP_ANONYMOUS, -1, 0) = 0x7ff4c6f6e000\n", 
                        "api": "mmap2", 
                        "return_value": "0x7ff4c6f6e000", 
                        "instruction_pointer": "7ff4c6d79123", 
                        "time": 1626376620.9268, 
                        "process_name": "getfacl", 
                        "pid": 1596, 
                        "arguments": {
                            "p2": "PROT_READ|PROT_WRITE", 
                            "p3": "MAP_PRIVATE|MAP_ANONYMOUS", 
                            "p0": "0x0", 
                            "p1": "8192", 
                            "p4": "-1", 
                            "p5": "0"
                        }
                    }, 
                    {
                        "status": "", 
                        "raw": "Thu Jul 15 19:17:00 2021.926815 getfacl@7ff4c6d79123[1596] mmap2(0x0, 2126336, PROT_READ|PROT_EXEC, MAP_PRIVATE|MAP_DENYWRITE, 6, 0) = 0x7ff4c6b54000\n", 
                        "api": "mmap2", 
                        "return_value": "0x7ff4c6b54000", 
                        "instruction_pointer": "7ff4c6d79123", 
                        "time": 1626376620.926815, 
                        "process_name": "getfacl", 
                        "pid": 1596, 
                        "arguments": {
                            "p2": "PROT_READ|PROT_EXEC", 
                            "p3": "MAP_PRIVATE|MAP_DENYWRITE", 
                            "p0": "0x0", 
                            "p1": "2126336", 
                            "p4": "6", 
                            "p5": "0"
                        }
                    }, 
                    {
                        "status": "", 
                        "raw": "Thu Jul 15 19:17:00 2021.926828 getfacl@7ff4c6d791d7[1596] mprotect(0x7ff4c6b5b000, 2093056, PROT_NONE) = 0\n", 
                        "api": "mprotect", 
                        "return_value": "0", 
                        "instruction_pointer": "7ff4c6d791d7", 
                        "time": 1626376620.926828, 
                        "process_name": "getfacl", 
                        "pid": 1596, 
                        "arguments": {
                            "p2": "PROT_NONE", 
                            "p0": "0x7ff4c6b5b000", 
                            "p1": "2093056"
                        }
                    }, 
                    {
                        "status": "", 
                        "raw": "Thu Jul 15 19:17:00 2021.926842 getfacl@7ff4c6d79123[1596] mmap2(0x7ff4c6d5a000, 8192, PROT_READ|PROT_WRITE, MAP_PRIVATE|MAP_FIXED|MAP_DENYWRITE, 6, 24576) = 0x7ff4c6d5a000\n", 
                        "api": "mmap2", 
                        "return_value": "0x7ff4c6d5a000", 
                        "instruction_pointer": "7ff4c6d79123", 
                        "time": 1626376620.926842, 
                        "process_name": "getfacl", 
                        "pid": 1596, 
                        "arguments": {
                            "p2": "PROT_READ|PROT_WRITE", 
                            "p3": "MAP_PRIVATE|MAP_FIXED|MAP_DENYWRITE", 
                            "p0": "0x7ff4c6d5a000", 
                            "p1": "8192", 
                            "p4": "6", 
                            "p5": "24576"
                        }
                    }, 
                    {
                        "status": "", 
                        "raw": "Thu Jul 15 19:17:00 2021.926864 getfacl@7ff4c6d790b7[1596] close(6) = 0\n", 
                        "api": "close", 
                        "return_value": "0", 
                        "instruction_pointer": "7ff4c6d790b7", 
                        "time": 1626376620.926864, 
                        "process_name": "getfacl", 
                        "pid": 1596, 
                        "arguments": {
                            "p0": "6"
                        }
                    }, 
                    {
                        "status": "ENOENT", 
                        "raw": "Thu Jul 15 19:17:00 2021.926880 getfacl@7ff4c6d742d9[1596] access(\"/etc/ld.so.nohwcap\", F_OK) = -2 (ENOENT)\n", 
                        "api": "access", 
                        "return_value": "-2", 
                        "instruction_pointer": "7ff4c6d742d9", 
                        "time": 1626376620.92688, 
                        "process_name": "getfacl", 
                        "pid": 1596, 
                        "arguments": {
                            "p0": "/etc/ld.so.nohwcap", 
                            "p1": "F_OK"
                        }
                    }, 
                    {
                        "status": "", 
                        "raw": "Thu Jul 15 19:17:00 2021.926896 getfacl@7ff4c6d78ebd[1596] openat(AT_FDCWD, \"/lib/x86_64-linux-gnu/libc.so.6\", O_RDONLY|O_CLOEXEC) = 6\n", 
                        "api": "openat", 
                        "return_value": "6", 
                        "instruction_pointer": "7ff4c6d78ebd", 
                        "time": 1626376620.926896, 
                        "process_name": "getfacl", 
                        "pid": 1596, 
                        "arguments": {
                            "p2": "O_RDONLY|O_CLOEXEC", 
                            "p0": "AT_FDCWD", 
                            "p1": "/lib/x86_64-linux-gnu/libc.so.6"
                        }
                    }, 
                    {
                        "status": "", 
                        "raw": "Thu Jul 15 19:17:00 2021.926909 getfacl@7ff4c6d78f84[1596] read(6, 0x7ffec9622e68, 832) = 832\n", 
                        "api": "read", 
                        "return_value": "832", 
                        "instruction_pointer": "7ff4c6d78f84", 
                        "time": 1626376620.926909, 
                        "process_name": "getfacl", 
                        "pid": 1596, 
                        "arguments": {
                            "p2": "832", 
                            "p0": "6", 
                            "p1": "0x7ffec9622e68"
                        }
                    }, 
                    {
                        "status": "", 
                        "raw": "Thu Jul 15 19:17:00 2021.926919 getfacl@7ff4c6d78e23[1596] fstat(6, 0x7ffec9622d00) = 0\n", 
                        "api": "fstat", 
                        "return_value": "0", 
                        "instruction_pointer": "7ff4c6d78e23", 
                        "time": 1626376620.926919, 
                        "process_name": "getfacl", 
                        "pid": 1596, 
                        "arguments": {
                            "p0": "6", 
                            "p1": "0x7ffec9622d00"
                        }
                    }, 
                    {
                        "status": "", 
                        "raw": "Thu Jul 15 19:17:00 2021.926929 getfacl@7ff4c6d79123[1596] mmap2(0x0, 4131552, PROT_READ|PROT_EXEC, MAP_PRIVATE|MAP_DENYWRITE, 6, 0) = 0x7ff4c6763000\n", 
                        "api": "mmap2", 
                        "return_value": "0x7ff4c6763000", 
                        "instruction_pointer": "7ff4c6d79123", 
                        "time": 1626376620.926929, 
                        "process_name": "getfacl", 
                        "pid": 1596, 
                        "arguments": {
                            "p2": "PROT_READ|PROT_EXEC", 
                            "p3": "MAP_PRIVATE|MAP_DENYWRITE", 
                            "p0": "0x0", 
                            "p1": "4131552", 
                            "p4": "6", 
                            "p5": "0"
                        }
                    }, 
                    {
                        "status": "", 
                        "raw": "Thu Jul 15 19:17:00 2021.926942 getfacl@7ff4c6d791d7[1596] mprotect(0x7ff4c694a000, 2097152, PROT_NONE) = 0\n", 
                        "api": "mprotect", 
                        "return_value": "0", 
                        "instruction_pointer": "7ff4c6d791d7", 
                        "time": 1626376620.926942, 
                        "process_name": "getfacl", 
                        "pid": 1596, 
                        "arguments": {
                            "p2": "PROT_NONE", 
                            "p0": "0x7ff4c694a000", 
                            "p1": "2097152"
                        }
                    }, 
                    {
                        "status": "", 
                        "raw": "Thu Jul 15 19:17:00 2021.926957 getfacl@7ff4c6d79123[1596] mmap2(0x7ff4c6b4a000, 24576, PROT_READ|PROT_WRITE, MAP_PRIVATE|MAP_FIXED|MAP_DENYWRITE, 6, 1994752) = 0x7ff4c6b4a000\n", 
                        "api": "mmap2", 
                        "return_value": "0x7ff4c6b4a000", 
                        "instruction_pointer": "7ff4c6d79123", 
                        "time": 1626376620.926957, 
                        "process_name": "getfacl", 
                        "pid": 1596, 
                        "arguments": {
                            "p2": "PROT_READ|PROT_WRITE", 
                            "p3": "MAP_PRIVATE|MAP_FIXED|MAP_DENYWRITE", 
                            "p0": "0x7ff4c6b4a000", 
                            "p1": "24576", 
                            "p4": "6", 
                            "p5": "1994752"
                        }
                    }, 
                    {
                        "status": "", 
                        "raw": "Thu Jul 15 19:17:00 2021.926975 getfacl@7ff4c6d79123[1596] mmap2(0x7ff4c6b50000, 15072, PROT_READ|PROT_WRITE, MAP_PRIVATE|MAP_FIXED|MAP_ANONYMOUS, -1, 0) = 0x7ff4c6b50000\n", 
                        "api": "mmap2", 
                        "return_value": "0x7ff4c6b50000", 
                        "instruction_pointer": "7ff4c6d79123", 
                        "time": 1626376620.926975, 
                        "process_name": "getfacl", 
                        "pid": 1596, 
                        "arguments": {
                            "p2": "PROT_READ|PROT_WRITE", 
                            "p3": "MAP_PRIVATE|MAP_FIXED|MAP_ANONYMOUS", 
                            "p0": "0x7ff4c6b50000", 
                            "p1": "15072", 
                            "p4": "-1", 
                            "p5": "0"
                        }
                    }, 
                    {
                        "status": "", 
                        "raw": "Thu Jul 15 19:17:00 2021.926993 getfacl@7ff4c6d790b7[1596] close(6) = 0\n", 
                        "api": "close", 
                        "return_value": "0", 
                        "instruction_pointer": "7ff4c6d790b7", 
                        "time": 1626376620.926993, 
                        "process_name": "getfacl", 
                        "pid": 1596, 
                        "arguments": {
                            "p0": "6"
                        }
                    }, 
                    {
                        "status": "ENOENT", 
                        "raw": "Thu Jul 15 19:17:00 2021.927012 getfacl@7ff4c6d742d9[1596] access(\"/etc/ld.so.nohwcap\", F_OK) = -2 (ENOENT)\n", 
                        "api": "access", 
                        "return_value": "-2", 
                        "instruction_pointer": "7ff4c6d742d9", 
                        "time": 1626376620.927012, 
                        "process_name": "getfacl", 
                        "pid": 1596, 
                        "arguments": {
                            "p0": "/etc/ld.so.nohwcap", 
                            "p1": "F_OK"
                        }
                    }, 
                    {
                        "status": "", 
                        "raw": "Thu Jul 15 19:17:00 2021.927028 getfacl@7ff4c6d78ebd[1596] openat(AT_FDCWD, \"/lib/x86_64-linux-gnu/libattr.so.1\", O_RDONLY|O_CLOEXEC) = 6\n", 
                        "api": "openat", 
                        "return_value": "6", 
                        "instruction_pointer": "7ff4c6d78ebd", 
                        "time": 1626376620.927028, 
                        "process_name": "getfacl", 
                        "pid": 1596, 
                        "arguments": {
                            "p2": "O_RDONLY|O_CLOEXEC", 
                            "p0": "AT_FDCWD", 
                            "p1": "/lib/x86_64-linux-gnu/libattr.so.1"
                        }
                    }, 
                    {
                        "status": "", 
                        "raw": "Thu Jul 15 19:17:00 2021.927041 getfacl@7ff4c6d78f84[1596] read(6, 0x7ffec9622d28, 832) = 832\n", 
                        "api": "read", 
                        "return_value": "832", 
                        "instruction_pointer": "7ff4c6d78f84", 
                        "time": 1626376620.927041, 
                        "process_name": "getfacl", 
                        "pid": 1596, 
                        "arguments": {
                            "p2": "832", 
                            "p0": "6", 
                            "p1": "0x7ffec9622d28"
                        }
                    }, 
                    {
                        "status": "", 
                        "raw": "Thu Jul 15 19:17:00 2021.927052 getfacl@7ff4c6d78e23[1596] fstat(6, 0x7ffec9622bc0) = 0\n", 
                        "api": "fstat", 
                        "return_value": "0", 
                        "instruction_pointer": "7ff4c6d78e23", 
                        "time": 1626376620.927052, 
                        "process_name": "getfacl", 
                        "pid": 1596, 
                        "arguments": {
                            "p0": "6", 
                            "p1": "0x7ffec9622bc0"
                        }
                    }, 
                    {
                        "status": "", 
                        "raw": "Thu Jul 15 19:17:00 2021.927062 getfacl@7ff4c6d79123[1596] mmap2(0x0, 2113752, PROT_READ|PROT_EXEC, MAP_PRIVATE|MAP_DENYWRITE, 6, 0) = 0x7ff4c655e000\n", 
                        "api": "mmap2", 
                        "return_value": "0x7ff4c655e000", 
                        "instruction_pointer": "7ff4c6d79123", 
                        "time": 1626376620.927062, 
                        "process_name": "getfacl", 
                        "pid": 1596, 
                        "arguments": {
                            "p2": "PROT_READ|PROT_EXEC", 
                            "p3": "MAP_PRIVATE|MAP_DENYWRITE", 
                            "p0": "0x0", 
                            "p1": "2113752", 
                            "p4": "6", 
                            "p5": "0"
                        }
                    }, 
                    {
                        "status": "", 
                        "raw": "Thu Jul 15 19:17:00 2021.927074 getfacl@7ff4c6d791d7[1596] mprotect(0x7ff4c6562000, 2093056, PROT_NONE) = 0\n", 
                        "api": "mprotect", 
                        "return_value": "0", 
                        "instruction_pointer": "7ff4c6d791d7", 
                        "time": 1626376620.927074, 
                        "process_name": "getfacl", 
                        "pid": 1596, 
                        "arguments": {
                            "p2": "PROT_NONE", 
                            "p0": "0x7ff4c6562000", 
                            "p1": "2093056"
                        }
                    }, 
                    {
                        "status": "", 
                        "raw": "Thu Jul 15 19:17:00 2021.927087 getfacl@7ff4c6d79123[1596] mmap2(0x7ff4c6761000, 8192, PROT_READ|PROT_WRITE, MAP_PRIVATE|MAP_FIXED|MAP_DENYWRITE, 6, 12288) = 0x7ff4c6761000\n", 
                        "api": "mmap2", 
                        "return_value": "0x7ff4c6761000", 
                        "instruction_pointer": "7ff4c6d79123", 
                        "time": 1626376620.927087, 
                        "process_name": "getfacl", 
                        "pid": 1596, 
                        "arguments": {
                            "p2": "PROT_READ|PROT_WRITE", 
                            "p3": "MAP_PRIVATE|MAP_FIXED|MAP_DENYWRITE", 
                            "p0": "0x7ff4c6761000", 
                            "p1": "8192", 
                            "p4": "6", 
                            "p5": "12288"
                        }
                    }, 
                    {
                        "status": "", 
                        "raw": "Thu Jul 15 19:17:00 2021.927109 getfacl@7ff4c6d790b7[1596] close(6) = 0\n", 
                        "api": "close", 
                        "return_value": "0", 
                        "instruction_pointer": "7ff4c6d790b7", 
                        "time": 1626376620.927109, 
                        "process_name": "getfacl", 
                        "pid": 1596, 
                        "arguments": {
                            "p0": "6"
                        }
                    }, 
                    {
                        "status": "", 
                        "raw": "Thu Jul 15 19:17:00 2021.927129 getfacl@7ff4c6d79123[1596] mmap2(0x0, 12288, PROT_READ|PROT_WRITE, MAP_PRIVATE|MAP_ANONYMOUS, -1, 0) = 0x7ff4c6f6b000\n", 
                        "api": "mmap2", 
                        "return_value": "0x7ff4c6f6b000", 
                        "instruction_pointer": "7ff4c6d79123", 
                        "time": 1626376620.927129, 
                        "process_name": "getfacl", 
                        "pid": 1596, 
                        "arguments": {
                            "p2": "PROT_READ|PROT_WRITE", 
                            "p3": "MAP_PRIVATE|MAP_ANONYMOUS", 
                            "p0": "0x0", 
                            "p1": "12288", 
                            "p4": "-1", 
                            "p5": "0"
                        }
                    }, 
                    {
                        "status": "", 
                        "raw": "Thu Jul 15 19:17:00 2021.927145 getfacl@7ff4c6d5d024[1596] arch_prctl(ARCH_SET_FS, 140689286805312) = 0\n", 
                        "api": "arch_prctl", 
                        "return_value": "0", 
                        "instruction_pointer": "7ff4c6d5d024", 
                        "time": 1626376620.927145, 
                        "process_name": "getfacl", 
                        "pid": 1596, 
                        "arguments": {
                            "p0": "ARCH_SET_FS", 
                            "p1": "140689286805312"
                        }
                    }, 
                    {
                        "status": "", 
                        "raw": "Thu Jul 15 19:17:00 2021.927208 getfacl@7ff4c6d791d7[1596] mprotect(0x7ff4c6b4a000, 16384, PROT_READ) = 0\n", 
                        "api": "mprotect", 
                        "return_value": "0", 
                        "instruction_pointer": "7ff4c6d791d7", 
                        "time": 1626376620.927208, 
                        "process_name": "getfacl", 
                        "pid": 1596, 
                        "arguments": {
                            "p2": "PROT_READ", 
                            "p0": "0x7ff4c6b4a000", 
                            "p1": "16384"
                        }
                    }, 
                    {
                        "status": "", 
                        "raw": "Thu Jul 15 19:17:00 2021.927285 getfacl@7ff4c6d791d7[1596] mprotect(0x7ff4c6761000, 4096, PROT_READ) = 0\n", 
                        "api": "mprotect", 
                        "return_value": "0", 
                        "instruction_pointer": "7ff4c6d791d7", 
                        "time": 1626376620.927285, 
                        "process_name": "getfacl", 
                        "pid": 1596, 
                        "arguments": {
                            "p2": "PROT_READ", 
                            "p0": "0x7ff4c6761000", 
                            "p1": "4096"
                        }
                    }, 
                    {
                        "status": "", 
                        "raw": "Thu Jul 15 19:17:00 2021.927317 getfacl@7ff4c6d791d7[1596] mprotect(0x7ff4c6d5a000, 4096, PROT_READ) = 0\n", 
                        "api": "mprotect", 
                        "return_value": "0", 
                        "instruction_pointer": "7ff4c6d791d7", 
                        "time": 1626376620.927317, 
                        "process_name": "getfacl", 
                        "pid": 1596, 
                        "arguments": {
                            "p2": "PROT_READ", 
                            "p0": "0x7ff4c6d5a000", 
                            "p1": "4096"
                        }
                    }, 
                    {
                        "status": "", 
                        "raw": "Thu Jul 15 19:17:00 2021.927349 getfacl@7ff4c6d791d7[1596] mprotect(0x56010721e000, 4096, PROT_READ) = 0\n", 
                        "api": "mprotect", 
                        "return_value": "0", 
                        "instruction_pointer": "7ff4c6d791d7", 
                        "time": 1626376620.927349, 
                        "process_name": "getfacl", 
                        "pid": 1596, 
                        "arguments": {
                            "p2": "PROT_READ", 
                            "p0": "0x56010721e000", 
                            "p1": "4096"
                        }
                    }, 
                    {
                        "status": "", 
                        "raw": "Thu Jul 15 19:17:00 2021.927365 getfacl@7ff4c6d791d7[1596] mprotect(0x7ff4c6f85000, 4096, PROT_READ) = 0\n", 
                        "api": "mprotect", 
                        "return_value": "0", 
                        "instruction_pointer": "7ff4c6d791d7", 
                        "time": 1626376620.927365, 
                        "process_name": "getfacl", 
                        "pid": 1596, 
                        "arguments": {
                            "p2": "PROT_READ", 
                            "p0": "0x7ff4c6f85000", 
                            "p1": "4096"
                        }
                    }, 
                    {
                        "status": "", 
                        "raw": "Thu Jul 15 19:17:00 2021.927380 getfacl@7ff4c6d791b7[1596] munmap(0x7ff4c6f70000, 85414) = 0\n", 
                        "api": "munmap", 
                        "return_value": "0", 
                        "instruction_pointer": "7ff4c6d791b7", 
                        "time": 1626376620.92738, 
                        "process_name": "getfacl", 
                        "pid": 1596, 
                        "arguments": {
                            "p0": "0x7ff4c6f70000", 
                            "p1": "85414"
                        }
                    }, 
                    {
                        "status": "", 
                        "raw": "Thu Jul 15 19:17:00 2021.927484 getfacl@7ff4c68791f9[1596] brk(0x0) = 94562415370240\n", 
                        "api": "brk", 
                        "return_value": "94562415370240", 
                        "instruction_pointer": "7ff4c68791f9", 
                        "time": 1626376620.927484, 
                        "process_name": "getfacl", 
                        "pid": 1596, 
                        "arguments": {
                            "p0": "0x0"
                        }
                    }, 
                    {
                        "status": "", 
                        "raw": "Thu Jul 15 19:17:00 2021.927494 getfacl@7ff4c68791f9[1596] brk(0x5601072f7000) = 94562415505408\n", 
                        "api": "brk", 
                        "return_value": "94562415505408", 
                        "instruction_pointer": "7ff4c68791f9", 
                        "time": 1626376620.927494, 
                        "process_name": "getfacl", 
                        "pid": 1596, 
                        "arguments": {
                            "p0": "0x5601072f7000"
                        }
                    }, 
                    {
                        "status": "", 
                        "raw": "Thu Jul 15 19:17:00 2021.927513 getfacl@7ff4c6872e81[1596] openat(AT_FDCWD, \"/usr/lib/locale/locale-archive\", O_RDONLY|O_CLOEXEC) = 6\n", 
                        "api": "openat", 
                        "return_value": "6", 
                        "instruction_pointer": "7ff4c6872e81", 
                        "time": 1626376620.927513, 
                        "process_name": "getfacl", 
                        "pid": 1596, 
                        "arguments": {
                            "p2": "O_RDONLY|O_CLOEXEC", 
                            "p0": "AT_FDCWD", 
                            "p1": "/usr/lib/locale/locale-archive"
                        }
                    }, 
                    {
                        "status": "", 
                        "raw": "Thu Jul 15 19:17:00 2021.927528 getfacl@7ff4c6872893[1596] fstat(6, 0x7ff4c6b4fac0) = 0\n", 
                        "api": "fstat", 
                        "return_value": "0", 
                        "instruction_pointer": "7ff4c6872893", 
                        "time": 1626376620.927528, 
                        "process_name": "getfacl", 
                        "pid": 1596, 
                        "arguments": {
                            "p0": "6", 
                            "p1": "0x7ff4c6b4fac0"
                        }
                    }, 
                    {
                        "status": "", 
                        "raw": "Thu Jul 15 19:17:00 2021.927539 getfacl@7ff4c687e813[1596] mmap2(0x0, 3339216, PROT_READ, MAP_PRIVATE, 6, 0) = 0x7ff4c622e000\n", 
                        "api": "mmap2", 
                        "return_value": "0x7ff4c622e000", 
                        "instruction_pointer": "7ff4c687e813", 
                        "time": 1626376620.927539, 
                        "process_name": "getfacl", 
                        "pid": 1596, 
                        "arguments": {
                            "p2": "PROT_READ", 
                            "p3": "MAP_PRIVATE", 
                            "p0": "0x0", 
                            "p1": "3339216", 
                            "p4": "6", 
                            "p5": "0"
                        }
                    }, 
                    {
                        "status": "", 
                        "raw": "Thu Jul 15 19:17:00 2021.927556 getfacl@7ff4c6873a17[1596] close(6) = 0\n", 
                        "api": "close", 
                        "return_value": "0", 
                        "instruction_pointer": "7ff4c6873a17", 
                        "time": 1626376620.927556, 
                        "process_name": "getfacl", 
                        "pid": 1596, 
                        "arguments": {
                            "p0": "6"
                        }
                    }, 
                    {
                        "status": "ENOTTY", 
                        "raw": "Thu Jul 15 19:17:00 2021.927595 getfacl@7ff4c68789e8[1596] ioctl(1, 21505, 0x7ffec9623600) = -25 (ENOTTY)\n", 
                        "api": "ioctl", 
                        "return_value": "-25", 
                        "instruction_pointer": "7ff4c68789e8", 
                        "time": 1626376620.927595, 
                        "process_name": "getfacl", 
                        "pid": 1596, 
                        "arguments": {
                            "p2": "0x7ffec9623600", 
                            "p0": "1", 
                            "p1": "21505"
                        }
                    }, 
                    {
                        "status": "", 
                        "raw": "Thu Jul 15 19:17:00 2021.927617 getfacl@7ff4c6872e81[1596] openat(AT_FDCWD, \"/usr/share/locale/locale.alias\", O_RDONLY|O_CLOEXEC) = 6\n", 
                        "api": "openat", 
                        "return_value": "6", 
                        "instruction_pointer": "7ff4c6872e81", 
                        "time": 1626376620.927617, 
                        "process_name": "getfacl", 
                        "pid": 1596, 
                        "arguments": {
                            "p2": "O_RDONLY|O_CLOEXEC", 
                            "p0": "AT_FDCWD", 
                            "p1": "/usr/share/locale/locale.alias"
                        }
                    }, 
                    {
                        "status": "", 
                        "raw": "Thu Jul 15 19:17:00 2021.927631 getfacl@7ff4c6872893[1596] fstat(6, 0x7ffec9623080) = 0\n", 
                        "api": "fstat", 
                        "return_value": "0", 
                        "instruction_pointer": "7ff4c6872893", 
                        "time": 1626376620.927631, 
                        "process_name": "getfacl", 
                        "pid": 1596, 
                        "arguments": {
                            "p0": "6", 
                            "p1": "0x7ffec9623080"
                        }
                    }, 
                    {
                        "status": "", 
                        "raw": "Thu Jul 15 19:17:00 2021.927643 getfacl@7ff4c68731e4[1596] read(6, 0x5601072d7690, 4096) = 2995\n", 
                        "api": "read", 
                        "return_value": "2995", 
                        "instruction_pointer": "7ff4c68731e4", 
                        "time": 1626376620.927643, 
                        "process_name": "getfacl", 
                        "pid": 1596, 
                        "arguments": {
                            "p2": "4096", 
                            "p0": "6", 
                            "p1": "0x5601072d7690"
                        }
                    }, 
                    {
                        "status": "", 
                        "raw": "Thu Jul 15 19:17:00 2021.927665 getfacl@7ff4c68731e4[1596] read(6, 0x5601072d7690, 4096) = 0\n", 
                        "api": "read", 
                        "return_value": "0", 
                        "instruction_pointer": "7ff4c68731e4", 
                        "time": 1626376620.927665, 
                        "process_name": "getfacl", 
                        "pid": 1596, 
                        "arguments": {
                            "p2": "4096", 
                            "p0": "6", 
                            "p1": "0x5601072d7690"
                        }
                    }, 
                    {
                        "status": "", 
                        "raw": "Thu Jul 15 19:17:00 2021.927674 getfacl@7ff4c6873a17[1596] close(6) = 0\n", 
                        "api": "close", 
                        "return_value": "0", 
                        "instruction_pointer": "7ff4c6873a17", 
                        "time": 1626376620.927674, 
                        "process_name": "getfacl", 
                        "pid": 1596, 
                        "arguments": {
                            "p0": "6"
                        }
                    }, 
                    {
                        "status": "ENOENT", 
                        "raw": "Thu Jul 15 19:17:00 2021.927720 getfacl@7ff4c6872e81[1596] openat(AT_FDCWD, \"/usr/share/locale/en_US.UTF-8/LC_MESSAGES/acl.mo\", O_RDONLY) = -2 (ENOENT)\n", 
                        "api": "openat", 
                        "return_value": "-2", 
                        "instruction_pointer": "7ff4c6872e81", 
                        "time": 1626376620.92772, 
                        "process_name": "getfacl", 
                        "pid": 1596, 
                        "arguments": {
                            "p2": "O_RDONLY", 
                            "p0": "AT_FDCWD", 
                            "p1": "/usr/share/locale/en_US.UTF-8/LC_MESSAGES/acl.mo"
                        }
                    }, 
                    {
                        "status": "ENOENT", 
                        "raw": "Thu Jul 15 19:17:00 2021.927738 getfacl@7ff4c6872e81[1596] openat(AT_FDCWD, \"/usr/share/locale/en_US.utf8/LC_MESSAGES/acl.mo\", O_RDONLY) = -2 (ENOENT)\n", 
                        "api": "openat", 
                        "return_value": "-2", 
                        "instruction_pointer": "7ff4c6872e81", 
                        "time": 1626376620.927738, 
                        "process_name": "getfacl", 
                        "pid": 1596, 
                        "arguments": {
                            "p2": "O_RDONLY", 
                            "p0": "AT_FDCWD", 
                            "p1": "/usr/share/locale/en_US.utf8/LC_MESSAGES/acl.mo"
                        }
                    }, 
                    {
                        "status": "ENOENT", 
                        "raw": "Thu Jul 15 19:17:00 2021.927754 getfacl@7ff4c6872e81[1596] openat(AT_FDCWD, \"/usr/share/locale/en_US/LC_MESSAGES/acl.mo\", O_RDONLY) = -2 (ENOENT)\n", 
                        "api": "openat", 
                        "return_value": "-2", 
                        "instruction_pointer": "7ff4c6872e81", 
                        "time": 1626376620.927754, 
                        "process_name": "getfacl", 
                        "pid": 1596, 
                        "arguments": {
                            "p2": "O_RDONLY", 
                            "p0": "AT_FDCWD", 
                            "p1": "/usr/share/locale/en_US/LC_MESSAGES/acl.mo"
                        }
                    }, 
                    {
                        "status": "ENOENT", 
                        "raw": "Thu Jul 15 19:17:00 2021.927769 getfacl@7ff4c6872e81[1596] openat(AT_FDCWD, \"/usr/share/locale/en.UTF-8/LC_MESSAGES/acl.mo\", O_RDONLY) = -2 (ENOENT)\n", 
                        "api": "openat", 
                        "return_value": "-2", 
                        "instruction_pointer": "7ff4c6872e81", 
                        "time": 1626376620.927769, 
                        "process_name": "getfacl", 
                        "pid": 1596, 
                        "arguments": {
                            "p2": "O_RDONLY", 
                            "p0": "AT_FDCWD", 
                            "p1": "/usr/share/locale/en.UTF-8/LC_MESSAGES/acl.mo"
                        }
                    }, 
                    {
                        "status": "ENOENT", 
                        "raw": "Thu Jul 15 19:17:00 2021.927783 getfacl@7ff4c6872e81[1596] openat(AT_FDCWD, \"/usr/share/locale/en.utf8/LC_MESSAGES/acl.mo\", O_RDONLY) = -2 (ENOENT)\n", 
                        "api": "openat", 
                        "return_value": "-2", 
                        "instruction_pointer": "7ff4c6872e81", 
                        "time": 1626376620.927783, 
                        "process_name": "getfacl", 
                        "pid": 1596, 
                        "arguments": {
                            "p2": "O_RDONLY", 
                            "p0": "AT_FDCWD", 
                            "p1": "/usr/share/locale/en.utf8/LC_MESSAGES/acl.mo"
                        }
                    }, 
                    {
                        "status": "ENOENT", 
                        "raw": "Thu Jul 15 19:17:00 2021.927798 getfacl@7ff4c6872e81[1596] openat(AT_FDCWD, \"/usr/share/locale/en/LC_MESSAGES/acl.mo\", O_RDONLY) = -2 (ENOENT)\n", 
                        "api": "openat", 
                        "return_value": "-2", 
                        "instruction_pointer": "7ff4c6872e81", 
                        "time": 1626376620.927798, 
                        "process_name": "getfacl", 
                        "pid": 1596, 
                        "arguments": {
                            "p2": "O_RDONLY", 
                            "p0": "AT_FDCWD", 
                            "p1": "/usr/share/locale/en/LC_MESSAGES/acl.mo"
                        }
                    }, 
                    {
                        "status": "ENOENT", 
                        "raw": "Thu Jul 15 19:17:00 2021.927822 getfacl@7ff4c6872e81[1596] openat(AT_FDCWD, \"/usr/share/locale-langpack/en_US.UTF-8/LC_MESSAGES/acl.mo\", O_RDONLY) = -2 (ENOENT)\n", 
                        "api": "openat", 
                        "return_value": "-2", 
                        "instruction_pointer": "7ff4c6872e81", 
                        "time": 1626376620.927822, 
                        "process_name": "getfacl", 
                        "pid": 1596, 
                        "arguments": {
                            "p2": "O_RDONLY", 
                            "p0": "AT_FDCWD", 
                            "p1": "/usr/share/locale-langpack/en_US.UTF-8/LC_MESSAGES/acl.mo"
                        }
                    }, 
                    {
                        "status": "ENOENT", 
                        "raw": "Thu Jul 15 19:17:00 2021.927838 getfacl@7ff4c6872e81[1596] openat(AT_FDCWD, \"/usr/share/locale-langpack/en_US.utf8/LC_MESSAGES/acl.mo\", O_RDONLY) = -2 (ENOENT)\n", 
                        "api": "openat", 
                        "return_value": "-2", 
                        "instruction_pointer": "7ff4c6872e81", 
                        "time": 1626376620.927838, 
                        "process_name": "getfacl", 
                        "pid": 1596, 
                        "arguments": {
                            "p2": "O_RDONLY", 
                            "p0": "AT_FDCWD", 
                            "p1": "/usr/share/locale-langpack/en_US.utf8/LC_MESSAGES/acl.mo"
                        }
                    }, 
                    {
                        "status": "ENOENT", 
                        "raw": "Thu Jul 15 19:17:00 2021.927854 getfacl@7ff4c6872e81[1596] openat(AT_FDCWD, \"/usr/share/locale-langpack/en_US/LC_MESSAGES/acl.mo\", O_RDONLY) = -2 (ENOENT)\n", 
                        "api": "openat", 
                        "return_value": "-2", 
                        "instruction_pointer": "7ff4c6872e81", 
                        "time": 1626376620.927854, 
                        "process_name": "getfacl", 
                        "pid": 1596, 
                        "arguments": {
                            "p2": "O_RDONLY", 
                            "p0": "AT_FDCWD", 
                            "p1": "/usr/share/locale-langpack/en_US/LC_MESSAGES/acl.mo"
                        }
                    }, 
                    {
                        "status": "ENOENT", 
                        "raw": "Thu Jul 15 19:17:00 2021.927873 getfacl@7ff4c6872e81[1596] openat(AT_FDCWD, \"/usr/share/locale-langpack/en.UTF-8/LC_MESSAGES/acl.mo\", O_RDONLY) = -2 (ENOENT)\n", 
                        "api": "openat", 
                        "return_value": "-2", 
                        "instruction_pointer": "7ff4c6872e81", 
                        "time": 1626376620.927873, 
                        "process_name": "getfacl", 
                        "pid": 1596, 
                        "arguments": {
                            "p2": "O_RDONLY", 
                            "p0": "AT_FDCWD", 
                            "p1": "/usr/share/locale-langpack/en.UTF-8/LC_MESSAGES/acl.mo"
                        }
                    }, 
                    {
                        "status": "ENOENT", 
                        "raw": "Thu Jul 15 19:17:00 2021.927889 getfacl@7ff4c6872e81[1596] openat(AT_FDCWD, \"/usr/share/locale-langpack/en.utf8/LC_MESSAGES/acl.mo\", O_RDONLY) = -2 (ENOENT)\n", 
                        "api": "openat", 
                        "return_value": "-2", 
                        "instruction_pointer": "7ff4c6872e81", 
                        "time": 1626376620.927889, 
                        "process_name": "getfacl", 
                        "pid": 1596, 
                        "arguments": {
                            "p2": "O_RDONLY", 
                            "p0": "AT_FDCWD", 
                            "p1": "/usr/share/locale-langpack/en.utf8/LC_MESSAGES/acl.mo"
                        }
                    }, 
                    {
                        "status": "ENOENT", 
                        "raw": "Thu Jul 15 19:17:00 2021.927904 getfacl@7ff4c6872e81[1596] openat(AT_FDCWD, \"/usr/share/locale-langpack/en/LC_MESSAGES/acl.mo\", O_RDONLY) = -2 (ENOENT)\n", 
                        "api": "openat", 
                        "return_value": "-2", 
                        "instruction_pointer": "7ff4c6872e81", 
                        "time": 1626376620.927904, 
                        "process_name": "getfacl", 
                        "pid": 1596, 
                        "arguments": {
                            "p2": "O_RDONLY", 
                            "p0": "AT_FDCWD", 
                            "p1": "/usr/share/locale-langpack/en/LC_MESSAGES/acl.mo"
                        }
                    }, 
                    {
                        "status": "", 
                        "raw": "Thu Jul 15 19:17:00 2021.927933 getfacl@7ff4c6873224[1596] write(2, \"Usage: getfacl \\x5b-aceEsRLPtpndvh\\x5d file ...\\n\", 42) = 42\n", 
                        "api": "write", 
                        "return_value": "42", 
                        "instruction_pointer": "7ff4c6873224", 
                        "time": 1626376620.927933, 
                        "process_name": "getfacl", 
                        "pid": 1596, 
                        "arguments": {
                            "p2": "42", 
                            "p0": "2", 
                            "p1": "Usage: getfacl [-aceEsRLPtpndvh] file ...\n"
                        }
                    }, 
                    {
                        "status": "", 
                        "raw": "Thu Jul 15 19:17:00 2021.927960 getfacl@7ff4c6873224[1596] write(2, \"Try `getfacl --help' for more information.\\n\", 43) = 43\n", 
                        "api": "write", 
                        "return_value": "43", 
                        "instruction_pointer": "7ff4c6873224", 
                        "time": 1626376620.92796, 
                        "process_name": "getfacl", 
                        "pid": 1596, 
                        "arguments": {
                            "p2": "43", 
                            "p0": "2", 
                            "p1": "Try `getfacl --help' for more information.\n"
                        }
                    }, 
                    {
                        "status": "", 
                        "raw": "Thu Jul 15 19:17:00 2021.927975 getfacl@7ff4c6847bd6[1596] exit_group(2)\n", 
                        "api": "exit_group", 
                        "return_value": "", 
                        "instruction_pointer": "7ff4c6847bd6", 
                        "time": 1626376620.927975, 
                        "process_name": "getfacl", 
                        "pid": 1596, 
                        "arguments": {
                            "p0": "2"
                        }
                    }
                ], 
                "pid": 1596, 
                "process_name": "getfacl", 
                "command_line": "/tmp/getfacl", 
                "first_seen": 1626376620.926292, 
                "ppid": 1595, 
                "type": "process"
            }
        ], 
        "processtree": [
            {
                "track": true, 
                "pid": 1596, 
                "process_name": "getfacl", 
                "command_line": "/tmp/getfacl", 
                "first_seen": 1626376620.926292, 
                "ppid": 1595, 
                "children": []
            }
        ]
    }, 
    "debug": {
        "action": [], 
        "dbgview": [], 
        "errors": [], 
        "log": [
            "2021-07-15 21:16:57,010 [root] DEBUG: Starting analyzer from: /tmpxc7rAf\n", 
            "2021-07-15 21:16:57,011 [root] DEBUG: Storing results at: /tmp/BwINcNbp\n", 
            "2021-07-15 21:16:57,016 [root] DEBUG: BIANCA DEBUG: \n", 
            "2021-07-15 21:16:57,016 [root] DEBUG: No analysis package specified, trying to detect it automagically.\n", 
            "2021-07-15 21:16:57,016 [root] INFO: Automatically selected analysis package \"generic\"\n", 
            "2021-07-15 21:16:57,063 [root] DEBUG: Bianca DEBUG[<class 'modules.auxiliary.stap.STAP'>]\n", 
            "2021-07-15 21:16:57,064 [modules.auxiliary.stap] WARNING: BIANCA DEBUG: IT GOT TO STAP INIT\n", 
            "2021-07-15 21:16:57,064 [modules.auxiliary.stap] WARNING: BIANCA DEBUG: STAP STARTEDDDDDDDDDDDD\n", 
            "2021-07-15 21:16:57,067 [modules.auxiliary.stap] WARNING: BIANCAAAA stap path: /root/.cuckoo/stap_.ko\n", 
            "2021-07-15 21:16:57,067 [modules.auxiliary.stap] WARNING: HELLO DARKNESS MY OLD FRIENDDD\n", 
            "2021-07-15 21:16:57,072 [modules.auxiliary.stap] WARNING: IT STARTED NOW NOW NOW\n", 
            "2021-07-15 21:17:00,921 [modules.auxiliary.stap] DEBUG: STAP aux module startup took 3.85 seconds\n", 
            "2021-07-15 21:17:00,922 [root] DEBUG: Started auxiliary module STAP\n", 
            "2021-07-15 21:17:00,924 [root] INFO: Added new process to list with pid: 1595\n", 
            "2021-07-15 21:17:01,928 [root] INFO: Process with pid 1595 has terminated\n", 
            "2021-07-15 21:17:01,928 [root] INFO: Process list is empty, terminating analysis.\n", 
            "2021-07-15 21:17:02,930 [modules.auxiliary.stap] DEBUG: stap subprocess retval None\n", 
            "2021-07-15 21:17:02,930 [modules.auxiliary.stap] DEBUG: BIANCA SEND FILE FROM STRAP: stap.log -> logs/all.stap\n", 
            "2021-07-15 21:17:02,943 [root] INFO: Analysis completed.\n"
        ], 
        "cuckoo": [
            "2021-07-15 21:16:58,386 [cuckoo.core.scheduler] INFO: Task #46: acquired machine cuc (label=cuc)\n", 
            "2021-07-15 21:16:58,386 [cuckoo.core.resultserver] DEBUG: Now tracking machine 192.168.56.101 for task #46\n", 
            "2021-07-15 21:16:58,386 [cuckoo.core.plugins] DEBUG: Started auxiliary module: Replay\n", 
            "2021-07-15 21:16:58,391 [cuckoo.auxiliary.sniffer] INFO: Started sniffer with PID 31143 (interface=vboxnet0, host=192.168.56.101)\n", 
            "2021-07-15 21:16:58,392 [cuckoo.core.plugins] DEBUG: Started auxiliary module: Sniffer\n", 
            "2021-07-15 21:16:58,509 [cuckoo.machinery.virtualbox] DEBUG: Starting vm cuc\n", 
            "2021-07-15 21:16:58,692 [cuckoo.machinery.virtualbox] DEBUG: Restoring virtual machine cuc to final_3\n", 
            "2021-07-15 21:17:05,254 [cuckoo.core.guest] INFO: Starting analysis #46 on guest (id=cuc, ip=192.168.56.101)\n", 
            "2021-07-15 21:17:06,255 [cuckoo.core.guest] DEBUG: cuc: not ready yet\n", 
            "2021-07-15 21:17:07,258 [cuckoo.core.guest] DEBUG: cuc: not ready yet\n", 
            "2021-07-15 21:17:08,261 [cuckoo.core.guest] DEBUG: cuc: not ready yet\n", 
            "2021-07-15 21:17:08,269 [cuckoo.core.guest] INFO: Guest is running Cuckoo Agent 0.10 (id=cuc, ip=192.168.56.101)\n", 
            "2021-07-15 21:17:08,275 [cuckoo.core.guest] DEBUG: Uploading analyzer to guest (id=cuc, ip=192.168.56.101, monitor=latest, size=31337)\n", 
            "2021-07-15 21:17:08,452 [cuckoo.core.resultserver] DEBUG: Task #46: live log analysis.log initialized.\n", 
            "2021-07-15 21:17:13,456 [cuckoo.core.guest] DEBUG: cuc: analysis #46 still processing\n", 
            "2021-07-15 21:17:14,393 [cuckoo.core.resultserver] DEBUG: Task #46: File upload for 'logs/all.stap'\n", 
            "2021-07-15 21:17:14,404 [cuckoo.core.resultserver] DEBUG: Task #46 uploaded file length: 14604\n", 
            "2021-07-15 21:17:18,486 [cuckoo.core.guest] DEBUG: cuc: analysis #46 still processing\n", 
            "2021-07-15 21:17:23,519 [cuckoo.core.guest] DEBUG: cuc: analysis #46 still processing\n", 
            "2021-07-15 21:17:28,548 [cuckoo.core.guest] DEBUG: cuc: analysis #46 still processing\n", 
            "2021-07-15 21:17:33,576 [cuckoo.core.guest] DEBUG: cuc: analysis #46 still processing\n", 
            "2021-07-15 21:17:38,604 [cuckoo.core.guest] DEBUG: cuc: analysis #46 still processing\n", 
            "2021-07-15 21:17:43,631 [cuckoo.core.guest] DEBUG: cuc: analysis #46 still processing\n", 
            "2021-07-15 21:17:48,657 [cuckoo.core.guest] DEBUG: cuc: analysis #46 still processing\n", 
            "2021-07-15 21:17:53,682 [cuckoo.core.guest] DEBUG: cuc: analysis #46 still processing\n", 
            "2021-07-15 21:17:58,718 [cuckoo.core.guest] DEBUG: cuc: analysis #46 still processing\n", 
            "2021-07-15 21:18:03,747 [cuckoo.core.guest] DEBUG: cuc: analysis #46 still processing\n", 
            "2021-07-15 21:18:08,775 [cuckoo.core.guest] DEBUG: cuc: analysis #46 still processing\n", 
            "2021-07-15 21:18:13,801 [cuckoo.core.guest] DEBUG: cuc: analysis #46 still processing\n", 
            "2021-07-15 21:18:18,826 [cuckoo.core.guest] DEBUG: cuc: analysis #46 still processing\n", 
            "2021-07-15 21:18:23,854 [cuckoo.core.guest] DEBUG: cuc: analysis #46 still processing\n", 
            "2021-07-15 21:18:28,880 [cuckoo.core.guest] DEBUG: cuc: analysis #46 still processing\n", 
            "2021-07-15 21:18:33,905 [cuckoo.core.guest] DEBUG: cuc: analysis #46 still processing\n", 
            "2021-07-15 21:18:38,930 [cuckoo.core.guest] DEBUG: cuc: analysis #46 still processing\n", 
            "2021-07-15 21:18:43,955 [cuckoo.core.guest] DEBUG: cuc: analysis #46 still processing\n", 
            "2021-07-15 21:18:48,981 [cuckoo.core.guest] DEBUG: cuc: analysis #46 still processing\n", 
            "2021-07-15 21:18:54,008 [cuckoo.core.guest] DEBUG: cuc: analysis #46 still processing\n", 
            "2021-07-15 21:18:59,034 [cuckoo.core.guest] DEBUG: cuc: analysis #46 still processing\n", 
            "2021-07-15 21:19:04,059 [cuckoo.core.guest] DEBUG: cuc: analysis #46 still processing\n", 
            "2021-07-15 21:19:09,090 [cuckoo.core.guest] DEBUG: cuc: analysis #46 still processing\n", 
            "2021-07-15 21:19:14,115 [cuckoo.core.guest] DEBUG: cuc: analysis #46 still processing\n", 
            "2021-07-15 21:19:19,139 [cuckoo.core.guest] DEBUG: cuc: analysis #46 still processing\n", 
            "2021-07-15 21:19:24,166 [cuckoo.core.guest] DEBUG: cuc: analysis #46 still processing\n", 
            "2021-07-15 21:19:29,193 [cuckoo.core.guest] DEBUG: cuc: analysis #46 still processing\n", 
            "2021-07-15 21:19:34,220 [cuckoo.core.guest] DEBUG: cuc: analysis #46 still processing\n", 
            "2021-07-15 21:19:39,246 [cuckoo.core.guest] DEBUG: "
        ]
    }, 
    "strings": [
        "/lib64/ld-linux-x86-64.so.2", 
        "MbPTHH", 
        "libacl.so.1", 
        "_ITM_deregisterTMCloneTable", 
        "__gmon_start__", 
        "_Jv_RegisterClasses", 
        "_ITM_registerTMCloneTable", 
        "closed", 
        "acl_equiv_mode", 
        "acl_get_file", 
        "acl_get_qualifier", 
        "acl_get_entry", 
        "num_dir_handles", 
        "high_water_alloc", 
        "walk_tree", 
        "acl_from_mode", 
        "acl_entries", 
        "acl_get_permset", 
        "next_line", 
        "acl_get_perm", 
        "acl_get_tag_type", 
        "acl_free", 
        "acl_to_any_text", 
        "libc.so.6", 
        "__xpg_basename", 
        "strcpy", 
        "__rawmemchr", 
        "__printf_chk", 
        "setlocale", 
        "optind", 
        "dcgettext", 
        "getpwuid", 
        "closedir", 
        "getgrgid", 
        "__stack_chk_fail", 
        "putchar", 
        "realloc", 
        "isatty", 
        "seekdir", 
        "strlen", 
        "telldir", 
        "__errno_location", 
        "getpagesize", 
        "__fprintf_chk", 
        "stdout", 
        "malloc", 
        "__lxstat64", 
        "opendir", 
        "__xstat64", 
        "getenv", 
        "stderr", 
        "__snprintf_chk", 
        "getopt_long", 
        "fileno", 
        "__memcpy_chk", 
        "strchr", 
        "readdir64", 
        "__cxa_finalize", 
        "getrlimit64", 
        "bindtextdomain", 
        "strerror", 
        "__libc_start_main", 
        "_edata", 
        "__bss_start", 
        "opt_numeric", 
        "names_width", 
        "walk_flags", 
        "progname", 
        "opt_print_acl", 
        "opt_print_default_acl", 
        "absolute_warning", 
        "had_errors", 
        "opt_strip_leading_slash", 
        "opt_tabular", 
        "_IO_stdin_used", 
        "long_options", 
        "opt_comments", 
        "acl_perm_defs", 
        "posixly_correct", 
        "opt_skip_base", 
        "cmd_line_options", 
        "print_options", 
        "ACL_1.0", 
        "GLIBC_2.4", 
        "GLIBC_2.3.4", 
        "GLIBC_2.2.5", 
        "AVAUATUH", 
        "[]A\\A]A^", 
        "AWAVAUATUSH", 
        "L$(dH3", 
        "8[]A\\A]A^A_", 
        "[]A\\A]", 
        "([]A\\A]", 
        "AWAVAUATM", 
        "|$HdH3<%(", 
        "X[]A\\A]A^A_", 
        "D$(;D$,", 
        "L$XdH3", 
        "h[]A\\A]A^A_", 
        "AWAVAUATA", 
        "[]A\\A]A^A_", 
        "AUATUSH", 
        "[]A\\A]", 
        "AUATE1", 
        "[]A\\A]", 
        "dH34%(", 
        "[]A\\A]A^A_", 
        "[]A\\A]A^", 
        "[]A\\A]A^A_", 
        "%-5s  %*s  %*s  %*s", 
        "# file: %s", 
        "default:", 
        "%s: %s: %s", 
        "# owner: %s", 
        "# group: %s", 
        "# flags: %s", 
        "2.2.52", 
        "Usage: %s [-%s] file ...", 
        "POSIXLY_CORRECT", 
        "aceEsRLPtpndvh", 
        "/usr/share/locale", 
        "%s 2.2.52", 
        "%s: Standard input: %s", 
        "access", 
        "omit-header", 
        "all-effective", 
        "no-effective", 
        "skip-base", 
        "recursive", 
        "logical", 
        "physical", 
        "tabular", 
        "absolute-names", 
        "numeric", 
        "default", 
        "version", 
        "%s: Removing leading '/' from absolute path names", 
        "%s %s -- get file access control lists", 
        "  -d, --default           display the default access control list", 
        "  -a,  --access           display the file access control list only", 
        "  -d, --default           display the default access control list only", 
        "  -c, --omit-header       do not display the comment header", 
        "  -e, --all-effective     print all effective rights", 
        "  -E, --no-effective      print no effective rights", 
        "  -s, --skip-base         skip files that only have the base entries", 
        "  -R, --recursive         recurse into subdirectories", 
        "  -L, --logical           logical walk, follow symbolic links", 
        "  -P, --physical          physical walk, do not follow symbolic links", 
        "  -t, --tabular           use tabular output format", 
        "  -n, --numeric           print numeric user/group identifiers", 
        "  -p, --absolute-names    don't strip leading '/' in pathnames", 
        "  -v, --version           print version and exit", 
        "  -h, --help              this help text", 
        "Try `%s --help' for more information.", 
        "1a29e12aa81ff90bd97b32c1d1dc99eaee4a36.debug", 
        ".shstrtab", 
        ".interp", 
        ".note.ABI-tag", 
        ".note.gnu.build-id", 
        ".gnu.hash", 
        ".dynsym", 
        ".dynstr", 
        ".gnu.version", 
        ".gnu.version_r", 
        ".rela.dyn", 
        ".plt.got", 
        ".rodata", 
        ".eh_frame_hdr", 
        ".eh_frame", 
        ".init_array", 
        ".fini_array", 
        ".dynamic", 
        ".gnu_debuglink"
    ], 
    "metadata": {
        "output": {
            "pcap": {
                "basename": "dump.pcap", 
                "sha256": "3032ddc00530d051febccb7bbd8e9c22712d01ab74fbe13ac801c9082b5a5530", 
                "dirname": ""
            }
        }
    }
}