{
    "info": {
        "added": 1626379621.05405, 
        "started": 1626379621.702391, 
        "duration": 192, 
        "ended": 1626379814.513311, 
        "owner": null, 
        "score": 0.0, 
        "id": 32, 
        "category": "file", 
        "git": {
            "head": "13cbe0d9e457be3673304533043e992ead1ea9b2", 
            "fetch_head": "13cbe0d9e457be3673304533043e992ead1ea9b2"
        }, 
        "monitor": "2deb9ccd75d5a7a3fe05b2625b03a8639d6ee36b", 
        "package": "", 
        "route": "none", 
        "custom": null, 
        "machine": {
            "status": "stopped", 
            "name": "cuc", 
            "label": "cuc", 
            "manager": "VirtualBox", 
            "started_on": "2021-07-15 20:07:01", 
            "shutdown_on": "2021-07-15 20:10:14"
        }, 
        "platform": null, 
        "version": "2.0.7", 
        "options": ""
    }, 
    "signatures": [], 
    "target": {
        "category": "file", 
        "file": {
            "yara": [], 
            "sha1": "6b75029bb2ccbd9b41e18d147ec70af217762281", 
            "name": "dd", 
            "type": "ELF 64-bit LSB shared object, x86-64, version 1 (SYSV), dynamically linked, interpreter /lib64/ld-linux-x86-64.so.2, for GNU/Linux 3.2.0, BuildID[sha1]=e96e1bd6286924bcecd337ff5919010b5a61ee21, stripped", 
            "sha256": "70c0baeecb67711f8af54c03a47fb1f364675d6ab67eb88e85d6ad14999cc45f", 
            "urls": [
                "http://gnu.org/licenses/gpl.html", 
                "http://translationproject.org/team/", 
                "http://www.gnu.org/software/coreutils/", 
                "http://www.gnu.org/gethelp/"
            ], 
            "crc32": "52F3DBAA", 
            "path": "/home/cuckoo/.cuckoo/storage/binaries/70c0baeecb67711f8af54c03a47fb1f364675d6ab67eb88e85d6ad14999cc45f", 
            "ssdeep": null, 
            "size": 76000, 
            "sha512": "24e5af4a8bd159daefa495a5287d1505b0f2ba1df45e9a046b0d6c9cbc15c7daf27a64b501fb21a5fde1ff385d3946f21b65768646bb9cbe973305a46577bee5", 
            "md5": "36a70f825b8b71a3d9ba3ac9c5800683"
        }
    }, 
    "network": {
        "tls": [], 
        "udp": [
            {
                "src": "192.168.56.101", 
                "dst": "192.168.56.255", 
                "offset": 234, 
                "time": -0.5446200370788574, 
                "dport": 8610, 
                "sport": 8612
            }, 
            {
                "src": "192.168.56.101", 
                "dst": "192.168.56.255", 
                "offset": 538, 
                "time": -0.5446529388427734, 
                "dport": 8612, 
                "sport": 8612
            }, 
            {
                "src": "192.168.56.101", 
                "dst": "224.0.0.251", 
                "offset": 842, 
                "time": 1.3072988986968994, 
                "dport": 5353, 
                "sport": 5353
            }
        ], 
        "dns_servers": [
            "224.0.0.251"
        ], 
        "http": [], 
        "icmp": [], 
        "smtp": [], 
        "tcp": [], 
        "smtp_ex": [], 
        "mitm": [], 
        "hosts": [], 
        "pcap_sha256": "615a10e097e01ad6b66b9a1cfbf7f1bef23dd87df0b3b91d4a5f4ce2f16f743b", 
        "dns": [
            {
                "type": "PTR", 
                "request": "_ipps._tcp.local", 
                "answers": []
            }
        ], 
        "http_ex": [], 
        "domains": [
            {
                "ip": "", 
                "domain": "_ipps._tcp.local"
            }
        ], 
        "dead_hosts": [], 
        "sorted_pcap_sha256": "e782cda393f2e8606b15eefb2817bc13ee5d16785b5e6c44df429a11e1c6a211", 
        "irc": [], 
        "https_ex": []
    }, 
    "behavior": {
        "generic": [
            {
                "process_path": null, 
                "process_name": "dd", 
                "pid": 2082, 
                "summary": {}, 
                "first_seen": 1626372424.970995, 
                "ppid": 2081
            }
        ], 
        "processes": [
            {
                "calls": [
                    {
                        "status": "", 
                        "raw": "Thu Jul 15 18:07:04 2021.970995 dd@7f6d6452c0a9[2082] execve(\"/tmp/dd\", [\"/tmp/dd\"], [\"LC_TIME=de_CH.UTF-8\", \"HOME=/root\", \"LC_MONETARY=de_CH.UTF-8\", \"LOGNAME=root\", \"PATH=/usr/bin:/bin\", \"LC_ADDRESS=de_CH.UTF-8\", \"LANG=en_US.UTF-8\", \"LC_TELEPHONE=de_CH.UTF-8\", \"LC_NAME=de_CH.UTF-8\", \"SHELL=/bin/sh\", \"LC_MEASUREMENT=de_CH.UTF-8\", \"LC_IDENTIFICATION=de_CH.UTF-8\", \"PWD=/tmpn3_Qvb\", \"LC_NUMERIC=de_CH.UTF-8\", \"LC_PAPER=de_CH.UTF-8\"])\n", 
                        "api": "execve", 
                        "return_value": "", 
                        "instruction_pointer": "7f6d6452c0a9", 
                        "time": 1626372424.970995, 
                        "process_name": "dd", 
                        "pid": 2082, 
                        "arguments": {
                            "p2": [
                                "LC_TIME=de_CH.UTF-8", 
                                "HOME=/root", 
                                "LC_MONETARY=de_CH.UTF-8", 
                                "LOGNAME=root", 
                                "PATH=/usr/bin:/bin", 
                                "LC_ADDRESS=de_CH.UTF-8", 
                                "LANG=en_US.UTF-8", 
                                "LC_TELEPHONE=de_CH.UTF-8", 
                                "LC_NAME=de_CH.UTF-8", 
                                "SHELL=/bin/sh", 
                                "LC_MEASUREMENT=de_CH.UTF-8", 
                                "LC_IDENTIFICATION=de_CH.UTF-8", 
                                "PWD=/tmpn3_Qvb", 
                                "LC_NUMERIC=de_CH.UTF-8", 
                                "LC_PAPER=de_CH.UTF-8"
                            ], 
                            "p0": "/tmp/dd", 
                            "p1": [
                                "/tmp/dd"
                            ]
                        }
                    }, 
                    {
                        "status": "", 
                        "raw": "Thu Jul 15 18:07:04 2021.971459 dd@7f6d6452c0a9[2082] brk(0x0) = 94811828879360\n", 
                        "api": "brk", 
                        "return_value": "94811828879360", 
                        "instruction_pointer": "7f6d6452c0a9", 
                        "time": 1626372424.971459, 
                        "process_name": "dd", 
                        "pid": 2082, 
                        "arguments": {
                            "p0": "0x0"
                        }
                    }, 
                    {
                        "status": "ENOENT", 
                        "raw": "Thu Jul 15 18:07:04 2021.971497 dd@7f6d6451f96e[2082] access(\"/etc/ld.so.nohwcap\", F_OK) = -2 (ENOENT)\n", 
                        "api": "access", 
                        "return_value": "-2", 
                        "instruction_pointer": "7f6d6451f96e", 
                        "time": 1626372424.971497, 
                        "process_name": "dd", 
                        "pid": 2082, 
                        "arguments": {
                            "p0": "/etc/ld.so.nohwcap", 
                            "p1": "F_OK"
                        }
                    }, 
                    {
                        "status": "ENOENT", 
                        "raw": "Thu Jul 15 18:07:04 2021.971514 dd@7f6d6452d007[2082] access(\"/etc/ld.so.preload\", R_OK) = -2 (ENOENT)\n", 
                        "api": "access", 
                        "return_value": "-2", 
                        "instruction_pointer": "7f6d6452d007", 
                        "time": 1626372424.971514, 
                        "process_name": "dd", 
                        "pid": 2082, 
                        "arguments": {
                            "p0": "/etc/ld.so.preload", 
                            "p1": "R_OK"
                        }
                    }, 
                    {
                        "status": "", 
                        "raw": "Thu Jul 15 18:07:04 2021.971532 dd@7f6d6452cebd[2082] openat(AT_FDCWD, \"/etc/ld.so.cache\", O_RDONLY|O_CLOEXEC) = 6\n", 
                        "api": "openat", 
                        "return_value": "6", 
                        "instruction_pointer": "7f6d6452cebd", 
                        "time": 1626372424.971532, 
                        "process_name": "dd", 
                        "pid": 2082, 
                        "arguments": {
                            "p2": "O_RDONLY|O_CLOEXEC", 
                            "p0": "AT_FDCWD", 
                            "p1": "/etc/ld.so.cache"
                        }
                    }, 
                    {
                        "status": "", 
                        "raw": "Thu Jul 15 18:07:04 2021.971546 dd@7f6d6452ce23[2082] fstat(6, 0x7ffea3c37e50) = 0\n", 
                        "api": "fstat", 
                        "return_value": "0", 
                        "instruction_pointer": "7f6d6452ce23", 
                        "time": 1626372424.971546, 
                        "process_name": "dd", 
                        "pid": 2082, 
                        "arguments": {
                            "p0": "6", 
                            "p1": "0x7ffea3c37e50"
                        }
                    }, 
                    {
                        "status": "", 
                        "raw": "Thu Jul 15 18:07:04 2021.971557 dd@7f6d6452d123[2082] mmap2(0x0, 85414, PROT_READ, MAP_PRIVATE, 6, 0) = 0x7f6d64724000\n", 
                        "api": "mmap2", 
                        "return_value": "0x7f6d64724000", 
                        "instruction_pointer": "7f6d6452d123", 
                        "time": 1626372424.971557, 
                        "process_name": "dd", 
                        "pid": 2082, 
                        "arguments": {
                            "p2": "PROT_READ", 
                            "p3": "MAP_PRIVATE", 
                            "p0": "0x0", 
                            "p1": "85414", 
                            "p4": "6", 
                            "p5": "0"
                        }
                    }, 
                    {
                        "status": "", 
                        "raw": "Thu Jul 15 18:07:04 2021.971569 dd@7f6d6452d0b7[2082] close(6) = 0\n", 
                        "api": "close", 
                        "return_value": "0", 
                        "instruction_pointer": "7f6d6452d0b7", 
                        "time": 1626372424.971569, 
                        "process_name": "dd", 
                        "pid": 2082, 
                        "arguments": {
                            "p0": "6"
                        }
                    }, 
                    {
                        "status": "ENOENT", 
                        "raw": "Thu Jul 15 18:07:04 2021.971584 dd@7f6d645282d9[2082] access(\"/etc/ld.so.nohwcap\", F_OK) = -2 (ENOENT)\n", 
                        "api": "access", 
                        "return_value": "-2", 
                        "instruction_pointer": "7f6d645282d9", 
                        "time": 1626372424.971584, 
                        "process_name": "dd", 
                        "pid": 2082, 
                        "arguments": {
                            "p0": "/etc/ld.so.nohwcap", 
                            "p1": "F_OK"
                        }
                    }, 
                    {
                        "status": "", 
                        "raw": "Thu Jul 15 18:07:04 2021.971601 dd@7f6d6452cebd[2082] openat(AT_FDCWD, \"/lib/x86_64-linux-gnu/libc.so.6\", O_RDONLY|O_CLOEXEC) = 6\n", 
                        "api": "openat", 
                        "return_value": "6", 
                        "instruction_pointer": "7f6d6452cebd", 
                        "time": 1626372424.971601, 
                        "process_name": "dd", 
                        "pid": 2082, 
                        "arguments": {
                            "p2": "O_RDONLY|O_CLOEXEC", 
                            "p0": "AT_FDCWD", 
                            "p1": "/lib/x86_64-linux-gnu/libc.so.6"
                        }
                    }, 
                    {
                        "status": "", 
                        "raw": "Thu Jul 15 18:07:04 2021.971615 dd@7f6d6452cf84[2082] read(6, 0x7ffea3c38018, 832) = 832\n", 
                        "api": "read", 
                        "return_value": "832", 
                        "instruction_pointer": "7f6d6452cf84", 
                        "time": 1626372424.971615, 
                        "process_name": "dd", 
                        "pid": 2082, 
                        "arguments": {
                            "p2": "832", 
                            "p0": "6", 
                            "p1": "0x7ffea3c38018"
                        }
                    }, 
                    {
                        "status": "", 
                        "raw": "Thu Jul 15 18:07:04 2021.971639 dd@7f6d6452ce23[2082] fstat(6, 0x7ffea3c37eb0) = 0\n", 
                        "api": "fstat", 
                        "return_value": "0", 
                        "instruction_pointer": "7f6d6452ce23", 
                        "time": 1626372424.971639, 
                        "process_name": "dd", 
                        "pid": 2082, 
                        "arguments": {
                            "p0": "6", 
                            "p1": "0x7ffea3c37eb0"
                        }
                    }, 
                    {
                        "status": "", 
                        "raw": "Thu Jul 15 18:07:04 2021.971649 dd@7f6d6452d123[2082] mmap2(0x0, 8192, PROT_READ|PROT_WRITE, MAP_PRIVATE|MAP_ANONYMOUS, -1, 0) = 0x7f6d64722000\n", 
                        "api": "mmap2", 
                        "return_value": "0x7f6d64722000", 
                        "instruction_pointer": "7f6d6452d123", 
                        "time": 1626372424.971649, 
                        "process_name": "dd", 
                        "pid": 2082, 
                        "arguments": {
                            "p2": "PROT_READ|PROT_WRITE", 
                            "p3": "MAP_PRIVATE|MAP_ANONYMOUS", 
                            "p0": "0x0", 
                            "p1": "8192", 
                            "p4": "-1", 
                            "p5": "0"
                        }
                    }, 
                    {
                        "status": "", 
                        "raw": "Thu Jul 15 18:07:04 2021.971665 dd@7f6d6452d123[2082] mmap2(0x0, 4131552, PROT_READ|PROT_EXEC, MAP_PRIVATE|MAP_DENYWRITE, 6, 0) = 0x7f6d6411f000\n", 
                        "api": "mmap2", 
                        "return_value": "0x7f6d6411f000", 
                        "instruction_pointer": "7f6d6452d123", 
                        "time": 1626372424.971665, 
                        "process_name": "dd", 
                        "pid": 2082, 
                        "arguments": {
                            "p2": "PROT_READ|PROT_EXEC", 
                            "p3": "MAP_PRIVATE|MAP_DENYWRITE", 
                            "p0": "0x0", 
                            "p1": "4131552", 
                            "p4": "6", 
                            "p5": "0"
                        }
                    }, 
                    {
                        "status": "", 
                        "raw": "Thu Jul 15 18:07:04 2021.971678 dd@7f6d6452d1d7[2082] mprotect(0x7f6d64306000, 2097152, PROT_NONE) = 0\n", 
                        "api": "mprotect", 
                        "return_value": "0", 
                        "instruction_pointer": "7f6d6452d1d7", 
                        "time": 1626372424.971678, 
                        "process_name": "dd", 
                        "pid": 2082, 
                        "arguments": {
                            "p2": "PROT_NONE", 
                            "p0": "0x7f6d64306000", 
                            "p1": "2097152"
                        }
                    }, 
                    {
                        "status": "", 
                        "raw": "Thu Jul 15 18:07:04 2021.971694 dd@7f6d6452d123[2082] mmap2(0x7f6d64506000, 24576, PROT_READ|PROT_WRITE, MAP_PRIVATE|MAP_FIXED|MAP_DENYWRITE, 6, 1994752) = 0x7f6d64506000\n", 
                        "api": "mmap2", 
                        "return_value": "0x7f6d64506000", 
                        "instruction_pointer": "7f6d6452d123", 
                        "time": 1626372424.971694, 
                        "process_name": "dd", 
                        "pid": 2082, 
                        "arguments": {
                            "p2": "PROT_READ|PROT_WRITE", 
                            "p3": "MAP_PRIVATE|MAP_FIXED|MAP_DENYWRITE", 
                            "p0": "0x7f6d64506000", 
                            "p1": "24576", 
                            "p4": "6", 
                            "p5": "1994752"
                        }
                    }, 
                    {
                        "status": "", 
                        "raw": "Thu Jul 15 18:07:04 2021.971713 dd@7f6d6452d123[2082] mmap2(0x7f6d6450c000, 15072, PROT_READ|PROT_WRITE, MAP_PRIVATE|MAP_FIXED|MAP_ANONYMOUS, -1, 0) = 0x7f6d6450c000\n", 
                        "api": "mmap2", 
                        "return_value": "0x7f6d6450c000", 
                        "instruction_pointer": "7f6d6452d123", 
                        "time": 1626372424.971713, 
                        "process_name": "dd", 
                        "pid": 2082, 
                        "arguments": {
                            "p2": "PROT_READ|PROT_WRITE", 
                            "p3": "MAP_PRIVATE|MAP_FIXED|MAP_ANONYMOUS", 
                            "p0": "0x7f6d6450c000", 
                            "p1": "15072", 
                            "p4": "-1", 
                            "p5": "0"
                        }
                    }, 
                    {
                        "status": "", 
                        "raw": "Thu Jul 15 18:07:04 2021.971732 dd@7f6d6452d0b7[2082] close(6) = 0\n", 
                        "api": "close", 
                        "return_value": "0", 
                        "instruction_pointer": "7f6d6452d0b7", 
                        "time": 1626372424.971732, 
                        "process_name": "dd", 
                        "pid": 2082, 
                        "arguments": {
                            "p0": "6"
                        }
                    }, 
                    {
                        "status": "", 
                        "raw": "Thu Jul 15 18:07:04 2021.971756 dd@7f6d64511024[2082] arch_prctl(ARCH_SET_FS, 140107813369152) = 0\n", 
                        "api": "arch_prctl", 
                        "return_value": "0", 
                        "instruction_pointer": "7f6d64511024", 
                        "time": 1626372424.971756, 
                        "process_name": "dd", 
                        "pid": 2082, 
                        "arguments": {
                            "p0": "ARCH_SET_FS", 
                            "p1": "140107813369152"
                        }
                    }, 
                    {
                        "status": "", 
                        "raw": "Thu Jul 15 18:07:04 2021.971823 dd@7f6d6452d1d7[2082] mprotect(0x7f6d64506000, 16384, PROT_READ) = 0\n", 
                        "api": "mprotect", 
                        "return_value": "0", 
                        "instruction_pointer": "7f6d6452d1d7", 
                        "time": 1626372424.971823, 
                        "process_name": "dd", 
                        "pid": 2082, 
                        "arguments": {
                            "p2": "PROT_READ", 
                            "p0": "0x7f6d64506000", 
                            "p1": "16384"
                        }
                    }, 
                    {
                        "status": "", 
                        "raw": "Thu Jul 15 18:07:04 2021.971863 dd@7f6d6452d1d7[2082] mprotect(0x563b17d6b000, 4096, PROT_READ) = 0\n", 
                        "api": "mprotect", 
                        "return_value": "0", 
                        "instruction_pointer": "7f6d6452d1d7", 
                        "time": 1626372424.971863, 
                        "process_name": "dd", 
                        "pid": 2082, 
                        "arguments": {
                            "p2": "PROT_READ", 
                            "p0": "0x563b17d6b000", 
                            "p1": "4096"
                        }
                    }, 
                    {
                        "status": "", 
                        "raw": "Thu Jul 15 18:07:04 2021.971880 dd@7f6d6452d1d7[2082] mprotect(0x7f6d64739000, 4096, PROT_READ) = 0\n", 
                        "api": "mprotect", 
                        "return_value": "0", 
                        "instruction_pointer": "7f6d6452d1d7", 
                        "time": 1626372424.97188, 
                        "process_name": "dd", 
                        "pid": 2082, 
                        "arguments": {
                            "p2": "PROT_READ", 
                            "p0": "0x7f6d64739000", 
                            "p1": "4096"
                        }
                    }, 
                    {
                        "status": "", 
                        "raw": "Thu Jul 15 18:07:04 2021.971895 dd@7f6d6452d1b7[2082] munmap(0x7f6d64724000, 85414) = 0\n", 
                        "api": "munmap", 
                        "return_value": "0", 
                        "instruction_pointer": "7f6d6452d1b7", 
                        "time": 1626372424.971895, 
                        "process_name": "dd", 
                        "pid": 2082, 
                        "arguments": {
                            "p0": "0x7f6d64724000", 
                            "p1": "85414"
                        }
                    }, 
                    {
                        "status": "", 
                        "raw": "Thu Jul 15 18:07:04 2021.971960 dd@7f6d6415e10d[2082] rt_sigaction(SIGINT, {NULL}, 0x7ffea3c38680, 8) = 0\n", 
                        "api": "rt_sigaction", 
                        "return_value": "0", 
                        "instruction_pointer": "7f6d6415e10d", 
                        "time": 1626372424.97196, 
                        "process_name": "dd", 
                        "pid": 2082, 
                        "arguments": {
                            "p2": "0x7ffea3c38680", 
                            "p3": "8", 
                            "p0": "SIGINT", 
                            "p1": [
                                "NULL"
                            ]
                        }
                    }, 
                    {
                        "status": "", 
                        "raw": "Thu Jul 15 18:07:04 2021.971972 dd@7f6d6415e10d[2082] rt_sigaction(SIGUSR1, {0x563b17b5e0e0, SA_RESTORER, 0x7f6d6415e040, [SIGINT|SIGUSR1]}, 0x0, 8) = 0\n", 
                        "api": "rt_sigaction", 
                        "return_value": "0", 
                        "instruction_pointer": "7f6d6415e10d", 
                        "time": 1626372424.971972, 
                        "process_name": "dd", 
                        "pid": 2082, 
                        "arguments": {
                            "p2": "0x0", 
                            "p3": "8", 
                            "p0": "SIGUSR1", 
                            "p1": [
                                "0x563b17b5e0e0", 
                                "SA_RESTORER", 
                                "0x7f6d6415e040", 
                                [
                                    "SIGINT|SIGUSR1]"
                                ]
                            ]
                        }
                    }, 
                    {
                        "status": "", 
                        "raw": "Thu Jul 15 18:07:04 2021.971985 dd@7f6d6415e10d[2082] rt_sigaction(SIGINT, {0x563b17b5e0d0, SA_RESETHAND|SA_NODEFER|SA_RESTORER|0xffffffff00000000, 0x7f6d6415e040, [SIGINT|SIGUSR1]}, 0x0, 8) = 0\n", 
                        "api": "rt_sigaction", 
                        "return_value": "0", 
                        "instruction_pointer": "7f6d6415e10d", 
                        "time": 1626372424.971985, 
                        "process_name": "dd", 
                        "pid": 2082, 
                        "arguments": {
                            "p2": "0x0", 
                            "p3": "8", 
                            "p0": "SIGINT", 
                            "p1": [
                                "0x563b17b5e0d0", 
                                "SA_RESETHAND|SA_NODEFER|SA_RESTORER|0xffffffff00000000", 
                                "0x7f6d6415e040", 
                                [
                                    "SIGINT|SIGUSR1]"
                                ]
                            ]
                        }
                    }, 
                    {
                        "status": "", 
                        "raw": "Thu Jul 15 18:07:04 2021.972034 dd@7f6d642351f9[2082] brk(0x0) = 94811828879360\n", 
                        "api": "brk", 
                        "return_value": "94811828879360", 
                        "instruction_pointer": "7f6d642351f9", 
                        "time": 1626372424.972034, 
                        "process_name": "dd", 
                        "pid": 2082, 
                        "arguments": {
                            "p0": "0x0"
                        }
                    }, 
                    {
                        "status": "", 
                        "raw": "Thu Jul 15 18:07:04 2021.972043 dd@7f6d642351f9[2082] brk(0x563b19639000) = 94811829014528\n", 
                        "api": "brk", 
                        "return_value": "94811829014528", 
                        "instruction_pointer": "7f6d642351f9", 
                        "time": 1626372424.972043, 
                        "process_name": "dd", 
                        "pid": 2082, 
                        "arguments": {
                            "p0": "0x563b19639000"
                        }
                    }, 
                    {
                        "status": "", 
                        "raw": "Thu Jul 15 18:07:04 2021.972065 dd@7f6d6422ee81[2082] openat(AT_FDCWD, \"/usr/lib/locale/locale-archive\", O_RDONLY|O_CLOEXEC) = 6\n", 
                        "api": "openat", 
                        "return_value": "6", 
                        "instruction_pointer": "7f6d6422ee81", 
                        "time": 1626372424.972065, 
                        "process_name": "dd", 
                        "pid": 2082, 
                        "arguments": {
                            "p2": "O_RDONLY|O_CLOEXEC", 
                            "p0": "AT_FDCWD", 
                            "p1": "/usr/lib/locale/locale-archive"
                        }
                    }, 
                    {
                        "status": "", 
                        "raw": "Thu Jul 15 18:07:04 2021.972080 dd@7f6d6422e893[2082] fstat(6, 0x7f6d6450bac0) = 0\n", 
                        "api": "fstat", 
                        "return_value": "0", 
                        "instruction_pointer": "7f6d6422e893", 
                        "time": 1626372424.97208, 
                        "process_name": "dd", 
                        "pid": 2082, 
                        "arguments": {
                            "p0": "6", 
                            "p1": "0x7f6d6450bac0"
                        }
                    }, 
                    {
                        "status": "", 
                        "raw": "Thu Jul 15 18:07:04 2021.972090 dd@7f6d6423a813[2082] mmap2(0x0, 3339216, PROT_READ, MAP_PRIVATE, 6, 0) = 0x7f6d63def000\n", 
                        "api": "mmap2", 
                        "return_value": "0x7f6d63def000", 
                        "instruction_pointer": "7f6d6423a813", 
                        "time": 1626372424.97209, 
                        "process_name": "dd", 
                        "pid": 2082, 
                        "arguments": {
                            "p2": "PROT_READ", 
                            "p3": "MAP_PRIVATE", 
                            "p0": "0x0", 
                            "p1": "3339216", 
                            "p4": "6", 
                            "p5": "0"
                        }
                    }, 
                    {
                        "status": "", 
                        "raw": "Thu Jul 15 18:07:04 2021.972107 dd@7f6d6422fa17[2082] close(6) = 0\n", 
                        "api": "close", 
                        "return_value": "0", 
                        "instruction_pointer": "7f6d6422fa17", 
                        "time": 1626372424.972107, 
                        "process_name": "dd", 
                        "pid": 2082, 
                        "arguments": {
                            "p0": "6"
                        }
                    }, 
                    {
                        "status": "", 
                        "raw": "Thu Jul 15 18:07:04 2021.972185 dd@7f6d6422ee81[2082] openat(AT_FDCWD, \"/usr/share/locale/locale.alias\", O_RDONLY|O_CLOEXEC) = 6\n", 
                        "api": "openat", 
                        "return_value": "6", 
                        "instruction_pointer": "7f6d6422ee81", 
                        "time": 1626372424.972185, 
                        "process_name": "dd", 
                        "pid": 2082, 
                        "arguments": {
                            "p2": "O_RDONLY|O_CLOEXEC", 
                            "p0": "AT_FDCWD", 
                            "p1": "/usr/share/locale/locale.alias"
                        }
                    }, 
                    {
                        "status": "", 
                        "raw": "Thu Jul 15 18:07:04 2021.972200 dd@7f6d6422e893[2082] fstat(6, 0x7ffea3c38110) = 0\n", 
                        "api": "fstat", 
                        "return_value": "0", 
                        "instruction_pointer": "7f6d6422e893", 
                        "time": 1626372424.9722, 
                        "process_name": "dd", 
                        "pid": 2082, 
                        "arguments": {
                            "p0": "6", 
                            "p1": "0x7ffea3c38110"
                        }
                    }, 
                    {
                        "status": "", 
                        "raw": "Thu Jul 15 18:07:04 2021.972225 dd@7f6d6422f1e4[2082] read(6, 0x563b1961a730, 4096) = 2995\n", 
                        "api": "read", 
                        "return_value": "2995", 
                        "instruction_pointer": "7f6d6422f1e4", 
                        "time": 1626372424.972225, 
                        "process_name": "dd", 
                        "pid": 2082, 
                        "arguments": {
                            "p2": "4096", 
                            "p0": "6", 
                            "p1": "0x563b1961a730"
                        }
                    }, 
                    {
                        "status": "", 
                        "raw": "Thu Jul 15 18:07:04 2021.972246 dd@7f6d6422f1e4[2082] read(6, 0x563b1961a730, 4096) = 0\n", 
                        "api": "read", 
                        "return_value": "0", 
                        "instruction_pointer": "7f6d6422f1e4", 
                        "time": 1626372424.972246, 
                        "process_name": "dd", 
                        "pid": 2082, 
                        "arguments": {
                            "p2": "4096", 
                            "p0": "6", 
                            "p1": "0x563b1961a730"
                        }
                    }, 
                    {
                        "status": "", 
                        "raw": "Thu Jul 15 18:07:04 2021.972254 dd@7f6d6422fa17[2082] close(6) = 0\n", 
                        "api": "close", 
                        "return_value": "0", 
                        "instruction_pointer": "7f6d6422fa17", 
                        "time": 1626372424.972254, 
                        "process_name": "dd", 
                        "pid": 2082, 
                        "arguments": {
                            "p0": "6"
                        }
                    }, 
                    {
                        "status": "ENOENT", 
                        "raw": "Thu Jul 15 18:07:04 2021.972319 dd@7f6d6422ee81[2082] openat(AT_FDCWD, \"/usr/share/locale/en_US.UTF-8/LC_MESSAGES/coreutils.mo\", O_RDONLY) = -2 (ENOENT)\n", 
                        "api": "openat", 
                        "return_value": "-2", 
                        "instruction_pointer": "7f6d6422ee81", 
                        "time": 1626372424.972319, 
                        "process_name": "dd", 
                        "pid": 2082, 
                        "arguments": {
                            "p2": "O_RDONLY", 
                            "p0": "AT_FDCWD", 
                            "p1": "/usr/share/locale/en_US.UTF-8/LC_MESSAGES/coreutils.mo"
                        }
                    }, 
                    {
                        "status": "ENOENT", 
                        "raw": "Thu Jul 15 18:07:04 2021.972353 dd@7f6d6422ee81[2082] openat(AT_FDCWD, \"/usr/share/locale/en_US.utf8/LC_MESSAGES/coreutils.mo\", O_RDONLY) = -2 (ENOENT)\n", 
                        "api": "openat", 
                        "return_value": "-2", 
                        "instruction_pointer": "7f6d6422ee81", 
                        "time": 1626372424.972353, 
                        "process_name": "dd", 
                        "pid": 2082, 
                        "arguments": {
                            "p2": "O_RDONLY", 
                            "p0": "AT_FDCWD", 
                            "p1": "/usr/share/locale/en_US.utf8/LC_MESSAGES/coreutils.mo"
                        }
                    }, 
                    {
                        "status": "ENOENT", 
                        "raw": "Thu Jul 15 18:07:04 2021.972368 dd@7f6d6422ee81[2082] openat(AT_FDCWD, \"/usr/share/locale/en_US/LC_MESSAGES/coreutils.mo\", O_RDONLY) = -2 (ENOENT)\n", 
                        "api": "openat", 
                        "return_value": "-2", 
                        "instruction_pointer": "7f6d6422ee81", 
                        "time": 1626372424.972368, 
                        "process_name": "dd", 
                        "pid": 2082, 
                        "arguments": {
                            "p2": "O_RDONLY", 
                            "p0": "AT_FDCWD", 
                            "p1": "/usr/share/locale/en_US/LC_MESSAGES/coreutils.mo"
                        }
                    }, 
                    {
                        "status": "ENOENT", 
                        "raw": "Thu Jul 15 18:07:04 2021.972383 dd@7f6d6422ee81[2082] openat(AT_FDCWD, \"/usr/share/locale/en.UTF-8/LC_MESSAGES/coreutils.mo\", O_RDONLY) = -2 (ENOENT)\n", 
                        "api": "openat", 
                        "return_value": "-2", 
                        "instruction_pointer": "7f6d6422ee81", 
                        "time": 1626372424.972383, 
                        "process_name": "dd", 
                        "pid": 2082, 
                        "arguments": {
                            "p2": "O_RDONLY", 
                            "p0": "AT_FDCWD", 
                            "p1": "/usr/share/locale/en.UTF-8/LC_MESSAGES/coreutils.mo"
                        }
                    }, 
                    {
                        "status": "ENOENT", 
                        "raw": "Thu Jul 15 18:07:04 2021.972398 dd@7f6d6422ee81[2082] openat(AT_FDCWD, \"/usr/share/locale/en.utf8/LC_MESSAGES/coreutils.mo\", O_RDONLY) = -2 (ENOENT)\n", 
                        "api": "openat", 
                        "return_value": "-2", 
                        "instruction_pointer": "7f6d6422ee81", 
                        "time": 1626372424.972398, 
                        "process_name": "dd", 
                        "pid": 2082, 
                        "arguments": {
                            "p2": "O_RDONLY", 
                            "p0": "AT_FDCWD", 
                            "p1": "/usr/share/locale/en.utf8/LC_MESSAGES/coreutils.mo"
                        }
                    }, 
                    {
                        "status": "ENOENT", 
                        "raw": "Thu Jul 15 18:07:04 2021.972412 dd@7f6d6422ee81[2082] openat(AT_FDCWD, \"/usr/share/locale/en/LC_MESSAGES/coreutils.mo\", O_RDONLY) = -2 (ENOENT)\n", 
                        "api": "openat", 
                        "return_value": "-2", 
                        "instruction_pointer": "7f6d6422ee81", 
                        "time": 1626372424.972412, 
                        "process_name": "dd", 
                        "pid": 2082, 
                        "arguments": {
                            "p2": "O_RDONLY", 
                            "p0": "AT_FDCWD", 
                            "p1": "/usr/share/locale/en/LC_MESSAGES/coreutils.mo"
                        }
                    }, 
                    {
                        "status": "ENOENT", 
                        "raw": "Thu Jul 15 18:07:04 2021.972428 dd@7f6d6422ee81[2082] openat(AT_FDCWD, \"/usr/share/locale-langpack/en_US.UTF-8/LC_MESSAGES/coreutils.mo\", O_RDONLY) = -2 (ENOENT)\n", 
                        "api": "openat", 
                        "return_value": "-2", 
                        "instruction_pointer": "7f6d6422ee81", 
                        "time": 1626372424.972428, 
                        "process_name": "dd", 
                        "pid": 2082, 
                        "arguments": {
                            "p2": "O_RDONLY", 
                            "p0": "AT_FDCWD", 
                            "p1": "/usr/share/locale-langpack/en_US.UTF-8/LC_MESSAGES/coreutils.mo"
                        }
                    }, 
                    {
                        "status": "ENOENT", 
                        "raw": "Thu Jul 15 18:07:04 2021.972444 dd@7f6d6422ee81[2082] openat(AT_FDCWD, \"/usr/share/locale-langpack/en_US.utf8/LC_MESSAGES/coreutils.mo\", O_RDONLY) = -2 (ENOENT)\n", 
                        "api": "openat", 
                        "return_value": "-2", 
                        "instruction_pointer": "7f6d6422ee81", 
                        "time": 1626372424.972444, 
                        "process_name": "dd", 
                        "pid": 2082, 
                        "arguments": {
                            "p2": "O_RDONLY", 
                            "p0": "AT_FDCWD", 
                            "p1": "/usr/share/locale-langpack/en_US.utf8/LC_MESSAGES/coreutils.mo"
                        }
                    }, 
                    {
                        "status": "ENOENT", 
                        "raw": "Thu Jul 15 18:07:04 2021.972459 dd@7f6d6422ee81[2082] openat(AT_FDCWD, \"/usr/share/locale-langpack/en_US/LC_MESSAGES/coreutils.mo\", O_RDONLY) = -2 (ENOENT)\n", 
                        "api": "openat", 
                        "return_value": "-2", 
                        "instruction_pointer": "7f6d6422ee81", 
                        "time": 1626372424.972459, 
                        "process_name": "dd", 
                        "pid": 2082, 
                        "arguments": {
                            "p2": "O_RDONLY", 
                            "p0": "AT_FDCWD", 
                            "p1": "/usr/share/locale-langpack/en_US/LC_MESSAGES/coreutils.mo"
                        }
                    }, 
                    {
                        "status": "ENOENT", 
                        "raw": "Thu Jul 15 18:07:04 2021.972475 dd@7f6d6422ee81[2082] openat(AT_FDCWD, \"/usr/share/locale-langpack/en.UTF-8/LC_MESSAGES/coreutils.mo\", O_RDONLY) = -2 (ENOENT)\n", 
                        "api": "openat", 
                        "return_value": "-2", 
                        "instruction_pointer": "7f6d6422ee81", 
                        "time": 1626372424.972475, 
                        "process_name": "dd", 
                        "pid": 2082, 
                        "arguments": {
                            "p2": "O_RDONLY", 
                            "p0": "AT_FDCWD", 
                            "p1": "/usr/share/locale-langpack/en.UTF-8/LC_MESSAGES/coreutils.mo"
                        }
                    }, 
                    {
                        "status": "ENOENT", 
                        "raw": "Thu Jul 15 18:07:04 2021.972491 dd@7f6d6422ee81[2082] openat(AT_FDCWD, \"/usr/share/locale-langpack/en.utf8/LC_MESSAGES/coreutils.mo\", O_RDONLY) = -2 (ENOENT)\n", 
                        "api": "openat", 
                        "return_value": "-2", 
                        "instruction_pointer": "7f6d6422ee81", 
                        "time": 1626372424.972491, 
                        "process_name": "dd", 
                        "pid": 2082, 
                        "arguments": {
                            "p2": "O_RDONLY", 
                            "p0": "AT_FDCWD", 
                            "p1": "/usr/share/locale-langpack/en.utf8/LC_MESSAGES/coreutils.mo"
                        }
                    }, 
                    {
                        "status": "", 
                        "raw": "Thu Jul 15 18:07:04 2021.972506 dd@7f6d6422ee81[2082] openat(AT_FDCWD, \"/usr/share/locale-langpack/en/LC_MESSAGES/coreutils.mo\", O_RDONLY) = 6\n", 
                        "api": "openat", 
                        "return_value": "6", 
                        "instruction_pointer": "7f6d6422ee81", 
                        "time": 1626372424.972506, 
                        "process_name": "dd", 
                        "pid": 2082, 
                        "arguments": {
                            "p2": "O_RDONLY", 
                            "p0": "AT_FDCWD", 
                            "p1": "/usr/share/locale-langpack/en/LC_MESSAGES/coreutils.mo"
                        }
                    }, 
                    {
                        "status": "", 
                        "raw": "Thu Jul 15 18:07:04 2021.972518 dd@7f6d6422e893[2082] fstat(6, 0x7ffea3c38470) = 0\n", 
                        "api": "fstat", 
                        "return_value": "0", 
                        "instruction_pointer": "7f6d6422e893", 
                        "time": 1626372424.972518, 
                        "process_name": "dd", 
                        "pid": 2082, 
                        "arguments": {
                            "p0": "6", 
                            "p1": "0x7ffea3c38470"
                        }
                    }, 
                    {
                        "status": "", 
                        "raw": "Thu Jul 15 18:07:04 2021.972527 dd@7f6d6423a813[2082] mmap2(0x0, 578, PROT_READ, MAP_PRIVATE, 6, 0) = 0x7f6d64738000\n", 
                        "api": "mmap2", 
                        "return_value": "0x7f6d64738000", 
                        "instruction_pointer": "7f6d6423a813", 
                        "time": 1626372424.972527, 
                        "process_name": "dd", 
                        "pid": 2082, 
                        "arguments": {
                            "p2": "PROT_READ", 
                            "p3": "MAP_PRIVATE", 
                            "p0": "0x0", 
                            "p1": "578", 
                            "p4": "6", 
                            "p5": "0"
                        }
                    }, 
                    {
                        "status": "", 
                        "raw": "Thu Jul 15 18:07:04 2021.972544 dd@7f6d6422fa17[2082] close(6) = 0\n", 
                        "api": "close", 
                        "return_value": "0", 
                        "instruction_pointer": "7f6d6422fa17", 
                        "time": 1626372424.972544, 
                        "process_name": "dd", 
                        "pid": 2082, 
                        "arguments": {
                            "p0": "6"
                        }
                    }, 
                    {
                        "status": "ESPIPE", 
                        "raw": "Thu Jul 15 18:07:04 2021.972561 dd@7f6d6422f2e7[2082] lseek(0, 0, SEEK_CUR) = -29 (ESPIPE)\n", 
                        "api": "lseek", 
                        "return_value": "-29", 
                        "instruction_pointer": "7f6d6422f2e7", 
                        "time": 1626372424.972561, 
                        "process_name": "dd", 
                        "pid": 2082, 
                        "arguments": {
                            "p2": "SEEK_CUR", 
                            "p0": "0", 
                            "p1": "0"
                        }
                    }, 
                    {
                        "status": "", 
                        "raw": "Thu Jul 15 18:07:04 2021.972579 dd@7f6d6422f151[2082] read(0, 0x563b1961d000, 512) = 0\n", 
                        "api": "read", 
                        "return_value": "0", 
                        "instruction_pointer": "7f6d6422f151", 
                        "time": 1626372424.972579, 
                        "process_name": "dd", 
                        "pid": 2082, 
                        "arguments": {
                            "p2": "512", 
                            "p0": "0", 
                            "p1": "0x563b1961d000"
                        }
                    }, 
                    {
                        "status": "", 
                        "raw": "Thu Jul 15 18:07:04 2021.972589 dd@7f6d6422f9a4[2082] close(0) = 0\n", 
                        "api": "close", 
                        "return_value": "0", 
                        "instruction_pointer": "7f6d6422f9a4", 
                        "time": 1626372424.972589, 
                        "process_name": "dd", 
                        "pid": 2082, 
                        "arguments": {
                            "p0": "0"
                        }
                    }, 
                    {
                        "status": "", 
                        "raw": "Thu Jul 15 18:07:04 2021.972597 dd@7f6d6422f9a4[2082] close(1) = 0\n", 
                        "api": "close", 
                        "return_value": "0", 
                        "instruction_pointer": "7f6d6422f9a4", 
                        "time": 1626372424.972597, 
                        "process_name": "dd", 
                        "pid": 2082, 
                        "arguments": {
                            "p0": "1"
                        }
                    }, 
                    {
                        "status": "", 
                        "raw": "Thu Jul 15 18:07:04 2021.972617 dd@7f6d6422f224[2082] write(2, \"0+0 records in\\n0+0 records out\\n\", 31) = 31\n", 
                        "api": "write", 
                        "return_value": "31", 
                        "instruction_pointer": "7f6d6422f224", 
                        "time": 1626372424.972617, 
                        "process_name": "dd", 
                        "pid": 2082, 
                        "arguments": {
                            "p2": "31", 
                            "p0": "2", 
                            "p1": "0+0 records in\n0+0 records out\n"
                        }
                    }, 
                    {
                        "status": "", 
                        "raw": "Thu Jul 15 18:07:04 2021.972650 dd@7f6d6422f224[2082] write(2, \"0 bytes copied\\x2c 6.1945e-05 s\\x2c 0.0 kB/s\", 38) = 38\n", 
                        "api": "write", 
                        "return_value": "38", 
                        "instruction_pointer": "7f6d6422f224", 
                        "time": 1626372424.97265, 
                        "process_name": "dd", 
                        "pid": 2082, 
                        "arguments": {
                            "p2": "38", 
                            "p0": "2", 
                            "p1": "0 bytes copied, 6.1945e-05 s, 0.0 kB/s"
                        }
                    }, 
                    {
                        "status": "", 
                        "raw": "Thu Jul 15 18:07:04 2021.972664 dd@7f6d6422f224[2082] write(2, \"\\n\", 1) = 1\n", 
                        "api": "write", 
                        "return_value": "1", 
                        "instruction_pointer": "7f6d6422f224", 
                        "time": 1626372424.972664, 
                        "process_name": "dd", 
                        "pid": 2082, 
                        "arguments": {
                            "p2": "1", 
                            "p0": "2", 
                            "p1": "\n"
                        }
                    }, 
                    {
                        "status": "", 
                        "raw": "Thu Jul 15 18:07:04 2021.972675 dd@7f6d6422fa17[2082] close(2) = 0\n", 
                        "api": "close", 
                        "return_value": "0", 
                        "instruction_pointer": "7f6d6422fa17", 
                        "time": 1626372424.972675, 
                        "process_name": "dd", 
                        "pid": 2082, 
                        "arguments": {
                            "p0": "2"
                        }
                    }, 
                    {
                        "status": "", 
                        "raw": "Thu Jul 15 18:07:04 2021.972685 dd@7f6d64203bd6[2082] exit_group(0)\n", 
                        "api": "exit_group", 
                        "return_value": "", 
                        "instruction_pointer": "7f6d64203bd6", 
                        "time": 1626372424.972685, 
                        "process_name": "dd", 
                        "pid": 2082, 
                        "arguments": {
                            "p0": "0"
                        }
                    }
                ], 
                "pid": 2082, 
                "process_name": "dd", 
                "command_line": "/tmp/dd", 
                "first_seen": 1626372424.970995, 
                "ppid": 2081, 
                "type": "process"
            }
        ], 
        "processtree": [
            {
                "track": true, 
                "pid": 2082, 
                "process_name": "dd", 
                "command_line": "/tmp/dd", 
                "first_seen": 1626372424.970995, 
                "ppid": 2081, 
                "children": []
            }
        ]
    }, 
    "debug": {
        "action": [], 
        "dbgview": [], 
        "errors": [], 
        "log": [
            "2021-07-15 20:07:01,002 [root] DEBUG: Starting analyzer from: /tmpn3_Qvb\n", 
            "2021-07-15 20:07:01,002 [root] DEBUG: Storing results at: /tmp/fAZBGD\n", 
            "2021-07-15 20:07:01,003 [root] DEBUG: BIANCA DEBUG: \n", 
            "2021-07-15 20:07:01,003 [root] DEBUG: No analysis package specified, trying to detect it automagically.\n", 
            "2021-07-15 20:07:01,003 [root] INFO: Automatically selected analysis package \"generic\"\n", 
            "2021-07-15 20:07:01,069 [root] DEBUG: Bianca DEBUG[<class 'modules.auxiliary.stap.STAP'>]\n", 
            "2021-07-15 20:07:01,070 [modules.auxiliary.stap] WARNING: BIANCA DEBUG: IT GOT TO STAP INIT\n", 
            "2021-07-15 20:07:01,070 [modules.auxiliary.stap] WARNING: BIANCA DEBUG: STAP STARTEDDDDDDDDDDDD\n", 
            "2021-07-15 20:07:01,079 [modules.auxiliary.stap] WARNING: BIANCAAAA stap path: /root/.cuckoo/stap_.ko\n", 
            "2021-07-15 20:07:01,079 [modules.auxiliary.stap] WARNING: HELLO DARKNESS MY OLD FRIENDDD\n", 
            "2021-07-15 20:07:01,087 [modules.auxiliary.stap] WARNING: IT STARTED NOW NOW NOW\n", 
            "2021-07-15 20:07:04,966 [modules.auxiliary.stap] DEBUG: STAP aux module startup took 3.89 seconds\n", 
            "2021-07-15 20:07:04,967 [root] DEBUG: Started auxiliary module STAP\n", 
            "2021-07-15 20:07:04,969 [root] INFO: Added new process to list with pid: 2081\n", 
            "2021-07-15 20:07:05,970 [root] INFO: Process with pid 2081 has terminated\n", 
            "2021-07-15 20:07:05,971 [root] INFO: Process list is empty, terminating analysis.\n", 
            "2021-07-15 20:07:06,977 [modules.auxiliary.stap] DEBUG: stap subprocess retval None\n", 
            "2021-07-15 20:07:06,978 [modules.auxiliary.stap] DEBUG: BIANCA SEND FILE FROM STRAP: stap.log -> logs/all.stap\n", 
            "2021-07-15 20:07:06,982 [root] INFO: Analysis completed.\n"
        ], 
        "cuckoo": [
            "2021-07-15 20:07:01,918 [cuckoo.core.scheduler] INFO: Task #32: acquired machine cuc (label=cuc)\n", 
            "2021-07-15 20:07:01,918 [cuckoo.core.resultserver] DEBUG: Now tracking machine 192.168.56.101 for task #32\n", 
            "2021-07-15 20:07:01,919 [cuckoo.core.plugins] DEBUG: Started auxiliary module: Replay\n", 
            "2021-07-15 20:07:01,924 [cuckoo.auxiliary.sniffer] INFO: Started sniffer with PID 28165 (interface=vboxnet0, host=192.168.56.101)\n", 
            "2021-07-15 20:07:01,924 [cuckoo.core.plugins] DEBUG: Started auxiliary module: Sniffer\n", 
            "2021-07-15 20:07:02,008 [cuckoo.machinery.virtualbox] DEBUG: Starting vm cuc\n", 
            "2021-07-15 20:07:02,203 [cuckoo.machinery.virtualbox] DEBUG: Restoring virtual machine cuc to final_3\n", 
            "2021-07-15 20:07:08,700 [cuckoo.core.guest] INFO: Starting analysis #32 on guest (id=cuc, ip=192.168.56.101)\n", 
            "2021-07-15 20:07:09,703 [cuckoo.core.guest] DEBUG: cuc: not ready yet\n", 
            "2021-07-15 20:07:10,706 [cuckoo.core.guest] DEBUG: cuc: not ready yet\n", 
            "2021-07-15 20:07:11,709 [cuckoo.core.guest] DEBUG: cuc: not ready yet\n", 
            "2021-07-15 20:07:12,604 [cuckoo.core.guest] INFO: Guest is running Cuckoo Agent 0.10 (id=cuc, ip=192.168.56.101)\n", 
            "2021-07-15 20:07:12,610 [cuckoo.core.guest] DEBUG: Uploading analyzer to guest (id=cuc, ip=192.168.56.101, monitor=latest, size=31337)\n", 
            "2021-07-15 20:07:12,821 [cuckoo.core.resultserver] DEBUG: Task #32: live log analysis.log initialized.\n", 
            "2021-07-15 20:07:17,814 [cuckoo.core.guest] DEBUG: cuc: analysis #32 still processing\n", 
            "2021-07-15 20:07:18,811 [cuckoo.core.resultserver] DEBUG: Task #32: File upload for 'logs/all.stap'\n", 
            "2021-07-15 20:07:18,814 [cuckoo.core.resultserver] DEBUG: Task #32 uploaded file length: 13240\n", 
            "2021-07-15 20:07:22,843 [cuckoo.core.guest] DEBUG: cuc: analysis #32 still processing\n", 
            "2021-07-15 20:07:27,876 [cuckoo.core.guest] DEBUG: cuc: analysis #32 still processing\n", 
            "2021-07-15 20:07:32,905 [cuckoo.core.guest] DEBUG: cuc: analysis #32 still processing\n", 
            "2021-07-15 20:07:37,935 [cuckoo.core.guest] DEBUG: cuc: analysis #32 still processing\n", 
            "2021-07-15 20:07:42,964 [cuckoo.core.guest] DEBUG: cuc: analysis #32 still processing\n", 
            "2021-07-15 20:07:47,995 [cuckoo.core.guest] DEBUG: cuc: analysis #32 still processing\n", 
            "2021-07-15 20:07:53,023 [cuckoo.core.guest] DEBUG: cuc: analysis #32 still processing\n", 
            "2021-07-15 20:07:58,050 [cuckoo.core.guest] DEBUG: cuc: analysis #32 still processing\n", 
            "2021-07-15 20:08:03,078 [cuckoo.core.guest] DEBUG: cuc: analysis #32 still processing\n", 
            "2021-07-15 20:08:08,105 [cuckoo.core.guest] DEBUG: cuc: analysis #32 still processing\n", 
            "2021-07-15 20:08:13,131 [cuckoo.core.guest] DEBUG: cuc: analysis #32 still processing\n", 
            "2021-07-15 20:08:18,157 [cuckoo.core.guest] DEBUG: cuc: analysis #32 still processing\n", 
            "2021-07-15 20:08:23,184 [cuckoo.core.guest] DEBUG: cuc: analysis #32 still processing\n", 
            "2021-07-15 20:08:28,212 [cuckoo.core.guest] DEBUG: cuc: analysis #32 still processing\n", 
            "2021-07-15 20:08:33,242 [cuckoo.core.guest] DEBUG: cuc: analysis #32 still processing\n", 
            "2021-07-15 20:08:38,270 [cuckoo.core.guest] DEBUG: cuc: analysis #32 still processing\n", 
            "2021-07-15 20:08:43,297 [cuckoo.core.guest] DEBUG: cuc: analysis #32 still processing\n", 
            "2021-07-15 20:08:48,325 [cuckoo.core.guest] DEBUG: cuc: analysis #32 still processing\n", 
            "2021-07-15 20:08:53,353 [cuckoo.core.guest] DEBUG: cuc: analysis #32 still processing\n", 
            "2021-07-15 20:08:58,387 [cuckoo.core.guest] DEBUG: cuc: analysis #32 still processing\n", 
            "2021-07-15 20:09:03,414 [cuckoo.core.guest] DEBUG: cuc: analysis #32 still processing\n", 
            "2021-07-15 20:09:08,441 [cuckoo.core.guest] DEBUG: cuc: analysis #32 still processing\n", 
            "2021-07-15 20:09:13,468 [cuckoo.core.guest] DEBUG: cuc: analysis #32 still processing\n", 
            "2021-07-15 20:09:18,494 [cuckoo.core.guest] DEBUG: cuc: analysis #32 still processing\n", 
            "2021-07-15 20:09:23,521 [cuckoo.core.guest] DEBUG: cuc: analysis #32 still processing\n", 
            "2021-07-15 20:09:28,547 [cuckoo.core.guest] DEBUG: cuc: analysis #32 still processing\n", 
            "2021-07-15 20:09:33,576 [cuckoo.core.guest] DEBUG: cuc: analysis #32 still processing\n", 
            "2021-07-15 20:09:38,602 [cuckoo.core.guest] DEBUG: cuc: analysis #32 still processing\n", 
            "2021-07-15 20:09:43,630 [cuckoo.core.guest] DEBUG: "
        ]
    }, 
    "strings": [
        "/lib64/ld-linux-x86-64.so.2", 
        "libc.so.6", 
        "fflush", 
        "__printf_chk", 
        "setlocale", 
        "mbrtowc", 
        "strncmp", 
        "ftruncate", 
        "dcngettext", 
        "optind", 
        "strrchr", 
        "dcgettext", 
        "sigprocmask", 
        "__stack_chk_fail", 
        "iswprint", 
        "realloc", 
        "program_invocation_name", 
        "__assert_fail", 
        "error_at_line", 
        "__ctype_get_mb_cur_max", 
        "posix_fadvise", 
        "fdatasync", 
        "calloc", 
        "strlen", 
        "ungetc", 
        "sigemptyset", 
        "memset", 
        "localeconv", 
        "__errno_location", 
        "memcmp", 
        "getpagesize", 
        "__fprintf_chk", 
        "sigaddset", 
        "stdout", 
        "memcpy", 
        "fclose", 
        "malloc", 
        "mbsinit", 
        "__uflow", 
        "nl_langinfo", 
        "__ctype_b_loc", 
        "getenv", 
        "__freading", 
        "stderr", 
        "__snprintf_chk", 
        "fscanf", 
        "getopt_long", 
        "__fxstat", 
        "fileno", 
        "fwrite", 
        "gettimeofday", 
        "sigaction", 
        "__memcpy_chk", 
        "sigismember", 
        "clock_gettime", 
        "__fpending", 
        "strchr", 
        "program_invocation_short_name", 
        "fdopen", 
        "__ctype_toupper_loc", 
        "__ctype_tolower_loc", 
        "__cxa_finalize", 
        "__sprintf_chk", 
        "memmove", 
        "bindtextdomain", 
        "opterr", 
        "strcmp", 
        "__libc_start_main", 
        "fseeko", 
        "__overflow", 
        "__strtoul_internal", 
        "fputs_unlocked", 
        "__progname", 
        "__progname_full", 
        "__cxa_atexit", 
        "quote_quoting_options", 
        "Version", 
        "argmatch_die", 
        "_IO_stdin_used", 
        "quoting_style_vals", 
        "quoting_style_args", 
        "exit_failure", 
        "program_name", 
        "version_etc_copyright", 
        "GLIBC_2.14", 
        "GLIBC_2.4", 
        "GLIBC_2.17", 
        "GLIBC_2.3.4", 
        "GLIBC_2.2.5", 
        "GLIBC_2.3", 
        "_ITM_deregisterTMCloneTable", 
        "__gmon_start__", 
        "_ITM_registerTMCloneTable", 
        "AWAVAUATA", 
        "[]A\\A]A^A_", 
        "AUATUSH", 
        "[]A\\A]A^A_", 
        "G(H;G0", 
        "G(H;G0", 
        "G(H;G0skH", 
        "D$(dH3", 
        "([]A\\A]", 
        "AUATUS", 
        "[]A\\A]", 
        "D$8H9D$", 
        "D$XH9D$(t&f", 
        "L$hdH3", 
        "p[]A\\A]A^", 
        "AUATUSH", 
        "G(H;G0", 
        "[]A\\A]", 
        "[]A\\A]", 
        "[]A\\A]A^", 
        "[]A\\A]", 
        "tYAUATA", 
        "[]A\\A]", 
        "[]A\\A]", 
        "[]A\\A]", 
        "[]A\\A]", 
        "]A\\A]A^", 
        "[]A\\A]A^A_", 
        "[]A\\A]", 
        "t9[]A\\", 
        "[]A\\A]", 
        "Y^H;D$", 
        "[]A\\A]A^A_", 
        "XZL;t$", 
        "[]A\\A]", 
        "D$(dH3", 
        "[]A\\A]", 
        "D$(u-H", 
        "[]A\\A]A^A_", 
        "AWAVLc", 
        "[]A\\A]A^A_", 
        "8[]A\\A]A^A_", 
        "8[]A\\A]A^A_", 
        "L$8dH3", 
        "T$8dH3", 
        "t$8dH34%(", 
        "L$8dH3", 
        ")D$ t2H", 
        "|$8dH3<%(", 
        "[]A\\A]A^", 
        "[]A\\A]A^", 
        "AWAVAUATM", 
        "AQAUATAWAVL", 
        "([]A\\A]A^A_", 
        "[]A\\A]A^A_H", 
        "[]A\\A]A^A_1", 
        "[]A\\A]A^A_", 
        "([]A\\A]A^A_", 
        "ATAWAVL", 
        "([]A\\A]A^A_", 
        "AUATAWAVL", 
        "D$XdH3", 
        "D$xdH3", 
        "TUUUUUUUI", 
        "SUUUUUUUH9", 
        "AWAVAUATUSH", 
        "dH3<%(", 
        "([]A\\A]A^A_", 
        "AWAVAUATUSH", 
        "([]A\\A]A^A_", 
        "u0[]A\\", 
        "G H9G(u", 
        "[]A\\A]", 
        "([]A\\A]A^A_", 
        "G(H;G0s\u001fH", 
        "[]A\\A]A^A_", 
        "[]A\\A]A^A_", 
        "[]A\\A]A^A_", 
        "AVAUATUSL", 
        "]A\\A]A^", 
        "AUATUSH", 
        "[]A\\A]A^A_", 
        "charset.", 
        "aliafA", 
        "AWAVAUATL", 
        "dH3<%(", 
        "[A\\A]A^A_]", 
        "N AUATH", 
        "X[]A\\A]A^A_", 
        "H9|$(L", 
        "D$(I;F", 
        "H9|$(t", 
        "H9|$(t", 
        "[]A\\A]A^A_", 
        "%.0f s", 
        "Infinity", 
        "%s B/s", 
        "%lu bytes copied, %s, %s", 
        "%lu byte copied, %s, %s", 
        "%lu bytes (%s) copied, %s, %s", 
        "bcEGkKMPTwYZ0", 
        "setting flags for %s", 
        "%lu truncated records", 
        "%lu truncated record", 
        "closing input file %s", 
        "closing output file %s", 
        "test invocation", 
        "Multi-call invocation", 
        "sha224sum", 
        "sha2 utilities", 
        "sha256sum", 
        "sha384sum", 
        "sha512sum", 
        "%s online help: <%s>", 
        "GNU coreutils", 
        "%s: %s", 
        "cannot fstat %s", 
        "%s: cannot skip", 
        "%s: cannot seek", 
        "error reading %s", 
        "writing to %s", 
        "status", 
        "count_bytes", 
        "skip_bytes", 
        "POSIXLY_CORRECT", 
        "/usr/share/locale", 
        "Stuart Kemp", 
        "David MacKenzie", 
        "Paul Rubin", 
        "unrecognized operand %s", 
        "invalid conversion", 
        "invalid input flag", 
        "invalid output flag", 
        "invalid status level", 
        "fullblock", 
        "seek_bytes", 
        "standard input", 
        "failed to open %s", 
        "standard output", 
        "error writing %s", 
        "fdatasync failed for %s", 
        "fsync failed for %s", 
        "invalid number", 
        "%lu bytes (%s, %s) copied, %s, %s", 
        "warning: %s is a zero multiplier; use %s if that is intended", 
        "warning: working around lseek kernel bug for file (%s)", 
        "  of mt_type=0x%0lx -- see <sys/mtio.h> for the list of types", 
        "%lu+%lu records in", 
        "%lu+%lu records out", 
        "warning: partial read (%lu bytes); suggest iflag=fullblock", 
        "warning: partial read (%lu byte); suggest iflag=fullblock", 
        "memory exhausted by input buffer of size %lu bytes (%s)", 
        "memory exhausted by output buffer of size %lu bytes (%s)", 
        "failed to turn off O_DIRECT: %s", 
        "Try '%s --help' for more information.", 
        "Usage: %s [OPERAND]...", 
        "  or:  %s OPTION", 
        "Copy a file, converting and formatting according to the operands.", 
        "  bs=BYTES        read and write up to BYTES bytes at a time (default: 512);", 
        "                  overrides ibs and obs", 
        "  cbs=BYTES       convert BYTES bytes at a time", 
        "  conv=CONVS      convert the file as per the comma separated symbol list", 
        "  count=N         copy only N input blocks", 
        "  ibs=BYTES       read up to BYTES bytes at a time (default: 512)", 
        "  if=FILE         read from FILE instead of stdin", 
        "  iflag=FLAGS     read as per the comma separated symbol list", 
        "  obs=BYTES       write BYTES bytes at a time (default: 512)", 
        "  of=FILE         write to FILE instead of stdout", 
        "  oflag=FLAGS     write as per the comma separated symbol list", 
        "  seek=N          skip N obs-sized blocks at start of output", 
        "  skip=N          skip N ibs-sized blocks at start of input", 
        "  status=LEVEL    The LEVEL of information to print to stderr;", 
        "                  'none' suppresses everything but error messages,", 
        "                  'noxfer' suppresses the final transfer statistics,", 
        "                  'progress' shows periodic transfer statistics", 
        "N and BYTES may be followed by the following multiplicative suffixes:", 
        "c =1, w =2, b =512, kB =1000, K =1024, MB =1000*1000, M =1024*1024, xM =M,", 
        "GB =1000*1000*1000, G =1024*1024*1024, and so on for T, P, E, Z, Y.", 
        "Each CONV symbol may be:", 
        "  ascii     from EBCDIC to ASCII", 
        "  ebcdic    from ASCII to EBCDIC", 
        "  ibm       from ASCII to alternate EBCDIC", 
        "  block     pad newline-terminated records with spaces to cbs-size", 
        "  unblock   replace trailing spaces in cbs-size records with newline", 
        "  lcase     change upper case to lower case", 
        "  ucase     change lower case to upper case", 
        "  sparse    try to seek rather than write the output for NUL input blocks", 
        "  swab      swap every pair of input bytes", 
        "  sync      pad every input block with NULs to ibs-size; when used", 
        "            with block or unblock, pad with spaces rather than NULs", 
        "  excl      fail if the output file already exists", 
        "  nocreat   do not create the output file", 
        "  notrunc   do not truncate the output file", 
        "  noerror   continue after read errors", 
        "  fdatasync  physically write output file data before finishing", 
        "  fsync     likewise, but also write metadata", 
        "Each FLAG symbol may be:", 
        "  append    append mode (makes sense only for output; conv=notrunc suggested)", 
        "  direct    use direct I/O for data", 
        "  directory  fail unless a directory", 
        "  dsync     use synchronized I/O for data", 
        "  sync      likewise, but also for metadata", 
        "  fullblock  accumulate full blocks of input (iflag only)", 
        "  nonblock  use non-blocking I/O", 
        "  noatime   do not update access time", 
        "  nocache   Request to drop cache.  See also oflag=sync", 
        "  noctty    do not assign controlling terminal from file", 
        "  nofollow  do not follow symlinks", 
        "  count_bytes  treat 'count=N' as a byte count (iflag only)", 
        "  skip_bytes  treat 'skip=N' as a byte count (iflag only)", 
        "  seek_bytes  treat 'seek=N' as a byte count (oflag only)", 
        "Sending a %s signal to a running 'dd' process makes it", 
        "print I/O statistics to standard error and then resume copying.", 
        "Options are:", 
        "      --help     display this help and exit", 
        "      --version  output version information and exit", 
        "http://www.gnu.org/software/coreutils/", 
        "Report %s translation bugs to <http://translationproject.org/team/>", 
        "Full documentation at: <%s%s>", 
        "or available locally via: info '(coreutils) %s%s'", 
        "cannot combine any two of {ascii,ebcdic,ibm}", 
        "cannot combine block and unblock", 
        "cannot combine lcase and ucase", 
        "cannot combine excl and nocreat", 
        "cannot combine direct and nocache", 
        "you probably want conv=notrunc with oflag=append", 
        "offset too large: cannot truncate to a length of seek=%lu (%lu-byte) blocks", 
        "failed to truncate to %lu bytes in output file %s", 
        "%s: cannot skip to specified offset", 
        "offset overflow while reading file %s", 
        "warning: invalid file offset after failed read", 
        "cannot work around kernel bug after all", 
        "failed to truncate to %ld bytes in output file %s", 
        "failed to discard cache for: %s", 
        ".<(+|&", 
        "!$*);~-/", 
        "`:#@'=\"", 
        "abcdefghi", 
        "jklmnopqr^", 
        "stuvwxyz", 
        "{ABCDEFGHI", 
        "}JKLMNOPQR", 
        "STUVWXYZ", 
        "0123456789", 
        "{[lP}M]\\Nk`Ka", 
        "z^L~no|", 
        "ABCDEFGHIQRSTUVWXYbcdefghipqrstuvwx", 
        "{[lP}M]\\Nk`Ka", 
        "z^L~no|", 
        "ABCDEFGHIQRSTUVWXYbcdefghipqrstuvwx", 
        "noxfer", 
        "progress", 
        "append", 
        "binary", 
        "direct", 
        "directory", 
        "noatime", 
        "nocache", 
        "noctty", 
        "nofollow", 
        "nolinks", 
        "nonblock", 
        "fullblock", 
        "count_bytes", 
        "skip_bytes", 
        "seek_bytes", 
        "ebcdic", 
        "unblock", 
        "sparse", 
        "noerror", 
        "nocreat", 
        "notrunc", 
        "fdatasync", 
        "write error", 
        "BLOCK_SIZE", 
        "BLOCKSIZE", 
        "eEgGkKmMpPtTyYzZ0", 
        "human-readable", 
        "KMGTPEZY", 
        "A NULL argv[0] was passed through an exec system call.", 
        "/.libs/", 
        "literal", 
        "shell-always", 
        "shell-escape", 
        "shell-escape-always", 
        "c-maybe", 
        "clocale", 
        "unable to display error message", 
        "%s (%s) %s", 
        "Written by %s.", 
        "Written by %s and %s.", 
        "Written by %s, %s, and %s.", 
        "Report bugs to: %s", 
        "bug-coreutils@gnu.org", 
        "%s home page: <%s>", 
        "License GPLv3+: GNU GPL version 3 or later <http://gnu.org/licenses/gpl.html>.", 
        "This is free software: you are free to change and redistribute it.", 
        "There is NO WARRANTY, to the extent permitted by law.", 
        "Written by %s, %s, %s,", 
        "and %s.", 
        "Written by %s, %s, %s,", 
        "%s, and %s.", 
        "Written by %s, %s, %s,", 
        "%s, %s, and %s.", 
        "Written by %s, %s, %s,", 
        "%s, %s, %s, and %s.", 
        "Written by %s, %s, %s,", 
        "%s, %s, %s, %s,", 
        "and %s.", 
        "Written by %s, %s, %s,", 
        "%s, %s, %s, %s,", 
        "%s, and %s.", 
        "Written by %s, %s, %s,", 
        "%s, %s, %s, %s,", 
        "%s, %s, and others.", 
        "General help using GNU software: <http://www.gnu.org/gethelp/>", 
        "Copyright %s %d Free Software Foundation, Inc.", 
        "memory exhausted", 
        "lib/xstrtol.c", 
        "0 <= strtol_base && strtol_base <= 36", 
        "xstrtoumax", 
        "invalid argument %s for %s", 
        "ambiguous argument %s for %s", 
        "Valid arguments are:", 
        "  - %s", 
        "/usr/lib/x86_64-linux-gnu", 
        "CHARSETALIASDIR", 
        "%50s %50s", 
        "(NULL)", 
        "6e1bd6286924bcecd337ff5919010b5a61ee21.debug", 
        ".shstrtab", 
        ".interp", 
        ".note.ABI-tag", 
        ".note.gnu.build-id", 
        ".gnu.hash", 
        ".dynsym", 
        ".dynstr", 
        ".gnu.version", 
        ".gnu.version_r", 
        ".rela.dyn", 
        ".rela.plt", 
        ".plt.got", 
        ".rodata", 
        ".eh_frame_hdr", 
        ".eh_frame", 
        ".init_array", 
        ".fini_array", 
        ".data.rel.ro", 
        ".dynamic", 
        ".gnu_debuglink"
    ], 
    "metadata": {
        "output": {
            "pcap": {
                "basename": "dump.pcap", 
                "sha256": "615a10e097e01ad6b66b9a1cfbf7f1bef23dd87df0b3b91d4a5f4ce2f16f743b", 
                "dirname": ""
            }
        }
    }
}