{
    "info": {
        "added": 1626375221.062624, 
        "started": 1626375221.870602, 
        "duration": 200, 
        "ended": 1626375422.069841, 
        "owner": null, 
        "score": 0.0, 
        "id": 19, 
        "category": "file", 
        "git": {
            "head": "13cbe0d9e457be3673304533043e992ead1ea9b2", 
            "fetch_head": "13cbe0d9e457be3673304533043e992ead1ea9b2"
        }, 
        "monitor": "2deb9ccd75d5a7a3fe05b2625b03a8639d6ee36b", 
        "package": "", 
        "route": "none", 
        "custom": null, 
        "machine": {
            "status": "stopped", 
            "name": "cuc", 
            "label": "cuc", 
            "manager": "VirtualBox", 
            "started_on": "2021-07-15 18:53:42", 
            "shutdown_on": "2021-07-15 18:57:01"
        }, 
        "platform": null, 
        "version": "2.0.7", 
        "options": ""
    }, 
    "signatures": [], 
    "target": {
        "category": "file", 
        "file": {
            "yara": [
                {
                    "meta": {
                        "description": "Contains an embedded PE32 file", 
                        "author": "nex"
                    }, 
                    "name": "embedded_pe", 
                    "offsets": {
                        "b": [
                            [
                                21933, 
                                0
                            ], 
                            [
                                22121, 
                                0
                            ]
                        ]
                    }, 
                    "strings": [
                        "VGhpcyBwcm9ncmFt"
                    ]
                }
            ], 
            "sha1": "66c5986322092bbeb9fa50d5e3ca404fa4e847c1", 
            "name": "bzip2", 
            "type": "ELF 64-bit LSB shared object, x86-64, version 1 (SYSV), dynamically linked, interpreter /lib64/ld-linux-x86-64.so.2, for GNU/Linux 3.2.0, BuildID[sha1]=51975b86e99e687e6fcddc2e4ba1ee571e337c03, stripped", 
            "sha256": "d9393d0eca1de788628ad0961b74ec7a648709b24423371b208ae525f60bbdad", 
            "urls": [], 
            "crc32": "0FA4C39D", 
            "path": "/home/cuckoo/.cuckoo/storage/binaries/d9393d0eca1de788628ad0961b74ec7a648709b24423371b208ae525f60bbdad", 
            "ssdeep": null, 
            "size": 34888, 
            "sha512": "666c3a67a490be43f58d5da6a512a609036b7723abb4907eda845ef17a7bee12bd669eb5c738797dd368da4ecd3832e2895431c3fdd0d31d5cc4249043dbf35d", 
            "md5": "b398a691a3874b45f327c932cba91448"
        }
    }, 
    "network": {
        "tls": [], 
        "udp": [
            {
                "src": "192.168.56.101", 
                "dst": "224.0.0.251", 
                "offset": 448, 
                "time": 6.244226932525635, 
                "dport": 5353, 
                "sport": 5353
            }
        ], 
        "dns_servers": [
            "224.0.0.251"
        ], 
        "http": [], 
        "icmp": [], 
        "smtp": [], 
        "tcp": [], 
        "smtp_ex": [], 
        "mitm": [], 
        "hosts": [], 
        "pcap_sha256": "2934f0a9917db2beca54a8520d5d6099bac5bd3cd313a902ad599e953631fa9b", 
        "dns": [
            {
                "type": "PTR", 
                "request": "_ipps._tcp.local", 
                "answers": []
            }
        ], 
        "http_ex": [], 
        "domains": [
            {
                "ip": "", 
                "domain": "_ipps._tcp.local"
            }
        ], 
        "dead_hosts": [], 
        "sorted_pcap_sha256": "b9d8f57b3f73a1f3e886b50bc14344b6dd150aa42cce7a8c5f56629eda316066", 
        "irc": [], 
        "https_ex": []
    }, 
    "behavior": {
        "generic": [
            {
                "process_path": null, 
                "process_name": "bzip2", 
                "pid": 2064, 
                "summary": {}, 
                "first_seen": 1626368025.019239, 
                "ppid": 2063
            }
        ], 
        "processes": [
            {
                "calls": [
                    {
                        "status": "", 
                        "raw": "Thu Jul 15 16:53:45 2021.019239 bzip2@7f931ed550a9[2064] execve(\"/tmp/bzip2\", [\"/tmp/bzip2\"], [\"LC_TIME=de_CH.UTF-8\", \"HOME=/root\", \"LC_MONETARY=de_CH.UTF-8\", \"LOGNAME=root\", \"PATH=/usr/bin:/bin\", \"LC_ADDRESS=de_CH.UTF-8\", \"LANG=en_US.UTF-8\", \"LC_TELEPHONE=de_CH.UTF-8\", \"LC_NAME=de_CH.UTF-8\", \"SHELL=/bin/sh\", \"LC_MEASUREMENT=de_CH.UTF-8\", \"LC_IDENTIFICATION=de_CH.UTF-8\", \"PWD=/tmpXLqNxd\", \"LC_NUMERIC=de_CH.UTF-8\", \"LC_PAPER=de_CH.UTF-8\"])\n", 
                        "api": "execve", 
                        "return_value": "", 
                        "instruction_pointer": "7f931ed550a9", 
                        "time": 1626368025.019239, 
                        "process_name": "bzip2", 
                        "pid": 2064, 
                        "arguments": {
                            "p2": [
                                "LC_TIME=de_CH.UTF-8", 
                                "HOME=/root", 
                                "LC_MONETARY=de_CH.UTF-8", 
                                "LOGNAME=root", 
                                "PATH=/usr/bin:/bin", 
                                "LC_ADDRESS=de_CH.UTF-8", 
                                "LANG=en_US.UTF-8", 
                                "LC_TELEPHONE=de_CH.UTF-8", 
                                "LC_NAME=de_CH.UTF-8", 
                                "SHELL=/bin/sh", 
                                "LC_MEASUREMENT=de_CH.UTF-8", 
                                "LC_IDENTIFICATION=de_CH.UTF-8", 
                                "PWD=/tmpXLqNxd", 
                                "LC_NUMERIC=de_CH.UTF-8", 
                                "LC_PAPER=de_CH.UTF-8"
                            ], 
                            "p0": "/tmp/bzip2", 
                            "p1": [
                                "/tmp/bzip2"
                            ]
                        }
                    }, 
                    {
                        "status": "", 
                        "raw": "Thu Jul 15 16:53:45 2021.020056 bzip2@7f931ed550a9[2064] brk(0x0) = 94717881323520\n", 
                        "api": "brk", 
                        "return_value": "94717881323520", 
                        "instruction_pointer": "7f931ed550a9", 
                        "time": 1626368025.020056, 
                        "process_name": "bzip2", 
                        "pid": 2064, 
                        "arguments": {
                            "p0": "0x0"
                        }
                    }, 
                    {
                        "status": "ENOENT", 
                        "raw": "Thu Jul 15 16:53:45 2021.020103 bzip2@7f931ed4896e[2064] access(\"/etc/ld.so.nohwcap\", F_OK) = -2 (ENOENT)\n", 
                        "api": "access", 
                        "return_value": "-2", 
                        "instruction_pointer": "7f931ed4896e", 
                        "time": 1626368025.020103, 
                        "process_name": "bzip2", 
                        "pid": 2064, 
                        "arguments": {
                            "p0": "/etc/ld.so.nohwcap", 
                            "p1": "F_OK"
                        }
                    }, 
                    {
                        "status": "ENOENT", 
                        "raw": "Thu Jul 15 16:53:45 2021.020155 bzip2@7f931ed56007[2064] access(\"/etc/ld.so.preload\", R_OK) = -2 (ENOENT)\n", 
                        "api": "access", 
                        "return_value": "-2", 
                        "instruction_pointer": "7f931ed56007", 
                        "time": 1626368025.020155, 
                        "process_name": "bzip2", 
                        "pid": 2064, 
                        "arguments": {
                            "p0": "/etc/ld.so.preload", 
                            "p1": "R_OK"
                        }
                    }, 
                    {
                        "status": "", 
                        "raw": "Thu Jul 15 16:53:45 2021.020183 bzip2@7f931ed55ebd[2064] openat(AT_FDCWD, \"/etc/ld.so.cache\", O_RDONLY|O_CLOEXEC) = 6\n", 
                        "api": "openat", 
                        "return_value": "6", 
                        "instruction_pointer": "7f931ed55ebd", 
                        "time": 1626368025.020183, 
                        "process_name": "bzip2", 
                        "pid": 2064, 
                        "arguments": {
                            "p2": "O_RDONLY|O_CLOEXEC", 
                            "p0": "AT_FDCWD", 
                            "p1": "/etc/ld.so.cache"
                        }
                    }, 
                    {
                        "status": "", 
                        "raw": "Thu Jul 15 16:53:45 2021.020197 bzip2@7f931ed55e23[2064] fstat(6, 0x7ffee1b4c010) = 0\n", 
                        "api": "fstat", 
                        "return_value": "0", 
                        "instruction_pointer": "7f931ed55e23", 
                        "time": 1626368025.020197, 
                        "process_name": "bzip2", 
                        "pid": 2064, 
                        "arguments": {
                            "p0": "6", 
                            "p1": "0x7ffee1b4c010"
                        }
                    }, 
                    {
                        "status": "", 
                        "raw": "Thu Jul 15 16:53:45 2021.020219 bzip2@7f931ed56123[2064] mmap2(0x0, 85414, PROT_READ, MAP_PRIVATE, 6, 0) = 0x7f931ef4d000\n", 
                        "api": "mmap2", 
                        "return_value": "0x7f931ef4d000", 
                        "instruction_pointer": "7f931ed56123", 
                        "time": 1626368025.020219, 
                        "process_name": "bzip2", 
                        "pid": 2064, 
                        "arguments": {
                            "p2": "PROT_READ", 
                            "p3": "MAP_PRIVATE", 
                            "p0": "0x0", 
                            "p1": "85414", 
                            "p4": "6", 
                            "p5": "0"
                        }
                    }, 
                    {
                        "status": "", 
                        "raw": "Thu Jul 15 16:53:45 2021.020271 bzip2@7f931ed560b7[2064] close(6) = 0\n", 
                        "api": "close", 
                        "return_value": "0", 
                        "instruction_pointer": "7f931ed560b7", 
                        "time": 1626368025.020271, 
                        "process_name": "bzip2", 
                        "pid": 2064, 
                        "arguments": {
                            "p0": "6"
                        }
                    }, 
                    {
                        "status": "ENOENT", 
                        "raw": "Thu Jul 15 16:53:45 2021.020297 bzip2@7f931ed512d9[2064] access(\"/etc/ld.so.nohwcap\", F_OK) = -2 (ENOENT)\n", 
                        "api": "access", 
                        "return_value": "-2", 
                        "instruction_pointer": "7f931ed512d9", 
                        "time": 1626368025.020297, 
                        "process_name": "bzip2", 
                        "pid": 2064, 
                        "arguments": {
                            "p0": "/etc/ld.so.nohwcap", 
                            "p1": "F_OK"
                        }
                    }, 
                    {
                        "status": "", 
                        "raw": "Thu Jul 15 16:53:45 2021.020347 bzip2@7f931ed55ebd[2064] openat(AT_FDCWD, \"/lib/x86_64-linux-gnu/libbz2.so.1.0\", O_RDONLY|O_CLOEXEC) = 6\n", 
                        "api": "openat", 
                        "return_value": "6", 
                        "instruction_pointer": "7f931ed55ebd", 
                        "time": 1626368025.020347, 
                        "process_name": "bzip2", 
                        "pid": 2064, 
                        "arguments": {
                            "p2": "O_RDONLY|O_CLOEXEC", 
                            "p0": "AT_FDCWD", 
                            "p1": "/lib/x86_64-linux-gnu/libbz2.so.1.0"
                        }
                    }, 
                    {
                        "status": "", 
                        "raw": "Thu Jul 15 16:53:45 2021.020361 bzip2@7f931ed55f84[2064] read(6, 0x7ffee1b4c1d8, 832) = 832\n", 
                        "api": "read", 
                        "return_value": "832", 
                        "instruction_pointer": "7f931ed55f84", 
                        "time": 1626368025.020361, 
                        "process_name": "bzip2", 
                        "pid": 2064, 
                        "arguments": {
                            "p2": "832", 
                            "p0": "6", 
                            "p1": "0x7ffee1b4c1d8"
                        }
                    }, 
                    {
                        "status": "", 
                        "raw": "Thu Jul 15 16:53:45 2021.020392 bzip2@7f931ed55e23[2064] fstat(6, 0x7ffee1b4c070) = 0\n", 
                        "api": "fstat", 
                        "return_value": "0", 
                        "instruction_pointer": "7f931ed55e23", 
                        "time": 1626368025.020392, 
                        "process_name": "bzip2", 
                        "pid": 2064, 
                        "arguments": {
                            "p0": "6", 
                            "p1": "0x7ffee1b4c070"
                        }
                    }, 
                    {
                        "status": "", 
                        "raw": "Thu Jul 15 16:53:45 2021.020403 bzip2@7f931ed56123[2064] mmap2(0x0, 8192, PROT_READ|PROT_WRITE, MAP_PRIVATE|MAP_ANONYMOUS, -1, 0) = 0x7f931ef4b000\n", 
                        "api": "mmap2", 
                        "return_value": "0x7f931ef4b000", 
                        "instruction_pointer": "7f931ed56123", 
                        "time": 1626368025.020403, 
                        "process_name": "bzip2", 
                        "pid": 2064, 
                        "arguments": {
                            "p2": "PROT_READ|PROT_WRITE", 
                            "p3": "MAP_PRIVATE|MAP_ANONYMOUS", 
                            "p0": "0x0", 
                            "p1": "8192", 
                            "p4": "-1", 
                            "p5": "0"
                        }
                    }, 
                    {
                        "status": "", 
                        "raw": "Thu Jul 15 16:53:45 2021.020418 bzip2@7f931ed56123[2064] mmap2(0x0, 2161864, PROT_READ|PROT_EXEC, MAP_PRIVATE|MAP_DENYWRITE, 6, 0) = 0x7f931eb29000\n", 
                        "api": "mmap2", 
                        "return_value": "0x7f931eb29000", 
                        "instruction_pointer": "7f931ed56123", 
                        "time": 1626368025.020418, 
                        "process_name": "bzip2", 
                        "pid": 2064, 
                        "arguments": {
                            "p2": "PROT_READ|PROT_EXEC", 
                            "p3": "MAP_PRIVATE|MAP_DENYWRITE", 
                            "p0": "0x0", 
                            "p1": "2161864", 
                            "p4": "6", 
                            "p5": "0"
                        }
                    }, 
                    {
                        "status": "", 
                        "raw": "Thu Jul 15 16:53:45 2021.020432 bzip2@7f931ed561d7[2064] mprotect(0x7f931eb38000, 2093056, PROT_NONE) = 0\n", 
                        "api": "mprotect", 
                        "return_value": "0", 
                        "instruction_pointer": "7f931ed561d7", 
                        "time": 1626368025.020432, 
                        "process_name": "bzip2", 
                        "pid": 2064, 
                        "arguments": {
                            "p2": "PROT_NONE", 
                            "p0": "0x7f931eb38000", 
                            "p1": "2093056"
                        }
                    }, 
                    {
                        "status": "", 
                        "raw": "Thu Jul 15 16:53:45 2021.020447 bzip2@7f931ed56123[2064] mmap2(0x7f931ed37000, 8192, PROT_READ|PROT_WRITE, MAP_PRIVATE|MAP_FIXED|MAP_DENYWRITE, 6, 57344) = 0x7f931ed37000\n", 
                        "api": "mmap2", 
                        "return_value": "0x7f931ed37000", 
                        "instruction_pointer": "7f931ed56123", 
                        "time": 1626368025.020447, 
                        "process_name": "bzip2", 
                        "pid": 2064, 
                        "arguments": {
                            "p2": "PROT_READ|PROT_WRITE", 
                            "p3": "MAP_PRIVATE|MAP_FIXED|MAP_DENYWRITE", 
                            "p0": "0x7f931ed37000", 
                            "p1": "8192", 
                            "p4": "6", 
                            "p5": "57344"
                        }
                    }, 
                    {
                        "status": "", 
                        "raw": "Thu Jul 15 16:53:45 2021.020501 bzip2@7f931ed560b7[2064] close(6) = 0\n", 
                        "api": "close", 
                        "return_value": "0", 
                        "instruction_pointer": "7f931ed560b7", 
                        "time": 1626368025.020501, 
                        "process_name": "bzip2", 
                        "pid": 2064, 
                        "arguments": {
                            "p0": "6"
                        }
                    }, 
                    {
                        "status": "ENOENT", 
                        "raw": "Thu Jul 15 16:53:45 2021.020529 bzip2@7f931ed512d9[2064] access(\"/etc/ld.so.nohwcap\", F_OK) = -2 (ENOENT)\n", 
                        "api": "access", 
                        "return_value": "-2", 
                        "instruction_pointer": "7f931ed512d9", 
                        "time": 1626368025.020529, 
                        "process_name": "bzip2", 
                        "pid": 2064, 
                        "arguments": {
                            "p0": "/etc/ld.so.nohwcap", 
                            "p1": "F_OK"
                        }
                    }, 
                    {
                        "status": "", 
                        "raw": "Thu Jul 15 16:53:45 2021.020545 bzip2@7f931ed55ebd[2064] openat(AT_FDCWD, \"/lib/x86_64-linux-gnu/libc.so.6\", O_RDONLY|O_CLOEXEC) = 6\n", 
                        "api": "openat", 
                        "return_value": "6", 
                        "instruction_pointer": "7f931ed55ebd", 
                        "time": 1626368025.020545, 
                        "process_name": "bzip2", 
                        "pid": 2064, 
                        "arguments": {
                            "p2": "O_RDONLY|O_CLOEXEC", 
                            "p0": "AT_FDCWD", 
                            "p1": "/lib/x86_64-linux-gnu/libc.so.6"
                        }
                    }, 
                    {
                        "status": "", 
                        "raw": "Thu Jul 15 16:53:45 2021.020569 bzip2@7f931ed55f84[2064] read(6, 0x7ffee1b4c1a8, 832) = 832\n", 
                        "api": "read", 
                        "return_value": "832", 
                        "instruction_pointer": "7f931ed55f84", 
                        "time": 1626368025.020569, 
                        "process_name": "bzip2", 
                        "pid": 2064, 
                        "arguments": {
                            "p2": "832", 
                            "p0": "6", 
                            "p1": "0x7ffee1b4c1a8"
                        }
                    }, 
                    {
                        "status": "", 
                        "raw": "Thu Jul 15 16:53:45 2021.020590 bzip2@7f931ed55e23[2064] fstat(6, 0x7ffee1b4c040) = 0\n", 
                        "api": "fstat", 
                        "return_value": "0", 
                        "instruction_pointer": "7f931ed55e23", 
                        "time": 1626368025.02059, 
                        "process_name": "bzip2", 
                        "pid": 2064, 
                        "arguments": {
                            "p0": "6", 
                            "p1": "0x7ffee1b4c040"
                        }
                    }, 
                    {
                        "status": "", 
                        "raw": "Thu Jul 15 16:53:45 2021.020611 bzip2@7f931ed56123[2064] mmap2(0x0, 4131552, PROT_READ|PROT_EXEC, MAP_PRIVATE|MAP_DENYWRITE, 6, 0) = 0x7f931e738000\n", 
                        "api": "mmap2", 
                        "return_value": "0x7f931e738000", 
                        "instruction_pointer": "7f931ed56123", 
                        "time": 1626368025.020611, 
                        "process_name": "bzip2", 
                        "pid": 2064, 
                        "arguments": {
                            "p2": "PROT_READ|PROT_EXEC", 
                            "p3": "MAP_PRIVATE|MAP_DENYWRITE", 
                            "p0": "0x0", 
                            "p1": "4131552", 
                            "p4": "6", 
                            "p5": "0"
                        }
                    }, 
                    {
                        "status": "", 
                        "raw": "Thu Jul 15 16:53:45 2021.020625 bzip2@7f931ed561d7[2064] mprotect(0x7f931e91f000, 2097152, PROT_NONE) = 0\n", 
                        "api": "mprotect", 
                        "return_value": "0", 
                        "instruction_pointer": "7f931ed561d7", 
                        "time": 1626368025.020625, 
                        "process_name": "bzip2", 
                        "pid": 2064, 
                        "arguments": {
                            "p2": "PROT_NONE", 
                            "p0": "0x7f931e91f000", 
                            "p1": "2097152"
                        }
                    }, 
                    {
                        "status": "", 
                        "raw": "Thu Jul 15 16:53:45 2021.020641 bzip2@7f931ed56123[2064] mmap2(0x7f931eb1f000, 24576, PROT_READ|PROT_WRITE, MAP_PRIVATE|MAP_FIXED|MAP_DENYWRITE, 6, 1994752) = 0x7f931eb1f000\n", 
                        "api": "mmap2", 
                        "return_value": "0x7f931eb1f000", 
                        "instruction_pointer": "7f931ed56123", 
                        "time": 1626368025.020641, 
                        "process_name": "bzip2", 
                        "pid": 2064, 
                        "arguments": {
                            "p2": "PROT_READ|PROT_WRITE", 
                            "p3": "MAP_PRIVATE|MAP_FIXED|MAP_DENYWRITE", 
                            "p0": "0x7f931eb1f000", 
                            "p1": "24576", 
                            "p4": "6", 
                            "p5": "1994752"
                        }
                    }, 
                    {
                        "status": "", 
                        "raw": "Thu Jul 15 16:53:45 2021.020661 bzip2@7f931ed56123[2064] mmap2(0x7f931eb25000, 15072, PROT_READ|PROT_WRITE, MAP_PRIVATE|MAP_FIXED|MAP_ANONYMOUS, -1, 0) = 0x7f931eb25000\n", 
                        "api": "mmap2", 
                        "return_value": "0x7f931eb25000", 
                        "instruction_pointer": "7f931ed56123", 
                        "time": 1626368025.020661, 
                        "process_name": "bzip2", 
                        "pid": 2064, 
                        "arguments": {
                            "p2": "PROT_READ|PROT_WRITE", 
                            "p3": "MAP_PRIVATE|MAP_FIXED|MAP_ANONYMOUS", 
                            "p0": "0x7f931eb25000", 
                            "p1": "15072", 
                            "p4": "-1", 
                            "p5": "0"
                        }
                    }, 
                    {
                        "status": "", 
                        "raw": "Thu Jul 15 16:53:45 2021.020680 bzip2@7f931ed560b7[2064] close(6) = 0\n", 
                        "api": "close", 
                        "return_value": "0", 
                        "instruction_pointer": "7f931ed560b7", 
                        "time": 1626368025.02068, 
                        "process_name": "bzip2", 
                        "pid": 2064, 
                        "arguments": {
                            "p0": "6"
                        }
                    }, 
                    {
                        "status": "", 
                        "raw": "Thu Jul 15 16:53:45 2021.020707 bzip2@7f931ed56123[2064] mmap2(0x0, 12288, PROT_READ|PROT_WRITE, MAP_PRIVATE|MAP_ANONYMOUS, -1, 0) = 0x7f931ef48000\n", 
                        "api": "mmap2", 
                        "return_value": "0x7f931ef48000", 
                        "instruction_pointer": "7f931ed56123", 
                        "time": 1626368025.020707, 
                        "process_name": "bzip2", 
                        "pid": 2064, 
                        "arguments": {
                            "p2": "PROT_READ|PROT_WRITE", 
                            "p3": "MAP_PRIVATE|MAP_ANONYMOUS", 
                            "p0": "0x0", 
                            "p1": "12288", 
                            "p4": "-1", 
                            "p5": "0"
                        }
                    }, 
                    {
                        "status": "", 
                        "raw": "Thu Jul 15 16:53:45 2021.020724 bzip2@7f931ed3a024[2064] arch_prctl(ARCH_SET_FS, 140269856261952) = 0\n", 
                        "api": "arch_prctl", 
                        "return_value": "0", 
                        "instruction_pointer": "7f931ed3a024", 
                        "time": 1626368025.020724, 
                        "process_name": "bzip2", 
                        "pid": 2064, 
                        "arguments": {
                            "p0": "ARCH_SET_FS", 
                            "p1": "140269856261952"
                        }
                    }, 
                    {
                        "status": "", 
                        "raw": "Thu Jul 15 16:53:45 2021.020787 bzip2@7f931ed561d7[2064] mprotect(0x7f931eb1f000, 16384, PROT_READ) = 0\n", 
                        "api": "mprotect", 
                        "return_value": "0", 
                        "instruction_pointer": "7f931ed561d7", 
                        "time": 1626368025.020787, 
                        "process_name": "bzip2", 
                        "pid": 2064, 
                        "arguments": {
                            "p2": "PROT_READ", 
                            "p0": "0x7f931eb1f000", 
                            "p1": "16384"
                        }
                    }, 
                    {
                        "status": "", 
                        "raw": "Thu Jul 15 16:53:45 2021.020828 bzip2@7f931ed561d7[2064] mprotect(0x7f931ed37000, 4096, PROT_READ) = 0\n", 
                        "api": "mprotect", 
                        "return_value": "0", 
                        "instruction_pointer": "7f931ed561d7", 
                        "time": 1626368025.020828, 
                        "process_name": "bzip2", 
                        "pid": 2064, 
                        "arguments": {
                            "p2": "PROT_READ", 
                            "p0": "0x7f931ed37000", 
                            "p1": "4096"
                        }
                    }, 
                    {
                        "status": "", 
                        "raw": "Thu Jul 15 16:53:45 2021.020855 bzip2@7f931ed561d7[2064] mprotect(0x562538313000, 4096, PROT_READ) = 0\n", 
                        "api": "mprotect", 
                        "return_value": "0", 
                        "instruction_pointer": "7f931ed561d7", 
                        "time": 1626368025.020855, 
                        "process_name": "bzip2", 
                        "pid": 2064, 
                        "arguments": {
                            "p2": "PROT_READ", 
                            "p0": "0x562538313000", 
                            "p1": "4096"
                        }
                    }, 
                    {
                        "status": "", 
                        "raw": "Thu Jul 15 16:53:45 2021.020872 bzip2@7f931ed561d7[2064] mprotect(0x7f931ef62000, 4096, PROT_READ) = 0\n", 
                        "api": "mprotect", 
                        "return_value": "0", 
                        "instruction_pointer": "7f931ed561d7", 
                        "time": 1626368025.020872, 
                        "process_name": "bzip2", 
                        "pid": 2064, 
                        "arguments": {
                            "p2": "PROT_READ", 
                            "p0": "0x7f931ef62000", 
                            "p1": "4096"
                        }
                    }, 
                    {
                        "status": "", 
                        "raw": "Thu Jul 15 16:53:45 2021.020889 bzip2@7f931ed561b7[2064] munmap(0x7f931ef4d000, 85414) = 0\n", 
                        "api": "munmap", 
                        "return_value": "0", 
                        "instruction_pointer": "7f931ed561b7", 
                        "time": 1626368025.020889, 
                        "process_name": "bzip2", 
                        "pid": 2064, 
                        "arguments": {
                            "p0": "0x7f931ef4d000", 
                            "p1": "85414"
                        }
                    }, 
                    {
                        "status": "", 
                        "raw": "Thu Jul 15 16:53:45 2021.020952 bzip2@7f931e77710d[2064] rt_sigaction(SIGSEGV, {0x56253810ead0, SA_RESTART|SA_RESTORER, 0x7f931e777040, [SIGSEGV]}, 0x7ffee1b4c7c0, 8) = 0\n", 
                        "api": "rt_sigaction", 
                        "return_value": "0", 
                        "instruction_pointer": "7f931e77710d", 
                        "time": 1626368025.020952, 
                        "process_name": "bzip2", 
                        "pid": 2064, 
                        "arguments": {
                            "p2": "0x7ffee1b4c7c0", 
                            "p3": "8", 
                            "p0": "SIGSEGV", 
                            "p1": [
                                "0x56253810ead0", 
                                "SA_RESTART|SA_RESTORER", 
                                "0x7f931e777040", 
                                [
                                    "SIGSEGV]"
                                ]
                            ]
                        }
                    }, 
                    {
                        "status": "", 
                        "raw": "Thu Jul 15 16:53:45 2021.020976 bzip2@7f931e77710d[2064] rt_sigaction(SIGBUS, {0x56253810ead0, SA_RESTART|SA_RESTORER, 0x7f931e777040, [SIGBUS]}, 0x7ffee1b4c7c0, 8) = 0\n", 
                        "api": "rt_sigaction", 
                        "return_value": "0", 
                        "instruction_pointer": "7f931e77710d", 
                        "time": 1626368025.020976, 
                        "process_name": "bzip2", 
                        "pid": 2064, 
                        "arguments": {
                            "p2": "0x7ffee1b4c7c0", 
                            "p3": "8", 
                            "p0": "SIGBUS", 
                            "p1": [
                                "0x56253810ead0", 
                                "SA_RESTART|SA_RESTORER", 
                                "0x7f931e777040", 
                                [
                                    "SIGBUS]"
                                ]
                            ]
                        }
                    }, 
                    {
                        "status": "ENOTTY", 
                        "raw": "Thu Jul 15 16:53:45 2021.021004 bzip2@7f931e84d9e8[2064] ioctl(1, 21505, 0x7ffee1b4c7c0) = -25 (ENOTTY)\n", 
                        "api": "ioctl", 
                        "return_value": "-25", 
                        "instruction_pointer": "7f931e84d9e8", 
                        "time": 1626368025.021004, 
                        "process_name": "bzip2", 
                        "pid": 2064, 
                        "arguments": {
                            "p2": "0x7ffee1b4c7c0", 
                            "p0": "1", 
                            "p1": "21505"
                        }
                    }, 
                    {
                        "status": "", 
                        "raw": "Thu Jul 15 16:53:45 2021.021053 bzip2@7f931e84e1f9[2064] brk(0x0) = 94717881323520\n", 
                        "api": "brk", 
                        "return_value": "94717881323520", 
                        "instruction_pointer": "7f931e84e1f9", 
                        "time": 1626368025.021053, 
                        "process_name": "bzip2", 
                        "pid": 2064, 
                        "arguments": {
                            "p0": "0x0"
                        }
                    }, 
                    {
                        "status": "", 
                        "raw": "Thu Jul 15 16:53:45 2021.021063 bzip2@7f931e84e1f9[2064] brk(0x562539ada000) = 94717881458688\n", 
                        "api": "brk", 
                        "return_value": "94717881458688", 
                        "instruction_pointer": "7f931e84e1f9", 
                        "time": 1626368025.021063, 
                        "process_name": "bzip2", 
                        "pid": 2064, 
                        "arguments": {
                            "p0": "0x562539ada000"
                        }
                    }, 
                    {
                        "status": "", 
                        "raw": "Thu Jul 15 16:53:45 2021.021081 bzip2@7f931e853813[2064] mmap2(0x0, 3600384, PROT_READ|PROT_WRITE, MAP_PRIVATE|MAP_ANONYMOUS, -1, 0) = 0x7f931e3c9000\n", 
                        "api": "mmap2", 
                        "return_value": "0x7f931e3c9000", 
                        "instruction_pointer": "7f931e853813", 
                        "time": 1626368025.021081, 
                        "process_name": "bzip2", 
                        "pid": 2064, 
                        "arguments": {
                            "p2": "PROT_READ|PROT_WRITE", 
                            "p3": "MAP_PRIVATE|MAP_ANONYMOUS", 
                            "p0": "0x0", 
                            "p1": "3600384", 
                            "p4": "-1", 
                            "p5": "0"
                        }
                    }, 
                    {
                        "status": "", 
                        "raw": "Thu Jul 15 16:53:45 2021.021106 bzip2@7f931e853813[2064] mmap2(0x0, 3600384, PROT_READ|PROT_WRITE, MAP_PRIVATE|MAP_ANONYMOUS, -1, 0) = 0x7f931e05a000\n", 
                        "api": "mmap2", 
                        "return_value": "0x7f931e05a000", 
                        "instruction_pointer": "7f931e853813", 
                        "time": 1626368025.021106, 
                        "process_name": "bzip2", 
                        "pid": 2064, 
                        "arguments": {
                            "p2": "PROT_READ|PROT_WRITE", 
                            "p3": "MAP_PRIVATE|MAP_ANONYMOUS", 
                            "p0": "0x0", 
                            "p1": "3600384", 
                            "p4": "-1", 
                            "p5": "0"
                        }
                    }, 
                    {
                        "status": "", 
                        "raw": "Thu Jul 15 16:53:45 2021.021149 bzip2@7f931e853813[2064] mmap2(0x0, 266240, PROT_READ|PROT_WRITE, MAP_PRIVATE|MAP_ANONYMOUS, -1, 0) = 0x7f931ef07000\n", 
                        "api": "mmap2", 
                        "return_value": "0x7f931ef07000", 
                        "instruction_pointer": "7f931e853813", 
                        "time": 1626368025.021149, 
                        "process_name": "bzip2", 
                        "pid": 2064, 
                        "arguments": {
                            "p2": "PROT_READ|PROT_WRITE", 
                            "p3": "MAP_PRIVATE|MAP_ANONYMOUS", 
                            "p0": "0x0", 
                            "p1": "266240", 
                            "p4": "-1", 
                            "p5": "0"
                        }
                    }, 
                    {
                        "status": "", 
                        "raw": "Thu Jul 15 16:53:45 2021.021163 bzip2@7f931e847893[2064] fstat(0, 0x7ffee1b4b2c0) = 0\n", 
                        "api": "fstat", 
                        "return_value": "0", 
                        "instruction_pointer": "7f931e847893", 
                        "time": 1626368025.021163, 
                        "process_name": "bzip2", 
                        "pid": 2064, 
                        "arguments": {
                            "p0": "0", 
                            "p1": "0x7ffee1b4b2c0"
                        }
                    }, 
                    {
                        "status": "", 
                        "raw": "Thu Jul 15 16:53:45 2021.021186 bzip2@7f931e848151[2064] read(0, 0x562539ac8040, 4096) = 0\n", 
                        "api": "read", 
                        "return_value": "0", 
                        "instruction_pointer": "7f931e848151", 
                        "time": 1626368025.021186, 
                        "process_name": "bzip2", 
                        "pid": 2064, 
                        "arguments": {
                            "p2": "4096", 
                            "p0": "0", 
                            "p1": "0x562539ac8040"
                        }
                    }, 
                    {
                        "status": "", 
                        "raw": "Thu Jul 15 16:53:45 2021.021209 bzip2@7f931e847893[2064] fstat(1, 0x7ffee1b4b200) = 0\n", 
                        "api": "fstat", 
                        "return_value": "0", 
                        "instruction_pointer": "7f931e847893", 
                        "time": 1626368025.021209, 
                        "process_name": "bzip2", 
                        "pid": 2064, 
                        "arguments": {
                            "p0": "1", 
                            "p1": "0x7ffee1b4b200"
                        }
                    }, 
                    {
                        "status": "", 
                        "raw": "Thu Jul 15 16:53:45 2021.021225 bzip2@7f931e848224[2064] write(1, \"BZh9\\027rE8P\\220\\0\\0\\0\\0\", 14) = 14\n", 
                        "api": "write", 
                        "return_value": "14", 
                        "instruction_pointer": "7f931e848224", 
                        "time": 1626368025.021225, 
                        "process_name": "bzip2", 
                        "pid": 2064, 
                        "arguments": {
                            "p2": "14", 
                            "p0": "1", 
                            "p1": "BZh9\u0017rE8P\u0090\u0000\u0000\u0000\u0000"
                        }
                    }, 
                    {
                        "status": "", 
                        "raw": "Thu Jul 15 16:53:45 2021.021247 bzip2@7f931e8538b7[2064] munmap(0x7f931e3c9000, 3600384) = 0\n", 
                        "api": "munmap", 
                        "return_value": "0", 
                        "instruction_pointer": "7f931e8538b7", 
                        "time": 1626368025.021247, 
                        "process_name": "bzip2", 
                        "pid": 2064, 
                        "arguments": {
                            "p0": "0x7f931e3c9000", 
                            "p1": "3600384"
                        }
                    }, 
                    {
                        "status": "", 
                        "raw": "Thu Jul 15 16:53:45 2021.021265 bzip2@7f931e8538b7[2064] munmap(0x7f931e05a000, 3600384) = 0\n", 
                        "api": "munmap", 
                        "return_value": "0", 
                        "instruction_pointer": "7f931e8538b7", 
                        "time": 1626368025.021265, 
                        "process_name": "bzip2", 
                        "pid": 2064, 
                        "arguments": {
                            "p0": "0x7f931e05a000", 
                            "p1": "3600384"
                        }
                    }, 
                    {
                        "status": "", 
                        "raw": "Thu Jul 15 16:53:45 2021.021281 bzip2@7f931e8538b7[2064] munmap(0x7f931ef07000, 266240) = 0\n", 
                        "api": "munmap", 
                        "return_value": "0", 
                        "instruction_pointer": "7f931e8538b7", 
                        "time": 1626368025.021281, 
                        "process_name": "bzip2", 
                        "pid": 2064, 
                        "arguments": {
                            "p0": "0x7f931ef07000", 
                            "p1": "266240"
                        }
                    }, 
                    {
                        "status": "", 
                        "raw": "Thu Jul 15 16:53:45 2021.021296 bzip2@7f931e848a17[2064] close(0) = 0\n", 
                        "api": "close", 
                        "return_value": "0", 
                        "instruction_pointer": "7f931e848a17", 
                        "time": 1626368025.021296, 
                        "process_name": "bzip2", 
                        "pid": 2064, 
                        "arguments": {
                            "p0": "0"
                        }
                    }, 
                    {
                        "status": "", 
                        "raw": "Thu Jul 15 16:53:45 2021.021314 bzip2@7f931e81cbd6[2064] exit_group(0)\n", 
                        "api": "exit_group", 
                        "return_value": "", 
                        "instruction_pointer": "7f931e81cbd6", 
                        "time": 1626368025.021314, 
                        "process_name": "bzip2", 
                        "pid": 2064, 
                        "arguments": {
                            "p0": "0"
                        }
                    }
                ], 
                "pid": 2064, 
                "process_name": "bzip2", 
                "command_line": "/tmp/bzip2", 
                "first_seen": 1626368025.019239, 
                "ppid": 2063, 
                "type": "process"
            }
        ], 
        "processtree": [
            {
                "track": true, 
                "pid": 2064, 
                "process_name": "bzip2", 
                "command_line": "/tmp/bzip2", 
                "first_seen": 1626368025.019239, 
                "ppid": 2063, 
                "children": []
            }
        ]
    }, 
    "debug": {
        "action": [], 
        "dbgview": [], 
        "errors": [], 
        "log": [
            "2021-07-15 18:53:41,008 [root] DEBUG: Starting analyzer from: /tmpXLqNxd\n", 
            "2021-07-15 18:53:41,010 [root] DEBUG: Storing results at: /tmp/IqWcFmCpl\n", 
            "2021-07-15 18:53:41,010 [root] DEBUG: BIANCA DEBUG: \n", 
            "2021-07-15 18:53:41,010 [root] DEBUG: No analysis package specified, trying to detect it automagically.\n", 
            "2021-07-15 18:53:41,010 [root] INFO: Automatically selected analysis package \"generic\"\n", 
            "2021-07-15 18:53:41,049 [root] DEBUG: Bianca DEBUG[<class 'modules.auxiliary.stap.STAP'>]\n", 
            "2021-07-15 18:53:41,050 [modules.auxiliary.stap] WARNING: BIANCA DEBUG: IT GOT TO STAP INIT\n", 
            "2021-07-15 18:53:41,050 [modules.auxiliary.stap] WARNING: BIANCA DEBUG: STAP STARTEDDDDDDDDDDDD\n", 
            "2021-07-15 18:53:41,056 [modules.auxiliary.stap] WARNING: BIANCAAAA stap path: /root/.cuckoo/stap_.ko\n", 
            "2021-07-15 18:53:41,056 [modules.auxiliary.stap] WARNING: HELLO DARKNESS MY OLD FRIENDDD\n", 
            "2021-07-15 18:53:41,062 [modules.auxiliary.stap] WARNING: IT STARTED NOW NOW NOW\n", 
            "2021-07-15 18:53:45,013 [modules.auxiliary.stap] DEBUG: STAP aux module startup took 3.96 seconds\n", 
            "2021-07-15 18:53:45,013 [root] DEBUG: Started auxiliary module STAP\n", 
            "2021-07-15 18:53:45,015 [root] INFO: Added new process to list with pid: 2063\n", 
            "2021-07-15 18:53:46,019 [root] INFO: Process with pid 2063 has terminated\n", 
            "2021-07-15 18:53:46,019 [root] INFO: Process list is empty, terminating analysis.\n", 
            "2021-07-15 18:53:47,024 [modules.auxiliary.stap] DEBUG: stap subprocess retval None\n", 
            "2021-07-15 18:53:47,024 [modules.auxiliary.stap] DEBUG: BIANCA SEND FILE FROM STRAP: stap.log -> logs/all.stap\n", 
            "2021-07-15 18:53:47,029 [root] INFO: Analysis completed.\n"
        ], 
        "cuckoo": [
            "2021-07-15 18:53:42,064 [cuckoo.core.scheduler] INFO: Task #19: acquired machine cuc (label=cuc)\n", 
            "2021-07-15 18:53:42,065 [cuckoo.core.resultserver] DEBUG: Now tracking machine 192.168.56.101 for task #19\n", 
            "2021-07-15 18:53:42,065 [cuckoo.core.plugins] DEBUG: Started auxiliary module: Replay\n", 
            "2021-07-15 18:53:42,070 [cuckoo.auxiliary.sniffer] INFO: Started sniffer with PID 25251 (interface=vboxnet0, host=192.168.56.101)\n", 
            "2021-07-15 18:53:42,071 [cuckoo.core.plugins] DEBUG: Started auxiliary module: Sniffer\n", 
            "2021-07-15 18:53:42,210 [cuckoo.machinery.virtualbox] DEBUG: Starting vm cuc\n", 
            "2021-07-15 18:53:42,392 [cuckoo.machinery.virtualbox] DEBUG: Restoring virtual machine cuc to final_3\n", 
            "2021-07-15 18:53:49,021 [cuckoo.core.guest] INFO: Starting analysis #19 on guest (id=cuc, ip=192.168.56.101)\n", 
            "2021-07-15 18:53:50,024 [cuckoo.core.guest] DEBUG: cuc: not ready yet\n", 
            "2021-07-15 18:53:51,027 [cuckoo.core.guest] DEBUG: cuc: not ready yet\n", 
            "2021-07-15 18:53:52,030 [cuckoo.core.guest] DEBUG: cuc: not ready yet\n", 
            "2021-07-15 18:53:53,034 [cuckoo.core.guest] DEBUG: cuc: not ready yet\n", 
            "2021-07-15 18:53:54,037 [cuckoo.core.guest] DEBUG: cuc: not ready yet\n", 
            "2021-07-15 18:53:55,040 [cuckoo.core.guest] DEBUG: cuc: not ready yet\n", 
            "2021-07-15 18:53:56,042 [cuckoo.core.guest] DEBUG: cuc: not ready yet\n", 
            "2021-07-15 18:53:57,046 [cuckoo.core.guest] DEBUG: cuc: not ready yet\n", 
            "2021-07-15 18:53:58,049 [cuckoo.core.guest] DEBUG: cuc: not ready yet\n", 
            "2021-07-15 18:53:59,051 [cuckoo.core.guest] DEBUG: cuc: not ready yet\n", 
            "2021-07-15 18:54:00,054 [cuckoo.core.guest] DEBUG: cuc: not ready yet\n", 
            "2021-07-15 18:54:00,099 [cuckoo.core.guest] INFO: Guest is running Cuckoo Agent 0.10 (id=cuc, ip=192.168.56.101)\n", 
            "2021-07-15 18:54:00,105 [cuckoo.core.guest] DEBUG: Uploading analyzer to guest (id=cuc, ip=192.168.56.101, monitor=latest, size=31337)\n", 
            "2021-07-15 18:54:00,298 [cuckoo.core.resultserver] DEBUG: Task #19: live log analysis.log initialized.\n", 
            "2021-07-15 18:54:05,295 [cuckoo.core.guest] DEBUG: cuc: analysis #19 still processing\n", 
            "2021-07-15 18:54:06,334 [cuckoo.core.resultserver] DEBUG: Task #19: File upload for 'logs/all.stap'\n", 
            "2021-07-15 18:54:06,337 [cuckoo.core.resultserver] DEBUG: Task #19 uploaded file length: 12057\n", 
            "2021-07-15 18:54:10,325 [cuckoo.core.guest] DEBUG: cuc: analysis #19 still processing\n", 
            "2021-07-15 18:54:15,356 [cuckoo.core.guest] DEBUG: cuc: analysis #19 still processing\n", 
            "2021-07-15 18:54:20,387 [cuckoo.core.guest] DEBUG: cuc: analysis #19 still processing\n", 
            "2021-07-15 18:54:25,415 [cuckoo.core.guest] DEBUG: cuc: analysis #19 still processing\n", 
            "2021-07-15 18:54:30,444 [cuckoo.core.guest] DEBUG: cuc: analysis #19 still processing\n", 
            "2021-07-15 18:54:35,472 [cuckoo.core.guest] DEBUG: cuc: analysis #19 still processing\n", 
            "2021-07-15 18:54:40,500 [cuckoo.core.guest] DEBUG: cuc: analysis #19 still processing\n", 
            "2021-07-15 18:54:45,527 [cuckoo.core.guest] DEBUG: cuc: analysis #19 still processing\n", 
            "2021-07-15 18:54:50,555 [cuckoo.core.guest] DEBUG: cuc: analysis #19 still processing\n", 
            "2021-07-15 18:54:55,585 [cuckoo.core.guest] DEBUG: cuc: analysis #19 still processing\n", 
            "2021-07-15 18:55:00,613 [cuckoo.core.guest] DEBUG: cuc: analysis #19 still processing\n", 
            "2021-07-15 18:55:05,640 [cuckoo.core.guest] DEBUG: cuc: analysis #19 still processing\n", 
            "2021-07-15 18:55:10,731 [cuckoo.core.guest] DEBUG: cuc: analysis #19 still processing\n", 
            "2021-07-15 18:55:15,758 [cuckoo.core.guest] DEBUG: cuc: analysis #19 still processing\n", 
            "2021-07-15 18:55:20,787 [cuckoo.core.guest] DEBUG: cuc: analysis #19 still processing\n", 
            "2021-07-15 18:55:25,815 [cuckoo.core.guest] DEBUG: cuc: analysis #19 still processing\n", 
            "2021-07-15 18:55:30,843 [cuckoo.core.guest] DEBUG: cuc: analysis #19 still processing\n", 
            "2021-07-15 18:55:35,871 [cuckoo.core.guest] DEBUG: cuc: analysis #19 still processing\n", 
            "2021-07-15 18:55:40,898 [cuckoo.core.guest] DEBUG: cuc: analysis #19 still processing\n", 
            "2021-07-15 18:55:45,925 [cuckoo.core.guest] DEBUG: cuc: analysis #19 still processing\n", 
            "2021-07-15 18:55:50,953 [cuckoo.core.guest] DEBUG: cuc: analysis #19 still processing\n", 
            "2021-07-15 18:55:55,981 [cuckoo.core.guest] DEBUG: cuc: analysis #19 still processing\n", 
            "2021-07"
        ]
    }, 
    "strings": [
        "/lib64/ld-linux-x86-64.so.2", 
        "libbz2.so.1.0", 
        "_ITM_deregisterTMCloneTable", 
        "__gmon_start__", 
        "_ITM_registerTMCloneTable", 
        "BZ2_bzReadGetUnused", 
        "BZ2_bzlibVersion", 
        "BZ2_bzWriteClose64", 
        "BZ2_bzReadClose", 
        "BZ2_bzReadOpen", 
        "BZ2_bzWrite", 
        "BZ2_bzWriteOpen", 
        "BZ2_bzRead", 
        "libc.so.6", 
        "fflush", 
        "fchmod", 
        "strncmp", 
        "perror", 
        "signal", 
        "strncpy", 
        "__stack_chk_fail", 
        "rewind", 
        "isatty", 
        "strlen", 
        "ungetc", 
        "strstr", 
        "__errno_location", 
        "__fprintf_chk", 
        "fchown", 
        "stdout", 
        "memcpy", 
        "fclose", 
        "malloc", 
        "remove", 
        "__lxstat64", 
        "__xstat64", 
        "__ctype_b_loc", 
        "getenv", 
        "stderr", 
        "fileno", 
        "fwrite", 
        "fdopen", 
        "__cxa_finalize", 
        "fopen64", 
        "__strcat_chk", 
        "strcmp", 
        "strerror", 
        "__libc_start_main", 
        "ferror", 
        "_edata", 
        "__bss_start", 
        "progNameReally", 
        "verbosity", 
        "tmpName", 
        "workFactor", 
        "numFilesProcessed", 
        "smallMode", 
        "outputHandleJustInCase", 
        "numFileNames", 
        "longestFileName", 
        "srcMode", 
        "keepInputFiles", 
        "blockSize100k", 
        "exitValue", 
        "outName", 
        "_IO_stdin_used", 
        "testFailsExist", 
        "inName", 
        "unzFailsExist", 
        "forceOverwrite", 
        "deleteOutputOnInterrupt", 
        "opMode", 
        "progName", 
        "unzSuffix", 
        "GLIBC_2.3", 
        "GLIBC_2.14", 
        "GLIBC_2.4", 
        "GLIBC_2.2.5", 
        "GLIBC_2.3.4", 
        "AWAVAUATI", 
        "[]A\\A]A^A_", 
        "D$8dH3", 
        "AUATUSH", 
        "[]A\\A]A^A_", 
        "AUATUSH", 
        "[]A\\A]A^A_", 
        "AWAVAUATI", 
        "L9-IJ ", 
        "[]A\\A]A^A_", 
        "AVAUATUSH", 
        "[]A\\A]A^", 
        "AUATUSH", 
        "[]A\\A]", 
        "AWAVAUATI", 
        "[]A\\A]A^A_", 
        "[]A\\A]A^A_", 
        " no data compressed.", 
        "test:bzReadGetUnused", 
        "%s: %s: ", 
        "file ends unexpectedly", 
        "test:unexpected error", 
        "decompress:bzReadGetUnused", 
        "decompress:unexpected error", 
        "uncompress: bad modes", 
        "(stdin)", 
        "(stdout)", 
        "uncompress: bad srcMode", 
        "  %s: ", 
        "%s: %s is not a bzip2 file.", 
        "testf: bad modes", 
        "(none)", 
        "%s: Can't open input %s: %s.", 
        "testf: bad srcMode", 
        "%s: Bad flag `%s'", 
        "--stdout", 
        "--decompress", 
        "--compress", 
        "--force", 
        "--test", 
        "--keep", 
        "--small", 
        "--quiet", 
        "--version", 
        "--license", 
        "--exponential", 
        "--repetitive-best", 
        "--repetitive-fast", 
        "--fast", 
        "--best", 
        "--verbose", 
        "--help", 
        "bzip2: I'm not configured correctly for this platform!", 
        "I require Int32, Int16 and Char to have sizes", 
        "of 4, 2 and 1 bytes to run properly, and they don't.", 
        "Probably you can fix this by defining them correctly,", 
        "and recompiling.  Bye!", 
        "%s: Deleting output file %s, if it exists.", 
        "%s: WARNING: deletion of output file (apparently) failed.", 
        "%s: WARNING: deletion of output file suppressed", 
        "%s:    since input file no longer exists.  Output file", 
        "%s:    `%s' may be incomplete.", 
        "%s:    I suggest doing an integrity test (bzip2 -tv) of it.", 
        "%s: WARNING: some files have not been processed:", 
        "%s:    %d specified on command line, %d not processed yet.", 
        "%s: Control-C or similar caught, quitting.", 
        "bzip2, a block-sorting file compressor.  Version %s.", 
        "   Copyright (C) 1996-2010 by Julian Seward.", 
        "   This program is free software; you can redistribute it and/or modify", 
        "   it under the terms set out in the LICENSE file, which is included", 
        "   in the bzip2-1.0.6 source distribution.", 
        "   This program is distributed in the hope that it will be useful,", 
        "   but WITHOUT ANY WARRANTY; without even the implied warranty of", 
        "   MERCHANTABILITY or FITNESS FOR A PARTICULAR PURPOSE.  See the", 
        "   LICENSE file for more details.", 
        "bzip2, a block-sorting file compressor.  Version %s.", 
        "   usage: %s [flags and input files in any order]", 
        "   -h --help           print this message", 
        "   -d --decompress     force decompression", 
        "   -z --compress       force compression", 
        "   -k --keep           keep (don't delete) input files", 
        "   -f --force          overwrite existing output files", 
        "   -t --test           test compressed file integrity", 
        "   -c --stdout         output to standard out", 
        "   -q --quiet          suppress noncritical error messages", 
        "   -v --verbose        be verbose (a 2nd -v gives more)", 
        "   -L --license        display software version & license", 
        "   -V --version        display software version & license", 
        "   -s --small          use less memory (at most 2500k)", 
        "   -1 .. -9            set block size to 100k .. 900k", 
        "   --fast              alias for -1", 
        "   --best              alias for -9", 
        "   If invoked as `bzip2', default action is to compress.", 
        "              as `bunzip2',  default action is to decompress.", 
        "              as `bzcat', default action is to decompress to stdout.", 
        "   If no file names are given, bzip2 compresses or decompresses", 
        "   from standard input to standard output.  You can combine", 
        "   short flags, so `-v -4' means the same as -v4 or -4v, &c.", 
        "It is possible that the compressed file(s) have become corrupted.", 
        "You can use the -tvv option to test integrity of such files.", 
        "You can use the `bzip2recover' program to attempt to recover", 
        "data from undamaged sections of corrupted files.", 
        "Input file = %s, output file = %s", 
        "%s: Caught a SIGSEGV or SIGBUS whilst compressing.", 
        "   Possible causes are (most likely first):", 
        "   (1) This computer has unreliable memory or cache hardware", 
        "       (a surprisingly common problem; try a different machine.)", 
        "   (2) A bug in the compiler used to create this executable", 
        "       (unlikely, if you didn't compile bzip2 yourself.)", 
        "   (3) A real bug in bzip2 -- I hope this should never be the case.", 
        "   The user's manual, Section 4.3, has more info on (1) and (2).", 
        "   If you suspect this is a bug in bzip2, or are unsure about (1)", 
        "   or (2), feel free to report it to me at: jseward@bzip.org.", 
        "   Section 4.3 of the user's manual describes the info a useful", 
        "   bug report should have.  If the manual is available on your", 
        "   system, please try and read it before mailing me.  If you don't", 
        "   have the manual or can't be bothered to read it, mail me anyway.", 
        "%s: Caught a SIGSEGV or SIGBUS whilst decompressing.", 
        "   Possible causes are (most likely first):", 
        "   (1) The compressed data is corrupted, and bzip2's usual checks", 
        "       failed to detect this.  Try bzip2 -tvv my_file.bz2.", 
        "   (2) This computer has unreliable memory or cache hardware", 
        "       (a surprisingly common problem; try a different machine.)", 
        "   (3) A bug in the compiler used to create this executable", 
        "       (unlikely, if you didn't compile bzip2 yourself.)", 
        "   (4) A real bug in bzip2 -- I hope this should never be the case.", 
        "   The user's manual, Section 4.3, has more info on (2) and (3).", 
        "   If you suspect this is a bug in bzip2, or are unsure about (2)", 
        "   or (3), feel free to report it to me at: jseward@bzip.org.", 
        "   Section 4.3 of the user's manual describes the info a useful", 
        "   bug report should have.  If the manual is available on your", 
        "   system, please try and read it before mailing me.  If you don't", 
        "   have the manual or can't be bothered to read it, mail me anyway.", 
        "%s: couldn't allocate enough memory", 
        "%s: PANIC -- internal consistency error:", 
        "This is a BUG.  Please report it to me at:", 
        "jseward@bzip.org", 
        "%s: I/O or other error, bailing out.  Possible reason follows.", 
        "%6.3f:1, %6.3f bits/byte, %5.2f%% saved, %s in, %s out.", 
        "data integrity (CRC) error in data", 
        "bad magic number (file not created by bzip2)", 
        "trailing garbage after EOF ignored", 
        "%s: Data integrity error when decompressing.", 
        "%s: Compressed file ends unexpectedly;", 
        "perhaps it is corrupted?  *Possible* reason follows.", 
        "%s: %s: trailing garbage after EOF ignored", 
        "bzip2: file name", 
        "is suspiciously (more than %d chars) long.", 
        "Try using a reasonable file name instead.  Sorry! :-)", 
        "%s: Can't open input file %s: %s.", 
        "%s: Input file %s is a directory.", 
        "%s: Input file %s is not a normal file.", 
        "%s: Can't guess original name for %s -- using %s", 
        "%s: Output file %s already exists.", 
        "%s: Input file %s has %d other link%s.", 
        "%s: I won't read compressed data from a terminal.", 
        "%s: For help, type: `%s --help'.", 
        "%s: Can't open input file %s:%s.", 
        "%s: Can't create output file %s: %s.", 
        "%s: Input file %s already has %s suffix.", 
        "%s: I won't write compressed data to a terminal.", 
        "%s: %s is redundant in versions 0.9.5 and above", 
        "%s: -c and -t cannot be used together.", 
        "975b86e99e687e6fcddc2e4ba1ee571e337c03.debug", 
        ".shstrtab", 
        ".interp", 
        ".note.ABI-tag", 
        ".note.gnu.build-id", 
        ".gnu.hash", 
        ".dynsym", 
        ".dynstr", 
        ".gnu.version", 
        ".gnu.version_r", 
        ".rela.dyn", 
        ".rela.plt", 
        ".plt.got", 
        ".rodata", 
        ".eh_frame_hdr", 
        ".eh_frame", 
        ".init_array", 
        ".fini_array", 
        ".dynamic", 
        ".gnu_debuglink"
    ], 
    "metadata": {
        "output": {
            "pcap": {
                "basename": "dump.pcap", 
                "sha256": "2934f0a9917db2beca54a8520d5d6099bac5bd3cd313a902ad599e953631fa9b", 
                "dirname": ""
            }
        }
    }
}