{"started_on": {"$dt": "2021-07-15T19:58:33.625656"}, "duration": 192, "sample_id": 27, "owner": null, "id": 30, "category": "file", "priority": 1, "guest": {"status": "stopped", "name": "cuc", "label": "cuc", "manager": "VirtualBox", "started_on": "2021-07-15 19:58:33", "shutdown_on": "2021-07-15 20:01:46"}, "clock": {"$dt": "2021-07-15T19:58:32.751214"}, "custom": null, "machine": null, "platform": null, "memory": false, "status": "completed", "tags": [], "processing": null, "enforce_timeout": false, "completed_on": {"$dt": "2021-07-15T20:01:46.546961"}, "target": "/home/cuckoo/Desktop/apps/bin/dash", "package": "", "route": "none", "timeout": 0, "submit_id": null, "options": {}, "added_on": {"$dt": "2021-07-15T19:58:32.751231"}}