{"started_on": {"$dt": "2021-07-15T18:06:28.363916"}, "duration": 193, "sample_id": 13, "owner": null, "id": 14, "category": "file", "priority": 1, "guest": {"status": "stopped", "name": "cuc", "label": "cuc", "manager": "VirtualBox", "started_on": "2021-07-15 18:06:28", "shutdown_on": "2021-07-15 18:09:41"}, "clock": {"$dt": "2021-07-15T18:06:28.194010"}, "custom": null, "machine": null, "platform": null, "memory": false, "status": "completed", "tags": [], "processing": null, "enforce_timeout": false, "completed_on": {"$dt": "2021-07-15T18:09:41.771830"}, "target": "/home/cuckoo/Desktop/apps/bin/bunzip2", "package": "", "route": "none", "timeout": 0, "submit_id": null, "options": {}, "added_on": {"$dt": "2021-07-15T18:06:28.194028"}}