{
    "info": {
        "added": 1626376954.836681, 
        "started": 1626376955.524779, 
        "duration": 201, 
        "ended": 1626377156.656769, 
        "owner": null, 
        "score": 0.0, 
        "id": 23, 
        "category": "file", 
        "git": {
            "head": "13cbe0d9e457be3673304533043e992ead1ea9b2", 
            "fetch_head": "13cbe0d9e457be3673304533043e992ead1ea9b2"
        }, 
        "monitor": "2deb9ccd75d5a7a3fe05b2625b03a8639d6ee36b", 
        "package": "", 
        "route": "none", 
        "custom": null, 
        "machine": {
            "status": "stopped", 
            "name": "cuc", 
            "label": "cuc", 
            "manager": "VirtualBox", 
            "started_on": "2021-07-15 19:22:35", 
            "shutdown_on": "2021-07-15 19:25:56"
        }, 
        "platform": null, 
        "version": "2.0.7", 
        "options": ""
    }, 
    "signatures": [], 
    "target": {
        "category": "file", 
        "file": {
            "yara": [], 
            "sha1": "b09d67f918665b6390563ef55ffbf150be0b8b5e", 
            "name": "chacl", 
            "type": "ELF 64-bit LSB shared object, x86-64, version 1 (SYSV), dynamically linked, interpreter /lib64/ld-linux-x86-64.so.2, for GNU/Linux 2.6.32, BuildID[sha1]=c7ac5d6197789727a2e8398a82cd37f210760601, stripped", 
            "sha256": "6f77f2568f876cca36dcbe62d70c7df1fde34426fd91ef27ba195d223ffdffc0", 
            "urls": [], 
            "crc32": "D1DD2398", 
            "path": "/home/cuckoo/.cuckoo/storage/binaries/6f77f2568f876cca36dcbe62d70c7df1fde34426fd91ef27ba195d223ffdffc0", 
            "ssdeep": null, 
            "size": 14328, 
            "sha512": "a0676212fdb27f2a65e7641c9314d4d89167983987ad7d29ac6627bb1a5d9230609e6bde32aa30b3fc3f028b3413438e8f0f89fc82323618d28698a85aee70ea", 
            "md5": "e49c68a5448a0db2f84e836bfd30963f"
        }
    }, 
    "network": {
        "tls": [], 
        "udp": [
            {
                "src": "192.168.56.101", 
                "dst": "224.0.0.251", 
                "offset": 448, 
                "time": 6.2424139976501465, 
                "dport": 5353, 
                "sport": 5353
            }
        ], 
        "dns_servers": [
            "224.0.0.251"
        ], 
        "http": [], 
        "icmp": [], 
        "smtp": [], 
        "tcp": [], 
        "smtp_ex": [], 
        "mitm": [], 
        "hosts": [], 
        "pcap_sha256": "14b49ee4da46e6a1ae861fd56f427150cea18213bb49172ec894e3cfd060d36b", 
        "dns": [
            {
                "type": "PTR", 
                "request": "_ipps._tcp.local", 
                "answers": []
            }
        ], 
        "http_ex": [], 
        "domains": [
            {
                "ip": "", 
                "domain": "_ipps._tcp.local"
            }
        ], 
        "dead_hosts": [], 
        "sorted_pcap_sha256": "dd3f661a14456f51c23ac1c16c9aa4cbd380ad207377d3f449b62d7ee1dfe0e7", 
        "irc": [], 
        "https_ex": []
    }, 
    "behavior": {
        "generic": [
            {
                "process_path": null, 
                "process_name": "chacl", 
                "pid": 2062, 
                "summary": {}, 
                "first_seen": 1626369758.108253, 
                "ppid": 2061
            }
        ], 
        "processes": [
            {
                "calls": [
                    {
                        "status": "", 
                        "raw": "Thu Jul 15 17:22:38 2021.108253 chacl@7fae8fbb40a9[2062] execve(\"/tmp/chacl\", [\"/tmp/chacl\"], [\"LC_TIME=de_CH.UTF-8\", \"HOME=/root\", \"LC_MONETARY=de_CH.UTF-8\", \"LOGNAME=root\", \"PATH=/usr/bin:/bin\", \"LC_ADDRESS=de_CH.UTF-8\", \"LANG=en_US.UTF-8\", \"LC_TELEPHONE=de_CH.UTF-8\", \"LC_NAME=de_CH.UTF-8\", \"SHELL=/bin/sh\", \"LC_MEASUREMENT=de_CH.UTF-8\", \"LC_IDENTIFICATION=de_CH.UTF-8\", \"PWD=/tmpXVDErf\", \"LC_NUMERIC=de_CH.UTF-8\", \"LC_PAPER=de_CH.UTF-8\"])\n", 
                        "api": "execve", 
                        "return_value": "", 
                        "instruction_pointer": "7fae8fbb40a9", 
                        "time": 1626369758.108253, 
                        "process_name": "chacl", 
                        "pid": 2062, 
                        "arguments": {
                            "p2": [
                                "LC_TIME=de_CH.UTF-8", 
                                "HOME=/root", 
                                "LC_MONETARY=de_CH.UTF-8", 
                                "LOGNAME=root", 
                                "PATH=/usr/bin:/bin", 
                                "LC_ADDRESS=de_CH.UTF-8", 
                                "LANG=en_US.UTF-8", 
                                "LC_TELEPHONE=de_CH.UTF-8", 
                                "LC_NAME=de_CH.UTF-8", 
                                "SHELL=/bin/sh", 
                                "LC_MEASUREMENT=de_CH.UTF-8", 
                                "LC_IDENTIFICATION=de_CH.UTF-8", 
                                "PWD=/tmpXVDErf", 
                                "LC_NUMERIC=de_CH.UTF-8", 
                                "LC_PAPER=de_CH.UTF-8"
                            ], 
                            "p0": "/tmp/chacl", 
                            "p1": [
                                "/tmp/chacl"
                            ]
                        }
                    }, 
                    {
                        "status": "", 
                        "raw": "Thu Jul 15 17:22:38 2021.108395 chacl@7fae8fbb40a9[2062] brk(0x0) = 93873234296832\n", 
                        "api": "brk", 
                        "return_value": "93873234296832", 
                        "instruction_pointer": "7fae8fbb40a9", 
                        "time": 1626369758.108395, 
                        "process_name": "chacl", 
                        "pid": 2062, 
                        "arguments": {
                            "p0": "0x0"
                        }
                    }, 
                    {
                        "status": "ENOENT", 
                        "raw": "Thu Jul 15 17:22:38 2021.108432 chacl@7fae8fba796e[2062] access(\"/etc/ld.so.nohwcap\", F_OK) = -2 (ENOENT)\n", 
                        "api": "access", 
                        "return_value": "-2", 
                        "instruction_pointer": "7fae8fba796e", 
                        "time": 1626369758.108432, 
                        "process_name": "chacl", 
                        "pid": 2062, 
                        "arguments": {
                            "p0": "/etc/ld.so.nohwcap", 
                            "p1": "F_OK"
                        }
                    }, 
                    {
                        "status": "ENOENT", 
                        "raw": "Thu Jul 15 17:22:38 2021.108451 chacl@7fae8fbb5007[2062] access(\"/etc/ld.so.preload\", R_OK) = -2 (ENOENT)\n", 
                        "api": "access", 
                        "return_value": "-2", 
                        "instruction_pointer": "7fae8fbb5007", 
                        "time": 1626369758.108451, 
                        "process_name": "chacl", 
                        "pid": 2062, 
                        "arguments": {
                            "p0": "/etc/ld.so.preload", 
                            "p1": "R_OK"
                        }
                    }, 
                    {
                        "status": "", 
                        "raw": "Thu Jul 15 17:22:38 2021.108466 chacl@7fae8fbb4ebd[2062] openat(AT_FDCWD, \"/etc/ld.so.cache\", O_RDONLY|O_CLOEXEC) = 6\n", 
                        "api": "openat", 
                        "return_value": "6", 
                        "instruction_pointer": "7fae8fbb4ebd", 
                        "time": 1626369758.108466, 
                        "process_name": "chacl", 
                        "pid": 2062, 
                        "arguments": {
                            "p2": "O_RDONLY|O_CLOEXEC", 
                            "p0": "AT_FDCWD", 
                            "p1": "/etc/ld.so.cache"
                        }
                    }, 
                    {
                        "status": "", 
                        "raw": "Thu Jul 15 17:22:38 2021.108479 chacl@7fae8fbb4e23[2062] fstat(6, 0x7ffffac067e0) = 0\n", 
                        "api": "fstat", 
                        "return_value": "0", 
                        "instruction_pointer": "7fae8fbb4e23", 
                        "time": 1626369758.108479, 
                        "process_name": "chacl", 
                        "pid": 2062, 
                        "arguments": {
                            "p0": "6", 
                            "p1": "0x7ffffac067e0"
                        }
                    }, 
                    {
                        "status": "", 
                        "raw": "Thu Jul 15 17:22:38 2021.108490 chacl@7fae8fbb5123[2062] mmap2(0x0, 85414, PROT_READ, MAP_PRIVATE, 6, 0) = 0x7fae8fdac000\n", 
                        "api": "mmap2", 
                        "return_value": "0x7fae8fdac000", 
                        "instruction_pointer": "7fae8fbb5123", 
                        "time": 1626369758.10849, 
                        "process_name": "chacl", 
                        "pid": 2062, 
                        "arguments": {
                            "p2": "PROT_READ", 
                            "p3": "MAP_PRIVATE", 
                            "p0": "0x0", 
                            "p1": "85414", 
                            "p4": "6", 
                            "p5": "0"
                        }
                    }, 
                    {
                        "status": "", 
                        "raw": "Thu Jul 15 17:22:38 2021.108502 chacl@7fae8fbb50b7[2062] close(6) = 0\n", 
                        "api": "close", 
                        "return_value": "0", 
                        "instruction_pointer": "7fae8fbb50b7", 
                        "time": 1626369758.108502, 
                        "process_name": "chacl", 
                        "pid": 2062, 
                        "arguments": {
                            "p0": "6"
                        }
                    }, 
                    {
                        "status": "ENOENT", 
                        "raw": "Thu Jul 15 17:22:38 2021.108517 chacl@7fae8fbb02d9[2062] access(\"/etc/ld.so.nohwcap\", F_OK) = -2 (ENOENT)\n", 
                        "api": "access", 
                        "return_value": "-2", 
                        "instruction_pointer": "7fae8fbb02d9", 
                        "time": 1626369758.108517, 
                        "process_name": "chacl", 
                        "pid": 2062, 
                        "arguments": {
                            "p0": "/etc/ld.so.nohwcap", 
                            "p1": "F_OK"
                        }
                    }, 
                    {
                        "status": "", 
                        "raw": "Thu Jul 15 17:22:38 2021.108536 chacl@7fae8fbb4ebd[2062] openat(AT_FDCWD, \"/lib/x86_64-linux-gnu/libacl.so.1\", O_RDONLY|O_CLOEXEC) = 6\n", 
                        "api": "openat", 
                        "return_value": "6", 
                        "instruction_pointer": "7fae8fbb4ebd", 
                        "time": 1626369758.108536, 
                        "process_name": "chacl", 
                        "pid": 2062, 
                        "arguments": {
                            "p2": "O_RDONLY|O_CLOEXEC", 
                            "p0": "AT_FDCWD", 
                            "p1": "/lib/x86_64-linux-gnu/libacl.so.1"
                        }
                    }, 
                    {
                        "status": "", 
                        "raw": "Thu Jul 15 17:22:38 2021.108549 chacl@7fae8fbb4f84[2062] read(6, 0x7ffffac069a8, 832) = 832\n", 
                        "api": "read", 
                        "return_value": "832", 
                        "instruction_pointer": "7fae8fbb4f84", 
                        "time": 1626369758.108549, 
                        "process_name": "chacl", 
                        "pid": 2062, 
                        "arguments": {
                            "p2": "832", 
                            "p0": "6", 
                            "p1": "0x7ffffac069a8"
                        }
                    }, 
                    {
                        "status": "", 
                        "raw": "Thu Jul 15 17:22:38 2021.108560 chacl@7fae8fbb4e23[2062] fstat(6, 0x7ffffac06840) = 0\n", 
                        "api": "fstat", 
                        "return_value": "0", 
                        "instruction_pointer": "7fae8fbb4e23", 
                        "time": 1626369758.10856, 
                        "process_name": "chacl", 
                        "pid": 2062, 
                        "arguments": {
                            "p0": "6", 
                            "p1": "0x7ffffac06840"
                        }
                    }, 
                    {
                        "status": "", 
                        "raw": "Thu Jul 15 17:22:38 2021.108570 chacl@7fae8fbb5123[2062] mmap2(0x0, 8192, PROT_READ|PROT_WRITE, MAP_PRIVATE|MAP_ANONYMOUS, -1, 0) = 0x7fae8fdaa000\n", 
                        "api": "mmap2", 
                        "return_value": "0x7fae8fdaa000", 
                        "instruction_pointer": "7fae8fbb5123", 
                        "time": 1626369758.10857, 
                        "process_name": "chacl", 
                        "pid": 2062, 
                        "arguments": {
                            "p2": "PROT_READ|PROT_WRITE", 
                            "p3": "MAP_PRIVATE|MAP_ANONYMOUS", 
                            "p0": "0x0", 
                            "p1": "8192", 
                            "p4": "-1", 
                            "p5": "0"
                        }
                    }, 
                    {
                        "status": "", 
                        "raw": "Thu Jul 15 17:22:38 2021.108586 chacl@7fae8fbb5123[2062] mmap2(0x0, 2126336, PROT_READ|PROT_EXEC, MAP_PRIVATE|MAP_DENYWRITE, 6, 0) = 0x7fae8f990000\n", 
                        "api": "mmap2", 
                        "return_value": "0x7fae8f990000", 
                        "instruction_pointer": "7fae8fbb5123", 
                        "time": 1626369758.108586, 
                        "process_name": "chacl", 
                        "pid": 2062, 
                        "arguments": {
                            "p2": "PROT_READ|PROT_EXEC", 
                            "p3": "MAP_PRIVATE|MAP_DENYWRITE", 
                            "p0": "0x0", 
                            "p1": "2126336", 
                            "p4": "6", 
                            "p5": "0"
                        }
                    }, 
                    {
                        "status": "", 
                        "raw": "Thu Jul 15 17:22:38 2021.108600 chacl@7fae8fbb51d7[2062] mprotect(0x7fae8f997000, 2093056, PROT_NONE) = 0\n", 
                        "api": "mprotect", 
                        "return_value": "0", 
                        "instruction_pointer": "7fae8fbb51d7", 
                        "time": 1626369758.1086, 
                        "process_name": "chacl", 
                        "pid": 2062, 
                        "arguments": {
                            "p2": "PROT_NONE", 
                            "p0": "0x7fae8f997000", 
                            "p1": "2093056"
                        }
                    }, 
                    {
                        "status": "", 
                        "raw": "Thu Jul 15 17:22:38 2021.108615 chacl@7fae8fbb5123[2062] mmap2(0x7fae8fb96000, 8192, PROT_READ|PROT_WRITE, MAP_PRIVATE|MAP_FIXED|MAP_DENYWRITE, 6, 24576) = 0x7fae8fb96000\n", 
                        "api": "mmap2", 
                        "return_value": "0x7fae8fb96000", 
                        "instruction_pointer": "7fae8fbb5123", 
                        "time": 1626369758.108615, 
                        "process_name": "chacl", 
                        "pid": 2062, 
                        "arguments": {
                            "p2": "PROT_READ|PROT_WRITE", 
                            "p3": "MAP_PRIVATE|MAP_FIXED|MAP_DENYWRITE", 
                            "p0": "0x7fae8fb96000", 
                            "p1": "8192", 
                            "p4": "6", 
                            "p5": "24576"
                        }
                    }, 
                    {
                        "status": "", 
                        "raw": "Thu Jul 15 17:22:38 2021.108638 chacl@7fae8fbb50b7[2062] close(6) = 0\n", 
                        "api": "close", 
                        "return_value": "0", 
                        "instruction_pointer": "7fae8fbb50b7", 
                        "time": 1626369758.108638, 
                        "process_name": "chacl", 
                        "pid": 2062, 
                        "arguments": {
                            "p0": "6"
                        }
                    }, 
                    {
                        "status": "ENOENT", 
                        "raw": "Thu Jul 15 17:22:38 2021.108655 chacl@7fae8fbb02d9[2062] access(\"/etc/ld.so.nohwcap\", F_OK) = -2 (ENOENT)\n", 
                        "api": "access", 
                        "return_value": "-2", 
                        "instruction_pointer": "7fae8fbb02d9", 
                        "time": 1626369758.108655, 
                        "process_name": "chacl", 
                        "pid": 2062, 
                        "arguments": {
                            "p0": "/etc/ld.so.nohwcap", 
                            "p1": "F_OK"
                        }
                    }, 
                    {
                        "status": "", 
                        "raw": "Thu Jul 15 17:22:38 2021.108671 chacl@7fae8fbb4ebd[2062] openat(AT_FDCWD, \"/lib/x86_64-linux-gnu/libc.so.6\", O_RDONLY|O_CLOEXEC) = 6\n", 
                        "api": "openat", 
                        "return_value": "6", 
                        "instruction_pointer": "7fae8fbb4ebd", 
                        "time": 1626369758.108671, 
                        "process_name": "chacl", 
                        "pid": 2062, 
                        "arguments": {
                            "p2": "O_RDONLY|O_CLOEXEC", 
                            "p0": "AT_FDCWD", 
                            "p1": "/lib/x86_64-linux-gnu/libc.so.6"
                        }
                    }, 
                    {
                        "status": "", 
                        "raw": "Thu Jul 15 17:22:38 2021.108684 chacl@7fae8fbb4f84[2062] read(6, 0x7ffffac06978, 832) = 832\n", 
                        "api": "read", 
                        "return_value": "832", 
                        "instruction_pointer": "7fae8fbb4f84", 
                        "time": 1626369758.108684, 
                        "process_name": "chacl", 
                        "pid": 2062, 
                        "arguments": {
                            "p2": "832", 
                            "p0": "6", 
                            "p1": "0x7ffffac06978"
                        }
                    }, 
                    {
                        "status": "", 
                        "raw": "Thu Jul 15 17:22:38 2021.108694 chacl@7fae8fbb4e23[2062] fstat(6, 0x7ffffac06810) = 0\n", 
                        "api": "fstat", 
                        "return_value": "0", 
                        "instruction_pointer": "7fae8fbb4e23", 
                        "time": 1626369758.108694, 
                        "process_name": "chacl", 
                        "pid": 2062, 
                        "arguments": {
                            "p0": "6", 
                            "p1": "0x7ffffac06810"
                        }
                    }, 
                    {
                        "status": "", 
                        "raw": "Thu Jul 15 17:22:38 2021.108705 chacl@7fae8fbb5123[2062] mmap2(0x0, 4131552, PROT_READ|PROT_EXEC, MAP_PRIVATE|MAP_DENYWRITE, 6, 0) = 0x7fae8f59f000\n", 
                        "api": "mmap2", 
                        "return_value": "0x7fae8f59f000", 
                        "instruction_pointer": "7fae8fbb5123", 
                        "time": 1626369758.108705, 
                        "process_name": "chacl", 
                        "pid": 2062, 
                        "arguments": {
                            "p2": "PROT_READ|PROT_EXEC", 
                            "p3": "MAP_PRIVATE|MAP_DENYWRITE", 
                            "p0": "0x0", 
                            "p1": "4131552", 
                            "p4": "6", 
                            "p5": "0"
                        }
                    }, 
                    {
                        "status": "", 
                        "raw": "Thu Jul 15 17:22:38 2021.108718 chacl@7fae8fbb51d7[2062] mprotect(0x7fae8f786000, 2097152, PROT_NONE) = 0\n", 
                        "api": "mprotect", 
                        "return_value": "0", 
                        "instruction_pointer": "7fae8fbb51d7", 
                        "time": 1626369758.108718, 
                        "process_name": "chacl", 
                        "pid": 2062, 
                        "arguments": {
                            "p2": "PROT_NONE", 
                            "p0": "0x7fae8f786000", 
                            "p1": "2097152"
                        }
                    }, 
                    {
                        "status": "", 
                        "raw": "Thu Jul 15 17:22:38 2021.108733 chacl@7fae8fbb5123[2062] mmap2(0x7fae8f986000, 24576, PROT_READ|PROT_WRITE, MAP_PRIVATE|MAP_FIXED|MAP_DENYWRITE, 6, 1994752) = 0x7fae8f986000\n", 
                        "api": "mmap2", 
                        "return_value": "0x7fae8f986000", 
                        "instruction_pointer": "7fae8fbb5123", 
                        "time": 1626369758.108733, 
                        "process_name": "chacl", 
                        "pid": 2062, 
                        "arguments": {
                            "p2": "PROT_READ|PROT_WRITE", 
                            "p3": "MAP_PRIVATE|MAP_FIXED|MAP_DENYWRITE", 
                            "p0": "0x7fae8f986000", 
                            "p1": "24576", 
                            "p4": "6", 
                            "p5": "1994752"
                        }
                    }, 
                    {
                        "status": "", 
                        "raw": "Thu Jul 15 17:22:38 2021.108752 chacl@7fae8fbb5123[2062] mmap2(0x7fae8f98c000, 15072, PROT_READ|PROT_WRITE, MAP_PRIVATE|MAP_FIXED|MAP_ANONYMOUS, -1, 0) = 0x7fae8f98c000\n", 
                        "api": "mmap2", 
                        "return_value": "0x7fae8f98c000", 
                        "instruction_pointer": "7fae8fbb5123", 
                        "time": 1626369758.108752, 
                        "process_name": "chacl", 
                        "pid": 2062, 
                        "arguments": {
                            "p2": "PROT_READ|PROT_WRITE", 
                            "p3": "MAP_PRIVATE|MAP_FIXED|MAP_ANONYMOUS", 
                            "p0": "0x7fae8f98c000", 
                            "p1": "15072", 
                            "p4": "-1", 
                            "p5": "0"
                        }
                    }, 
                    {
                        "status": "", 
                        "raw": "Thu Jul 15 17:22:38 2021.108771 chacl@7fae8fbb50b7[2062] close(6) = 0\n", 
                        "api": "close", 
                        "return_value": "0", 
                        "instruction_pointer": "7fae8fbb50b7", 
                        "time": 1626369758.108771, 
                        "process_name": "chacl", 
                        "pid": 2062, 
                        "arguments": {
                            "p0": "6"
                        }
                    }, 
                    {
                        "status": "ENOENT", 
                        "raw": "Thu Jul 15 17:22:38 2021.108791 chacl@7fae8fbb02d9[2062] access(\"/etc/ld.so.nohwcap\", F_OK) = -2 (ENOENT)\n", 
                        "api": "access", 
                        "return_value": "-2", 
                        "instruction_pointer": "7fae8fbb02d9", 
                        "time": 1626369758.108791, 
                        "process_name": "chacl", 
                        "pid": 2062, 
                        "arguments": {
                            "p0": "/etc/ld.so.nohwcap", 
                            "p1": "F_OK"
                        }
                    }, 
                    {
                        "status": "", 
                        "raw": "Thu Jul 15 17:22:38 2021.108808 chacl@7fae8fbb4ebd[2062] openat(AT_FDCWD, \"/lib/x86_64-linux-gnu/libattr.so.1\", O_RDONLY|O_CLOEXEC) = 6\n", 
                        "api": "openat", 
                        "return_value": "6", 
                        "instruction_pointer": "7fae8fbb4ebd", 
                        "time": 1626369758.108808, 
                        "process_name": "chacl", 
                        "pid": 2062, 
                        "arguments": {
                            "p2": "O_RDONLY|O_CLOEXEC", 
                            "p0": "AT_FDCWD", 
                            "p1": "/lib/x86_64-linux-gnu/libattr.so.1"
                        }
                    }, 
                    {
                        "status": "", 
                        "raw": "Thu Jul 15 17:22:38 2021.108821 chacl@7fae8fbb4f84[2062] read(6, 0x7ffffac06838, 832) = 832\n", 
                        "api": "read", 
                        "return_value": "832", 
                        "instruction_pointer": "7fae8fbb4f84", 
                        "time": 1626369758.108821, 
                        "process_name": "chacl", 
                        "pid": 2062, 
                        "arguments": {
                            "p2": "832", 
                            "p0": "6", 
                            "p1": "0x7ffffac06838"
                        }
                    }, 
                    {
                        "status": "", 
                        "raw": "Thu Jul 15 17:22:38 2021.108831 chacl@7fae8fbb4e23[2062] fstat(6, 0x7ffffac066d0) = 0\n", 
                        "api": "fstat", 
                        "return_value": "0", 
                        "instruction_pointer": "7fae8fbb4e23", 
                        "time": 1626369758.108831, 
                        "process_name": "chacl", 
                        "pid": 2062, 
                        "arguments": {
                            "p0": "6", 
                            "p1": "0x7ffffac066d0"
                        }
                    }, 
                    {
                        "status": "", 
                        "raw": "Thu Jul 15 17:22:38 2021.108842 chacl@7fae8fbb5123[2062] mmap2(0x0, 2113752, PROT_READ|PROT_EXEC, MAP_PRIVATE|MAP_DENYWRITE, 6, 0) = 0x7fae8f39a000\n", 
                        "api": "mmap2", 
                        "return_value": "0x7fae8f39a000", 
                        "instruction_pointer": "7fae8fbb5123", 
                        "time": 1626369758.108842, 
                        "process_name": "chacl", 
                        "pid": 2062, 
                        "arguments": {
                            "p2": "PROT_READ|PROT_EXEC", 
                            "p3": "MAP_PRIVATE|MAP_DENYWRITE", 
                            "p0": "0x0", 
                            "p1": "2113752", 
                            "p4": "6", 
                            "p5": "0"
                        }
                    }, 
                    {
                        "status": "", 
                        "raw": "Thu Jul 15 17:22:38 2021.108855 chacl@7fae8fbb51d7[2062] mprotect(0x7fae8f39e000, 2093056, PROT_NONE) = 0\n", 
                        "api": "mprotect", 
                        "return_value": "0", 
                        "instruction_pointer": "7fae8fbb51d7", 
                        "time": 1626369758.108855, 
                        "process_name": "chacl", 
                        "pid": 2062, 
                        "arguments": {
                            "p2": "PROT_NONE", 
                            "p0": "0x7fae8f39e000", 
                            "p1": "2093056"
                        }
                    }, 
                    {
                        "status": "", 
                        "raw": "Thu Jul 15 17:22:38 2021.108869 chacl@7fae8fbb5123[2062] mmap2(0x7fae8f59d000, 8192, PROT_READ|PROT_WRITE, MAP_PRIVATE|MAP_FIXED|MAP_DENYWRITE, 6, 12288) = 0x7fae8f59d000\n", 
                        "api": "mmap2", 
                        "return_value": "0x7fae8f59d000", 
                        "instruction_pointer": "7fae8fbb5123", 
                        "time": 1626369758.108869, 
                        "process_name": "chacl", 
                        "pid": 2062, 
                        "arguments": {
                            "p2": "PROT_READ|PROT_WRITE", 
                            "p3": "MAP_PRIVATE|MAP_FIXED|MAP_DENYWRITE", 
                            "p0": "0x7fae8f59d000", 
                            "p1": "8192", 
                            "p4": "6", 
                            "p5": "12288"
                        }
                    }, 
                    {
                        "status": "", 
                        "raw": "Thu Jul 15 17:22:38 2021.108891 chacl@7fae8fbb50b7[2062] close(6) = 0\n", 
                        "api": "close", 
                        "return_value": "0", 
                        "instruction_pointer": "7fae8fbb50b7", 
                        "time": 1626369758.108891, 
                        "process_name": "chacl", 
                        "pid": 2062, 
                        "arguments": {
                            "p0": "6"
                        }
                    }, 
                    {
                        "status": "", 
                        "raw": "Thu Jul 15 17:22:38 2021.108912 chacl@7fae8fbb5123[2062] mmap2(0x0, 12288, PROT_READ|PROT_WRITE, MAP_PRIVATE|MAP_ANONYMOUS, -1, 0) = 0x7fae8fda7000\n", 
                        "api": "mmap2", 
                        "return_value": "0x7fae8fda7000", 
                        "instruction_pointer": "7fae8fbb5123", 
                        "time": 1626369758.108912, 
                        "process_name": "chacl", 
                        "pid": 2062, 
                        "arguments": {
                            "p2": "PROT_READ|PROT_WRITE", 
                            "p3": "MAP_PRIVATE|MAP_ANONYMOUS", 
                            "p0": "0x0", 
                            "p1": "12288", 
                            "p4": "-1", 
                            "p5": "0"
                        }
                    }, 
                    {
                        "status": "", 
                        "raw": "Thu Jul 15 17:22:38 2021.108928 chacl@7fae8fb99024[2062] arch_prctl(ARCH_SET_FS, 140387714496320) = 0\n", 
                        "api": "arch_prctl", 
                        "return_value": "0", 
                        "instruction_pointer": "7fae8fb99024", 
                        "time": 1626369758.108928, 
                        "process_name": "chacl", 
                        "pid": 2062, 
                        "arguments": {
                            "p0": "ARCH_SET_FS", 
                            "p1": "140387714496320"
                        }
                    }, 
                    {
                        "status": "", 
                        "raw": "Thu Jul 15 17:22:38 2021.108990 chacl@7fae8fbb51d7[2062] mprotect(0x7fae8f986000, 16384, PROT_READ) = 0\n", 
                        "api": "mprotect", 
                        "return_value": "0", 
                        "instruction_pointer": "7fae8fbb51d7", 
                        "time": 1626369758.10899, 
                        "process_name": "chacl", 
                        "pid": 2062, 
                        "arguments": {
                            "p2": "PROT_READ", 
                            "p0": "0x7fae8f986000", 
                            "p1": "16384"
                        }
                    }, 
                    {
                        "status": "", 
                        "raw": "Thu Jul 15 17:22:38 2021.109008 chacl@7fae8fbb51d7[2062] mprotect(0x7fae8f59d000, 4096, PROT_READ) = 0\n", 
                        "api": "mprotect", 
                        "return_value": "0", 
                        "instruction_pointer": "7fae8fbb51d7", 
                        "time": 1626369758.109008, 
                        "process_name": "chacl", 
                        "pid": 2062, 
                        "arguments": {
                            "p2": "PROT_READ", 
                            "p0": "0x7fae8f59d000", 
                            "p1": "4096"
                        }
                    }, 
                    {
                        "status": "", 
                        "raw": "Thu Jul 15 17:22:38 2021.109025 chacl@7fae8fbb51d7[2062] mprotect(0x7fae8fb96000, 4096, PROT_READ) = 0\n", 
                        "api": "mprotect", 
                        "return_value": "0", 
                        "instruction_pointer": "7fae8fbb51d7", 
                        "time": 1626369758.109025, 
                        "process_name": "chacl", 
                        "pid": 2062, 
                        "arguments": {
                            "p2": "PROT_READ", 
                            "p0": "0x7fae8fb96000", 
                            "p1": "4096"
                        }
                    }, 
                    {
                        "status": "", 
                        "raw": "Thu Jul 15 17:22:38 2021.109047 chacl@7fae8fbb51d7[2062] mprotect(0x55609089d000, 4096, PROT_READ) = 0\n", 
                        "api": "mprotect", 
                        "return_value": "0", 
                        "instruction_pointer": "7fae8fbb51d7", 
                        "time": 1626369758.109047, 
                        "process_name": "chacl", 
                        "pid": 2062, 
                        "arguments": {
                            "p2": "PROT_READ", 
                            "p0": "0x55609089d000", 
                            "p1": "4096"
                        }
                    }, 
                    {
                        "status": "", 
                        "raw": "Thu Jul 15 17:22:38 2021.109063 chacl@7fae8fbb51d7[2062] mprotect(0x7fae8fdc1000, 4096, PROT_READ) = 0\n", 
                        "api": "mprotect", 
                        "return_value": "0", 
                        "instruction_pointer": "7fae8fbb51d7", 
                        "time": 1626369758.109063, 
                        "process_name": "chacl", 
                        "pid": 2062, 
                        "arguments": {
                            "p2": "PROT_READ", 
                            "p0": "0x7fae8fdc1000", 
                            "p1": "4096"
                        }
                    }, 
                    {
                        "status": "", 
                        "raw": "Thu Jul 15 17:22:38 2021.109078 chacl@7fae8fbb51b7[2062] munmap(0x7fae8fdac000, 85414) = 0\n", 
                        "api": "munmap", 
                        "return_value": "0", 
                        "instruction_pointer": "7fae8fbb51b7", 
                        "time": 1626369758.109078, 
                        "process_name": "chacl", 
                        "pid": 2062, 
                        "arguments": {
                            "p0": "0x7fae8fdac000", 
                            "p1": "85414"
                        }
                    }, 
                    {
                        "status": "", 
                        "raw": "Thu Jul 15 17:22:38 2021.109180 chacl@7fae8f6b51f9[2062] brk(0x0) = 93873234296832\n", 
                        "api": "brk", 
                        "return_value": "93873234296832", 
                        "instruction_pointer": "7fae8f6b51f9", 
                        "time": 1626369758.10918, 
                        "process_name": "chacl", 
                        "pid": 2062, 
                        "arguments": {
                            "p0": "0x0"
                        }
                    }, 
                    {
                        "status": "", 
                        "raw": "Thu Jul 15 17:22:38 2021.109203 chacl@7fae8f6b51f9[2062] brk(0x556090cad000) = 93873234432000\n", 
                        "api": "brk", 
                        "return_value": "93873234432000", 
                        "instruction_pointer": "7fae8f6b51f9", 
                        "time": 1626369758.109203, 
                        "process_name": "chacl", 
                        "pid": 2062, 
                        "arguments": {
                            "p0": "0x556090cad000"
                        }
                    }, 
                    {
                        "status": "", 
                        "raw": "Thu Jul 15 17:22:38 2021.109227 chacl@7fae8f6aee81[2062] openat(AT_FDCWD, \"/usr/lib/locale/locale-archive\", O_RDONLY|O_CLOEXEC) = 6\n", 
                        "api": "openat", 
                        "return_value": "6", 
                        "instruction_pointer": "7fae8f6aee81", 
                        "time": 1626369758.109227, 
                        "process_name": "chacl", 
                        "pid": 2062, 
                        "arguments": {
                            "p2": "O_RDONLY|O_CLOEXEC", 
                            "p0": "AT_FDCWD", 
                            "p1": "/usr/lib/locale/locale-archive"
                        }
                    }, 
                    {
                        "status": "", 
                        "raw": "Thu Jul 15 17:22:38 2021.109242 chacl@7fae8f6ae893[2062] fstat(6, 0x7fae8f98bac0) = 0\n", 
                        "api": "fstat", 
                        "return_value": "0", 
                        "instruction_pointer": "7fae8f6ae893", 
                        "time": 1626369758.109242, 
                        "process_name": "chacl", 
                        "pid": 2062, 
                        "arguments": {
                            "p0": "6", 
                            "p1": "0x7fae8f98bac0"
                        }
                    }, 
                    {
                        "status": "", 
                        "raw": "Thu Jul 15 17:22:38 2021.109253 chacl@7fae8f6ba813[2062] mmap2(0x0, 3339216, PROT_READ, MAP_PRIVATE, 6, 0) = 0x7fae8f06a000\n", 
                        "api": "mmap2", 
                        "return_value": "0x7fae8f06a000", 
                        "instruction_pointer": "7fae8f6ba813", 
                        "time": 1626369758.109253, 
                        "process_name": "chacl", 
                        "pid": 2062, 
                        "arguments": {
                            "p2": "PROT_READ", 
                            "p3": "MAP_PRIVATE", 
                            "p0": "0x0", 
                            "p1": "3339216", 
                            "p4": "6", 
                            "p5": "0"
                        }
                    }, 
                    {
                        "status": "", 
                        "raw": "Thu Jul 15 17:22:38 2021.109270 chacl@7fae8f6afa17[2062] close(6) = 0\n", 
                        "api": "close", 
                        "return_value": "0", 
                        "instruction_pointer": "7fae8f6afa17", 
                        "time": 1626369758.10927, 
                        "process_name": "chacl", 
                        "pid": 2062, 
                        "arguments": {
                            "p0": "6"
                        }
                    }, 
                    {
                        "status": "", 
                        "raw": "Thu Jul 15 17:22:38 2021.109313 chacl@7fae8f6aee81[2062] openat(AT_FDCWD, \"/usr/share/locale/locale.alias\", O_RDONLY|O_CLOEXEC) = 6\n", 
                        "api": "openat", 
                        "return_value": "6", 
                        "instruction_pointer": "7fae8f6aee81", 
                        "time": 1626369758.109313, 
                        "process_name": "chacl", 
                        "pid": 2062, 
                        "arguments": {
                            "p2": "O_RDONLY|O_CLOEXEC", 
                            "p0": "AT_FDCWD", 
                            "p1": "/usr/share/locale/locale.alias"
                        }
                    }, 
                    {
                        "status": "", 
                        "raw": "Thu Jul 15 17:22:38 2021.109328 chacl@7fae8f6ae893[2062] fstat(6, 0x7ffffac06b30) = 0\n", 
                        "api": "fstat", 
                        "return_value": "0", 
                        "instruction_pointer": "7fae8f6ae893", 
                        "time": 1626369758.109328, 
                        "process_name": "chacl", 
                        "pid": 2062, 
                        "arguments": {
                            "p0": "6", 
                            "p1": "0x7ffffac06b30"
                        }
                    }, 
                    {
                        "status": "", 
                        "raw": "Thu Jul 15 17:22:38 2021.109342 chacl@7fae8f6af1e4[2062] read(6, 0x556090c8d690, 4096) = 2995\n", 
                        "api": "read", 
                        "return_value": "2995", 
                        "instruction_pointer": "7fae8f6af1e4", 
                        "time": 1626369758.109342, 
                        "process_name": "chacl", 
                        "pid": 2062, 
                        "arguments": {
                            "p2": "4096", 
                            "p0": "6", 
                            "p1": "0x556090c8d690"
                        }
                    }, 
                    {
                        "status": "", 
                        "raw": "Thu Jul 15 17:22:38 2021.109364 chacl@7fae8f6af1e4[2062] read(6, 0x556090c8d690, 4096) = 0\n", 
                        "api": "read", 
                        "return_value": "0", 
                        "instruction_pointer": "7fae8f6af1e4", 
                        "time": 1626369758.109364, 
                        "process_name": "chacl", 
                        "pid": 2062, 
                        "arguments": {
                            "p2": "4096", 
                            "p0": "6", 
                            "p1": "0x556090c8d690"
                        }
                    }, 
                    {
                        "status": "", 
                        "raw": "Thu Jul 15 17:22:38 2021.109373 chacl@7fae8f6afa17[2062] close(6) = 0\n", 
                        "api": "close", 
                        "return_value": "0", 
                        "instruction_pointer": "7fae8f6afa17", 
                        "time": 1626369758.109373, 
                        "process_name": "chacl", 
                        "pid": 2062, 
                        "arguments": {
                            "p0": "6"
                        }
                    }, 
                    {
                        "status": "ENOENT", 
                        "raw": "Thu Jul 15 17:22:38 2021.109417 chacl@7fae8f6aee81[2062] openat(AT_FDCWD, \"/usr/share/locale/en_US.UTF-8/LC_MESSAGES/acl.mo\", O_RDONLY) = -2 (ENOENT)\n", 
                        "api": "openat", 
                        "return_value": "-2", 
                        "instruction_pointer": "7fae8f6aee81", 
                        "time": 1626369758.109417, 
                        "process_name": "chacl", 
                        "pid": 2062, 
                        "arguments": {
                            "p2": "O_RDONLY", 
                            "p0": "AT_FDCWD", 
                            "p1": "/usr/share/locale/en_US.UTF-8/LC_MESSAGES/acl.mo"
                        }
                    }, 
                    {
                        "status": "ENOENT", 
                        "raw": "Thu Jul 15 17:22:38 2021.109435 chacl@7fae8f6aee81[2062] openat(AT_FDCWD, \"/usr/share/locale/en_US.utf8/LC_MESSAGES/acl.mo\", O_RDONLY) = -2 (ENOENT)\n", 
                        "api": "openat", 
                        "return_value": "-2", 
                        "instruction_pointer": "7fae8f6aee81", 
                        "time": 1626369758.109435, 
                        "process_name": "chacl", 
                        "pid": 2062, 
                        "arguments": {
                            "p2": "O_RDONLY", 
                            "p0": "AT_FDCWD", 
                            "p1": "/usr/share/locale/en_US.utf8/LC_MESSAGES/acl.mo"
                        }
                    }, 
                    {
                        "status": "ENOENT", 
                        "raw": "Thu Jul 15 17:22:38 2021.109450 chacl@7fae8f6aee81[2062] openat(AT_FDCWD, \"/usr/share/locale/en_US/LC_MESSAGES/acl.mo\", O_RDONLY) = -2 (ENOENT)\n", 
                        "api": "openat", 
                        "return_value": "-2", 
                        "instruction_pointer": "7fae8f6aee81", 
                        "time": 1626369758.10945, 
                        "process_name": "chacl", 
                        "pid": 2062, 
                        "arguments": {
                            "p2": "O_RDONLY", 
                            "p0": "AT_FDCWD", 
                            "p1": "/usr/share/locale/en_US/LC_MESSAGES/acl.mo"
                        }
                    }, 
                    {
                        "status": "ENOENT", 
                        "raw": "Thu Jul 15 17:22:38 2021.109465 chacl@7fae8f6aee81[2062] openat(AT_FDCWD, \"/usr/share/locale/en.UTF-8/LC_MESSAGES/acl.mo\", O_RDONLY) = -2 (ENOENT)\n", 
                        "api": "openat", 
                        "return_value": "-2", 
                        "instruction_pointer": "7fae8f6aee81", 
                        "time": 1626369758.109465, 
                        "process_name": "chacl", 
                        "pid": 2062, 
                        "arguments": {
                            "p2": "O_RDONLY", 
                            "p0": "AT_FDCWD", 
                            "p1": "/usr/share/locale/en.UTF-8/LC_MESSAGES/acl.mo"
                        }
                    }, 
                    {
                        "status": "ENOENT", 
                        "raw": "Thu Jul 15 17:22:38 2021.109480 chacl@7fae8f6aee81[2062] openat(AT_FDCWD, \"/usr/share/locale/en.utf8/LC_MESSAGES/acl.mo\", O_RDONLY) = -2 (ENOENT)\n", 
                        "api": "openat", 
                        "return_value": "-2", 
                        "instruction_pointer": "7fae8f6aee81", 
                        "time": 1626369758.10948, 
                        "process_name": "chacl", 
                        "pid": 2062, 
                        "arguments": {
                            "p2": "O_RDONLY", 
                            "p0": "AT_FDCWD", 
                            "p1": "/usr/share/locale/en.utf8/LC_MESSAGES/acl.mo"
                        }
                    }, 
                    {
                        "status": "ENOENT", 
                        "raw": "Thu Jul 15 17:22:38 2021.109495 chacl@7fae8f6aee81[2062] openat(AT_FDCWD, \"/usr/share/locale/en/LC_MESSAGES/acl.mo\", O_RDONLY) = -2 (ENOENT)\n", 
                        "api": "openat", 
                        "return_value": "-2", 
                        "instruction_pointer": "7fae8f6aee81", 
                        "time": 1626369758.109495, 
                        "process_name": "chacl", 
                        "pid": 2062, 
                        "arguments": {
                            "p2": "O_RDONLY", 
                            "p0": "AT_FDCWD", 
                            "p1": "/usr/share/locale/en/LC_MESSAGES/acl.mo"
                        }
                    }, 
                    {
                        "status": "ENOENT", 
                        "raw": "Thu Jul 15 17:22:38 2021.109518 chacl@7fae8f6aee81[2062] openat(AT_FDCWD, \"/usr/share/locale-langpack/en_US.UTF-8/LC_MESSAGES/acl.mo\", O_RDONLY) = -2 (ENOENT)\n", 
                        "api": "openat", 
                        "return_value": "-2", 
                        "instruction_pointer": "7fae8f6aee81", 
                        "time": 1626369758.109518, 
                        "process_name": "chacl", 
                        "pid": 2062, 
                        "arguments": {
                            "p2": "O_RDONLY", 
                            "p0": "AT_FDCWD", 
                            "p1": "/usr/share/locale-langpack/en_US.UTF-8/LC_MESSAGES/acl.mo"
                        }
                    }, 
                    {
                        "status": "ENOENT", 
                        "raw": "Thu Jul 15 17:22:38 2021.109534 chacl@7fae8f6aee81[2062] openat(AT_FDCWD, \"/usr/share/locale-langpack/en_US.utf8/LC_MESSAGES/acl.mo\", O_RDONLY) = -2 (ENOENT)\n", 
                        "api": "openat", 
                        "return_value": "-2", 
                        "instruction_pointer": "7fae8f6aee81", 
                        "time": 1626369758.109534, 
                        "process_name": "chacl", 
                        "pid": 2062, 
                        "arguments": {
                            "p2": "O_RDONLY", 
                            "p0": "AT_FDCWD", 
                            "p1": "/usr/share/locale-langpack/en_US.utf8/LC_MESSAGES/acl.mo"
                        }
                    }, 
                    {
                        "status": "ENOENT", 
                        "raw": "Thu Jul 15 17:22:38 2021.109550 chacl@7fae8f6aee81[2062] openat(AT_FDCWD, \"/usr/share/locale-langpack/en_US/LC_MESSAGES/acl.mo\", O_RDONLY) = -2 (ENOENT)\n", 
                        "api": "openat", 
                        "return_value": "-2", 
                        "instruction_pointer": "7fae8f6aee81", 
                        "time": 1626369758.10955, 
                        "process_name": "chacl", 
                        "pid": 2062, 
                        "arguments": {
                            "p2": "O_RDONLY", 
                            "p0": "AT_FDCWD", 
                            "p1": "/usr/share/locale-langpack/en_US/LC_MESSAGES/acl.mo"
                        }
                    }, 
                    {
                        "status": "ENOENT", 
                        "raw": "Thu Jul 15 17:22:38 2021.109569 chacl@7fae8f6aee81[2062] openat(AT_FDCWD, \"/usr/share/locale-langpack/en.UTF-8/LC_MESSAGES/acl.mo\", O_RDONLY) = -2 (ENOENT)\n", 
                        "api": "openat", 
                        "return_value": "-2", 
                        "instruction_pointer": "7fae8f6aee81", 
                        "time": 1626369758.109569, 
                        "process_name": "chacl", 
                        "pid": 2062, 
                        "arguments": {
                            "p2": "O_RDONLY", 
                            "p0": "AT_FDCWD", 
                            "p1": "/usr/share/locale-langpack/en.UTF-8/LC_MESSAGES/acl.mo"
                        }
                    }, 
                    {
                        "status": "ENOENT", 
                        "raw": "Thu Jul 15 17:22:38 2021.109586 chacl@7fae8f6aee81[2062] openat(AT_FDCWD, \"/usr/share/locale-langpack/en.utf8/LC_MESSAGES/acl.mo\", O_RDONLY) = -2 (ENOENT)\n", 
                        "api": "openat", 
                        "return_value": "-2", 
                        "instruction_pointer": "7fae8f6aee81", 
                        "time": 1626369758.109586, 
                        "process_name": "chacl", 
                        "pid": 2062, 
                        "arguments": {
                            "p2": "O_RDONLY", 
                            "p0": "AT_FDCWD", 
                            "p1": "/usr/share/locale-langpack/en.utf8/LC_MESSAGES/acl.mo"
                        }
                    }, 
                    {
                        "status": "ENOENT", 
                        "raw": "Thu Jul 15 17:22:38 2021.109602 chacl@7fae8f6aee81[2062] openat(AT_FDCWD, \"/usr/share/locale-langpack/en/LC_MESSAGES/acl.mo\", O_RDONLY) = -2 (ENOENT)\n", 
                        "api": "openat", 
                        "return_value": "-2", 
                        "instruction_pointer": "7fae8f6aee81", 
                        "time": 1626369758.109602, 
                        "process_name": "chacl", 
                        "pid": 2062, 
                        "arguments": {
                            "p2": "O_RDONLY", 
                            "p0": "AT_FDCWD", 
                            "p1": "/usr/share/locale-langpack/en/LC_MESSAGES/acl.mo"
                        }
                    }, 
                    {
                        "status": "", 
                        "raw": "Thu Jul 15 17:22:38 2021.109625 chacl@7fae8f6af224[2062] write(2, \"Usage:\\n\", 7) = 7\n", 
                        "api": "write", 
                        "return_value": "7", 
                        "instruction_pointer": "7fae8f6af224", 
                        "time": 1626369758.109625, 
                        "process_name": "chacl", 
                        "pid": 2062, 
                        "arguments": {
                            "p2": "7", 
                            "p0": "2", 
                            "p1": "Usage:\n"
                        }
                    }, 
                    {
                        "status": "", 
                        "raw": "Thu Jul 15 17:22:38 2021.109652 chacl@7fae8f6af224[2062] write(2, \"\\tchacl acl pathname...\\n\", 23) = 23\n", 
                        "api": "write", 
                        "return_value": "23", 
                        "instruction_pointer": "7fae8f6af224", 
                        "time": 1626369758.109652, 
                        "process_name": "chacl", 
                        "pid": 2062, 
                        "arguments": {
                            "p2": "23", 
                            "p0": "2", 
                            "p1": "\tchacl acl pathname...\n"
                        }
                    }, 
                    {
                        "status": "", 
                        "raw": "Thu Jul 15 17:22:38 2021.109668 chacl@7fae8f6af224[2062] write(2, \"\\tchacl -b acl dacl pathname...\\n\", 31) = 31\n", 
                        "api": "write", 
                        "return_value": "31", 
                        "instruction_pointer": "7fae8f6af224", 
                        "time": 1626369758.109668, 
                        "process_name": "chacl", 
                        "pid": 2062, 
                        "arguments": {
                            "p2": "31", 
                            "p0": "2", 
                            "p1": "\tchacl -b acl dacl pathname...\n"
                        }
                    }, 
                    {
                        "status": "", 
                        "raw": "Thu Jul 15 17:22:38 2021.109683 chacl@7fae8f6af224[2062] write(2, \"\\tchacl -d dacl pathname...\\n\", 27) = 27\n", 
                        "api": "write", 
                        "return_value": "27", 
                        "instruction_pointer": "7fae8f6af224", 
                        "time": 1626369758.109683, 
                        "process_name": "chacl", 
                        "pid": 2062, 
                        "arguments": {
                            "p2": "27", 
                            "p0": "2", 
                            "p1": "\tchacl -d dacl pathname...\n"
                        }
                    }, 
                    {
                        "status": "", 
                        "raw": "Thu Jul 15 17:22:38 2021.109697 chacl@7fae8f6af224[2062] write(2, \"\\tchacl -R pathname...\\n\", 22) = 22\n", 
                        "api": "write", 
                        "return_value": "22", 
                        "instruction_pointer": "7fae8f6af224", 
                        "time": 1626369758.109697, 
                        "process_name": "chacl", 
                        "pid": 2062, 
                        "arguments": {
                            "p2": "22", 
                            "p0": "2", 
                            "p1": "\tchacl -R pathname...\n"
                        }
                    }, 
                    {
                        "status": "", 
                        "raw": "Thu Jul 15 17:22:38 2021.109711 chacl@7fae8f6af224[2062] write(2, \"\\tchacl -D pathname...\\n\", 22) = 22\n", 
                        "api": "write", 
                        "return_value": "22", 
                        "instruction_pointer": "7fae8f6af224", 
                        "time": 1626369758.109711, 
                        "process_name": "chacl", 
                        "pid": 2062, 
                        "arguments": {
                            "p2": "22", 
                            "p0": "2", 
                            "p1": "\tchacl -D pathname...\n"
                        }
                    }, 
                    {
                        "status": "", 
                        "raw": "Thu Jul 15 17:22:38 2021.109724 chacl@7fae8f6af224[2062] write(2, \"\\tchacl -B pathname...\\n\", 22) = 22\n", 
                        "api": "write", 
                        "return_value": "22", 
                        "instruction_pointer": "7fae8f6af224", 
                        "time": 1626369758.109724, 
                        "process_name": "chacl", 
                        "pid": 2062, 
                        "arguments": {
                            "p2": "22", 
                            "p0": "2", 
                            "p1": "\tchacl -B pathname...\n"
                        }
                    }, 
                    {
                        "status": "", 
                        "raw": "Thu Jul 15 17:22:38 2021.109740 chacl@7fae8f6af224[2062] write(2, \"\\tchacl -l pathname...\\t\\x5bnot IRIX compatible\\x5d\\n\", 44) = 44\n", 
                        "api": "write", 
                        "return_value": "44", 
                        "instruction_pointer": "7fae8f6af224", 
                        "time": 1626369758.10974, 
                        "process_name": "chacl", 
                        "pid": 2062, 
                        "arguments": {
                            "p2": "44", 
                            "p0": "2", 
                            "p1": "\tchacl -l pathname...\t[not IRIX compatible]\n"
                        }
                    }, 
                    {
                        "status": "", 
                        "raw": "Thu Jul 15 17:22:38 2021.109757 chacl@7fae8f6af224[2062] write(2, \"\\tchacl -r pathname...\\t\\x5bnot IRIX compatible\\x5d\\n\", 44) = 44\n", 
                        "api": "write", 
                        "return_value": "44", 
                        "instruction_pointer": "7fae8f6af224", 
                        "time": 1626369758.109757, 
                        "process_name": "chacl", 
                        "pid": 2062, 
                        "arguments": {
                            "p2": "44", 
                            "p0": "2", 
                            "p1": "\tchacl -r pathname...\t[not IRIX compatible]\n"
                        }
                    }, 
                    {
                        "status": "", 
                        "raw": "Thu Jul 15 17:22:38 2021.109771 chacl@7fae8f683bd6[2062] exit_group(1)\n", 
                        "api": "exit_group", 
                        "return_value": "", 
                        "instruction_pointer": "7fae8f683bd6", 
                        "time": 1626369758.109771, 
                        "process_name": "chacl", 
                        "pid": 2062, 
                        "arguments": {
                            "p0": "1"
                        }
                    }
                ], 
                "pid": 2062, 
                "process_name": "chacl", 
                "command_line": "/tmp/chacl", 
                "first_seen": 1626369758.108253, 
                "ppid": 2061, 
                "type": "process"
            }
        ], 
        "processtree": [
            {
                "track": true, 
                "pid": 2062, 
                "process_name": "chacl", 
                "command_line": "/tmp/chacl", 
                "first_seen": 1626369758.108253, 
                "ppid": 2061, 
                "children": []
            }
        ]
    }, 
    "debug": {
        "action": [], 
        "dbgview": [], 
        "errors": [], 
        "log": [
            "2021-07-15 19:22:34,002 [root] DEBUG: Starting analyzer from: /tmpXVDErf\n", 
            "2021-07-15 19:22:34,011 [root] DEBUG: Storing results at: /tmp/cTaNhhKNXZ\n", 
            "2021-07-15 19:22:34,013 [root] DEBUG: BIANCA DEBUG: \n", 
            "2021-07-15 19:22:34,034 [root] DEBUG: No analysis package specified, trying to detect it automagically.\n", 
            "2021-07-15 19:22:34,035 [root] INFO: Automatically selected analysis package \"generic\"\n", 
            "2021-07-15 19:22:34,062 [root] DEBUG: Bianca DEBUG[<class 'modules.auxiliary.stap.STAP'>]\n", 
            "2021-07-15 19:22:34,074 [modules.auxiliary.stap] WARNING: BIANCA DEBUG: IT GOT TO STAP INIT\n", 
            "2021-07-15 19:22:34,074 [modules.auxiliary.stap] WARNING: BIANCA DEBUG: STAP STARTEDDDDDDDDDDDD\n", 
            "2021-07-15 19:22:34,077 [modules.auxiliary.stap] WARNING: BIANCAAAA stap path: /root/.cuckoo/stap_.ko\n", 
            "2021-07-15 19:22:34,078 [modules.auxiliary.stap] WARNING: HELLO DARKNESS MY OLD FRIENDDD\n", 
            "2021-07-15 19:22:34,088 [modules.auxiliary.stap] WARNING: IT STARTED NOW NOW NOW\n", 
            "2021-07-15 19:22:38,097 [modules.auxiliary.stap] DEBUG: STAP aux module startup took 4.02 seconds\n", 
            "2021-07-15 19:22:38,097 [root] DEBUG: Started auxiliary module STAP\n", 
            "2021-07-15 19:22:38,099 [root] INFO: Added new process to list with pid: 2061\n", 
            "2021-07-15 19:22:39,108 [root] INFO: Process with pid 2061 has terminated\n", 
            "2021-07-15 19:22:39,109 [root] INFO: Process list is empty, terminating analysis.\n", 
            "2021-07-15 19:22:40,110 [modules.auxiliary.stap] DEBUG: stap subprocess retval None\n", 
            "2021-07-15 19:22:40,111 [modules.auxiliary.stap] DEBUG: BIANCA SEND FILE FROM STRAP: stap.log -> logs/all.stap\n", 
            "2021-07-15 19:22:40,118 [root] INFO: Analysis completed.\n"
        ], 
        "cuckoo": [
            "2021-07-15 19:22:35,746 [cuckoo.core.scheduler] INFO: Task #23: acquired machine cuc (label=cuc)\n", 
            "2021-07-15 19:22:35,747 [cuckoo.core.resultserver] DEBUG: Now tracking machine 192.168.56.101 for task #23\n", 
            "2021-07-15 19:22:35,747 [cuckoo.core.plugins] DEBUG: Started auxiliary module: Replay\n", 
            "2021-07-15 19:22:35,753 [cuckoo.auxiliary.sniffer] INFO: Started sniffer with PID 26165 (interface=vboxnet0, host=192.168.56.101)\n", 
            "2021-07-15 19:22:35,753 [cuckoo.core.plugins] DEBUG: Started auxiliary module: Sniffer\n", 
            "2021-07-15 19:22:35,870 [cuckoo.machinery.virtualbox] DEBUG: Starting vm cuc\n", 
            "2021-07-15 19:22:36,051 [cuckoo.machinery.virtualbox] DEBUG: Restoring virtual machine cuc to final_3\n", 
            "2021-07-15 19:22:42,648 [cuckoo.core.guest] INFO: Starting analysis #23 on guest (id=cuc, ip=192.168.56.101)\n", 
            "2021-07-15 19:22:43,652 [cuckoo.core.guest] DEBUG: cuc: not ready yet\n", 
            "2021-07-15 19:22:44,658 [cuckoo.core.guest] DEBUG: cuc: not ready yet\n", 
            "2021-07-15 19:22:45,660 [cuckoo.core.guest] DEBUG: cuc: not ready yet\n", 
            "2021-07-15 19:22:46,663 [cuckoo.core.guest] DEBUG: cuc: not ready yet\n", 
            "2021-07-15 19:22:47,667 [cuckoo.core.guest] DEBUG: cuc: not ready yet\n", 
            "2021-07-15 19:22:48,670 [cuckoo.core.guest] DEBUG: cuc: not ready yet\n", 
            "2021-07-15 19:22:49,673 [cuckoo.core.guest] DEBUG: cuc: not ready yet\n", 
            "2021-07-15 19:22:50,676 [cuckoo.core.guest] DEBUG: cuc: not ready yet\n", 
            "2021-07-15 19:22:51,680 [cuckoo.core.guest] DEBUG: cuc: not ready yet\n", 
            "2021-07-15 19:22:52,682 [cuckoo.core.guest] DEBUG: cuc: not ready yet\n", 
            "2021-07-15 19:22:53,685 [cuckoo.core.guest] DEBUG: cuc: not ready yet\n", 
            "2021-07-15 19:22:53,742 [cuckoo.core.guest] INFO: Guest is running Cuckoo Agent 0.10 (id=cuc, ip=192.168.56.101)\n", 
            "2021-07-15 19:22:53,752 [cuckoo.core.guest] DEBUG: Uploading analyzer to guest (id=cuc, ip=192.168.56.101, monitor=latest, size=31337)\n", 
            "2021-07-15 19:22:53,936 [cuckoo.core.resultserver] DEBUG: Task #23: live log analysis.log initialized.\n", 
            "2021-07-15 19:22:58,931 [cuckoo.core.guest] DEBUG: cuc: analysis #23 still processing\n", 
            "2021-07-15 19:23:00,057 [cuckoo.core.resultserver] DEBUG: Task #23: File upload for 'logs/all.stap'\n", 
            "2021-07-15 19:23:00,063 [cuckoo.core.resultserver] DEBUG: Task #23 uploaded file length: 15155\n", 
            "2021-07-15 19:23:03,965 [cuckoo.core.guest] DEBUG: cuc: analysis #23 still processing\n", 
            "2021-07-15 19:23:08,994 [cuckoo.core.guest] DEBUG: cuc: analysis #23 still processing\n", 
            "2021-07-15 19:23:14,022 [cuckoo.core.guest] DEBUG: cuc: analysis #23 still processing\n", 
            "2021-07-15 19:23:19,049 [cuckoo.core.guest] DEBUG: cuc: analysis #23 still processing\n", 
            "2021-07-15 19:23:24,079 [cuckoo.core.guest] DEBUG: cuc: analysis #23 still processing\n", 
            "2021-07-15 19:23:29,106 [cuckoo.core.guest] DEBUG: cuc: analysis #23 still processing\n", 
            "2021-07-15 19:23:34,133 [cuckoo.core.guest] DEBUG: cuc: analysis #23 still processing\n", 
            "2021-07-15 19:23:39,160 [cuckoo.core.guest] DEBUG: cuc: analysis #23 still processing\n", 
            "2021-07-15 19:23:44,190 [cuckoo.core.guest] DEBUG: cuc: analysis #23 still processing\n", 
            "2021-07-15 19:23:49,219 [cuckoo.core.guest] DEBUG: cuc: analysis #23 still processing\n", 
            "2021-07-15 19:23:54,246 [cuckoo.core.guest] DEBUG: cuc: analysis #23 still processing\n", 
            "2021-07-15 19:23:59,273 [cuckoo.core.guest] DEBUG: cuc: analysis #23 still processing\n", 
            "2021-07-15 19:24:04,300 [cuckoo.core.guest] DEBUG: cuc: analysis #23 still processing\n", 
            "2021-07-15 19:24:09,326 [cuckoo.core.guest] DEBUG: cuc: analysis #23 still processing\n", 
            "2021-07-15 19:24:14,353 [cuckoo.core.guest] DEBUG: cuc: analysis #23 still processing\n", 
            "2021-07-15 19:24:19,381 [cuckoo.core.guest] DEBUG: cuc: analysis #23 still processing\n", 
            "2021-07-15 19:24:24,407 [cuckoo.core.guest] DEBUG: cuc: analysis #23 still processing\n", 
            "2021-07-15 19:24:29,436 [cuckoo.core.guest] DEBUG: cuc: analysis #23 still processing\n", 
            "2021-07-15 19:24:34,464 [cuckoo.core.guest] DEBUG: cuc: analysis #23 still processing\n", 
            "2021-07-15 19:24:39,490 [cuckoo.core.guest] DEBUG: cuc: analysis #23 still processing\n", 
            "2021-07-15 19:24:44,516 [cuckoo.core.guest] DEBUG: cuc: analysis #23 still processing\n", 
            "2021-07-15 19:24:49,544 [cuckoo.core.guest] DEBUG: cuc: analysis #23 still processing\n", 
            "2021-07"
        ]
    }, 
    "strings": [
        "/lib64/ld-linux-x86-64.so.2", 
        "libacl.so.1", 
        "_ITM_deregisterTMCloneTable", 
        "__gmon_start__", 
        "_Jv_RegisterClasses", 
        "_ITM_registerTMCloneTable", 
        "acl_check", 
        "acl_delete_entry", 
        "acl_error", 
        "acl_get_file", 
        "acl_from_text", 
        "acl_get_entry", 
        "acl_entries", 
        "acl_get_tag_type", 
        "acl_set_file", 
        "acl_delete_def_file", 
        "acl_free", 
        "acl_to_any_text", 
        "libc.so.6", 
        "__xpg_basename", 
        "__printf_chk", 
        "setlocale", 
        "optind", 
        "dcgettext", 
        "closedir", 
        "__stack_chk_fail", 
        "strlen", 
        "__errno_location", 
        "getopt", 
        "__fprintf_chk", 
        "malloc", 
        "opendir", 
        "stderr", 
        "readdir64", 
        "__cxa_finalize", 
        "__sprintf_chk", 
        "bindtextdomain", 
        "strerror", 
        "__libc_start_main", 
        "_edata", 
        "__bss_start", 
        "_IO_stdin_used", 
        "GLIBC_2.3.4", 
        "GLIBC_2.4", 
        "GLIBC_2.2.5", 
        "ACL_1.0", 
        "AWAVE1", 
        "L$8dH3", 
        "H[]A\\A]A^A_", 
        "[]A\\A]A^A_", 
        "[]A\\A]A^A_", 
        "Usage:", 
        "%s acl pathname...", 
        "%s -b acl dacl pathname...", 
        "%s -d dacl pathname...", 
        "%s -R pathname...", 
        "%s -D pathname...", 
        "%s -B pathname...", 
        "%s: opendir failed: %s", 
        "%s: malloc failed: %s", 
        "/usr/share/locale", 
        "bdlRDBr", 
        "%s: %s - %s", 
        "%s [%s/%s]", 
        "%s [%s]", 
        "%s -l pathname...", 
        "[not IRIX compatible]", 
        "%s -r pathname...", 
        "[not IRIX compatible]", 
        "%s: cannot set access acl on \"%s\": %s", 
        "%s: cannot set default acl on \"%s\": %s", 
        "%s: cannot get access ACL on '%s': %s", 
        "%s: cannot get default ACL on '%s': %s", 
        "%s: cannot get access ACL text on '%s': %s", 
        "%s: cannot get default ACL text on '%s': %s", 
        "%s: error removing access acl on \"%s\": %s", 
        "%s: error removing default acl on \"%s\": %s", 
        "%s: access ACL '%s': %s at entry %d", 
        "ac5d6197789727a2e8398a82cd37f210760601.debug", 
        ".shstrtab", 
        ".interp", 
        ".note.ABI-tag", 
        ".note.gnu.build-id", 
        ".gnu.hash", 
        ".dynsym", 
        ".dynstr", 
        ".gnu.version", 
        ".gnu.version_r", 
        ".rela.dyn", 
        ".plt.got", 
        ".rodata", 
        ".eh_frame_hdr", 
        ".eh_frame", 
        ".init_array", 
        ".fini_array", 
        ".dynamic", 
        ".gnu_debuglink"
    ], 
    "metadata": {
        "output": {
            "pcap": {
                "basename": "dump.pcap", 
                "sha256": "14b49ee4da46e6a1ae861fd56f427150cea18213bb49172ec894e3cfd060d36b", 
                "dirname": ""
            }
        }
    }
}