{"started_on": {"$dt": "2021-07-15T20:02:25.473057"}, "duration": 192, "sample_id": 28, "owner": null, "id": 31, "category": "file", "priority": 1, "guest": {"status": "stopped", "name": "cuc", "label": "cuc", "manager": "VirtualBox", "started_on": "2021-07-15 20:02:25", "shutdown_on": "2021-07-15 20:05:37"}, "clock": {"$dt": "2021-07-15T20:02:25.044573"}, "custom": null, "machine": null, "platform": null, "memory": false, "status": "completed", "tags": [], "processing": null, "enforce_timeout": false, "completed_on": {"$dt": "2021-07-15T20:05:37.734553"}, "target": "/home/cuckoo/Desktop/apps/bin/date", "package": "", "route": "none", "timeout": 0, "submit_id": null, "options": {}, "added_on": {"$dt": "2021-07-15T20:02:25.044589"}}