{
    "info": {
        "added": 1626381596.269446, 
        "started": 1626381596.4533, 
        "duration": 199, 
        "ended": 1626381796.432192, 
        "owner": null, 
        "score": 0.0, 
        "id": 38, 
        "category": "file", 
        "git": {
            "head": "13cbe0d9e457be3673304533043e992ead1ea9b2", 
            "fetch_head": "13cbe0d9e457be3673304533043e992ead1ea9b2"
        }, 
        "monitor": "2deb9ccd75d5a7a3fe05b2625b03a8639d6ee36b", 
        "package": "", 
        "route": "none", 
        "custom": null, 
        "machine": {
            "status": "stopped", 
            "name": "cuc", 
            "label": "cuc", 
            "manager": "VirtualBox", 
            "started_on": "2021-07-15 20:39:56", 
            "shutdown_on": "2021-07-15 20:43:16"
        }, 
        "platform": null, 
        "version": "2.0.7", 
        "options": ""
    }, 
    "signatures": [], 
    "target": {
        "category": "file", 
        "file": {
            "yara": [], 
            "sha1": "5c67dc34c4f9f30dfda754dd6f7d3fba69b1ee95", 
            "name": "ed", 
            "type": "ELF 64-bit LSB shared object, x86-64, version 1 (SYSV), dynamically linked, interpreter /lib64/ld-linux-x86-64.so.2, for GNU/Linux 2.6.32, BuildID[sha1]=2470291def6cc84b6aa522aa19d027d0c8153d78, stripped", 
            "sha256": "a8dd7b4c603616035865afb0c247693e2a43f2fdd7d070aaed43fdd76b804822", 
            "urls": [
                "http://www.gnu.org/gethelp", 
                "http://gnu.org/licenses/gpl.html", 
                "http://www.gnu.org/software/ed/ed.html"
            ], 
            "crc32": "47F0E2F8", 
            "path": "/home/cuckoo/.cuckoo/storage/binaries/a8dd7b4c603616035865afb0c247693e2a43f2fdd7d070aaed43fdd76b804822", 
            "ssdeep": null, 
            "size": 51512, 
            "sha512": "19ca0bfb00c0d486c54c0f6ab8f6421675ec33cb51f397acea8875b80106534a756ab7e3f9e56bec239a78d8549f6d02fc8cbaa28a5b6415e4b0143bffdbd42c", 
            "md5": "68023c2266c090602bc79a552598bb0a"
        }
    }, 
    "network": {
        "tls": [], 
        "udp": [
            {
                "src": "192.168.56.101", 
                "dst": "224.0.0.251", 
                "offset": 448, 
                "time": 6.254839897155762, 
                "dport": 5353, 
                "sport": 5353
            }
        ], 
        "dns_servers": [
            "224.0.0.251"
        ], 
        "http": [], 
        "icmp": [], 
        "smtp": [], 
        "tcp": [], 
        "smtp_ex": [], 
        "mitm": [], 
        "hosts": [], 
        "pcap_sha256": "6e1806c7cf80a519e502dd950184119671bb445d5f8410021204c3e6cbb26f82", 
        "dns": [
            {
                "type": "PTR", 
                "request": "_ipps._tcp.local", 
                "answers": []
            }
        ], 
        "http_ex": [], 
        "domains": [
            {
                "ip": "", 
                "domain": "_ipps._tcp.local"
            }
        ], 
        "dead_hosts": [], 
        "sorted_pcap_sha256": "8b5a1705d1ad7e9b3478e5ea84531e4b5239c355bf5e7acfd7ad989138e7925a", 
        "irc": [], 
        "https_ex": []
    }, 
    "behavior": {
        "generic": [
            {
                "process_path": null, 
                "process_name": "ed", 
                "pid": 2065, 
                "summary": {}, 
                "first_seen": 1626374400.204989, 
                "ppid": 2064
            }
        ], 
        "processes": [
            {
                "calls": [
                    {
                        "status": "", 
                        "raw": "Thu Jul 15 18:40:00 2021.204989 ed@7f96a5d000a9[2065] execve(\"/tmp/ed\", [\"/tmp/ed\"], [\"LC_TIME=de_CH.UTF-8\", \"HOME=/root\", \"LC_MONETARY=de_CH.UTF-8\", \"LOGNAME=root\", \"PATH=/usr/bin:/bin\", \"LC_ADDRESS=de_CH.UTF-8\", \"LANG=en_US.UTF-8\", \"LC_TELEPHONE=de_CH.UTF-8\", \"LC_NAME=de_CH.UTF-8\", \"SHELL=/bin/sh\", \"LC_MEASUREMENT=de_CH.UTF-8\", \"LC_IDENTIFICATION=de_CH.UTF-8\", \"PWD=/tmpOWf7ji\", \"LC_NUMERIC=de_CH.UTF-8\", \"LC_PAPER=de_CH.UTF-8\"])\n", 
                        "api": "execve", 
                        "return_value": "", 
                        "instruction_pointer": "7f96a5d000a9", 
                        "time": 1626374400.204989, 
                        "process_name": "ed", 
                        "pid": 2065, 
                        "arguments": {
                            "p2": [
                                "LC_TIME=de_CH.UTF-8", 
                                "HOME=/root", 
                                "LC_MONETARY=de_CH.UTF-8", 
                                "LOGNAME=root", 
                                "PATH=/usr/bin:/bin", 
                                "LC_ADDRESS=de_CH.UTF-8", 
                                "LANG=en_US.UTF-8", 
                                "LC_TELEPHONE=de_CH.UTF-8", 
                                "LC_NAME=de_CH.UTF-8", 
                                "SHELL=/bin/sh", 
                                "LC_MEASUREMENT=de_CH.UTF-8", 
                                "LC_IDENTIFICATION=de_CH.UTF-8", 
                                "PWD=/tmpOWf7ji", 
                                "LC_NUMERIC=de_CH.UTF-8", 
                                "LC_PAPER=de_CH.UTF-8"
                            ], 
                            "p0": "/tmp/ed", 
                            "p1": [
                                "/tmp/ed"
                            ]
                        }
                    }, 
                    {
                        "status": "", 
                        "raw": "Thu Jul 15 18:40:00 2021.205128 ed@7f96a5d000a9[2065] brk(0x0) = 94304010768384\n", 
                        "api": "brk", 
                        "return_value": "94304010768384", 
                        "instruction_pointer": "7f96a5d000a9", 
                        "time": 1626374400.205128, 
                        "process_name": "ed", 
                        "pid": 2065, 
                        "arguments": {
                            "p0": "0x0"
                        }
                    }, 
                    {
                        "status": "ENOENT", 
                        "raw": "Thu Jul 15 18:40:00 2021.205164 ed@7f96a5cf396e[2065] access(\"/etc/ld.so.nohwcap\", F_OK) = -2 (ENOENT)\n", 
                        "api": "access", 
                        "return_value": "-2", 
                        "instruction_pointer": "7f96a5cf396e", 
                        "time": 1626374400.205164, 
                        "process_name": "ed", 
                        "pid": 2065, 
                        "arguments": {
                            "p0": "/etc/ld.so.nohwcap", 
                            "p1": "F_OK"
                        }
                    }, 
                    {
                        "status": "ENOENT", 
                        "raw": "Thu Jul 15 18:40:00 2021.205180 ed@7f96a5d01007[2065] access(\"/etc/ld.so.preload\", R_OK) = -2 (ENOENT)\n", 
                        "api": "access", 
                        "return_value": "-2", 
                        "instruction_pointer": "7f96a5d01007", 
                        "time": 1626374400.20518, 
                        "process_name": "ed", 
                        "pid": 2065, 
                        "arguments": {
                            "p0": "/etc/ld.so.preload", 
                            "p1": "R_OK"
                        }
                    }, 
                    {
                        "status": "", 
                        "raw": "Thu Jul 15 18:40:00 2021.205197 ed@7f96a5d00ebd[2065] openat(AT_FDCWD, \"/etc/ld.so.cache\", O_RDONLY|O_CLOEXEC) = 6\n", 
                        "api": "openat", 
                        "return_value": "6", 
                        "instruction_pointer": "7f96a5d00ebd", 
                        "time": 1626374400.205197, 
                        "process_name": "ed", 
                        "pid": 2065, 
                        "arguments": {
                            "p2": "O_RDONLY|O_CLOEXEC", 
                            "p0": "AT_FDCWD", 
                            "p1": "/etc/ld.so.cache"
                        }
                    }, 
                    {
                        "status": "", 
                        "raw": "Thu Jul 15 18:40:00 2021.205210 ed@7f96a5d00e23[2065] fstat(6, 0x7ffd14666da0) = 0\n", 
                        "api": "fstat", 
                        "return_value": "0", 
                        "instruction_pointer": "7f96a5d00e23", 
                        "time": 1626374400.20521, 
                        "process_name": "ed", 
                        "pid": 2065, 
                        "arguments": {
                            "p0": "6", 
                            "p1": "0x7ffd14666da0"
                        }
                    }, 
                    {
                        "status": "", 
                        "raw": "Thu Jul 15 18:40:00 2021.205221 ed@7f96a5d01123[2065] mmap2(0x0, 85414, PROT_READ, MAP_PRIVATE, 6, 0) = 0x7f96a5ef8000\n", 
                        "api": "mmap2", 
                        "return_value": "0x7f96a5ef8000", 
                        "instruction_pointer": "7f96a5d01123", 
                        "time": 1626374400.205221, 
                        "process_name": "ed", 
                        "pid": 2065, 
                        "arguments": {
                            "p2": "PROT_READ", 
                            "p3": "MAP_PRIVATE", 
                            "p0": "0x0", 
                            "p1": "85414", 
                            "p4": "6", 
                            "p5": "0"
                        }
                    }, 
                    {
                        "status": "", 
                        "raw": "Thu Jul 15 18:40:00 2021.205233 ed@7f96a5d010b7[2065] close(6) = 0\n", 
                        "api": "close", 
                        "return_value": "0", 
                        "instruction_pointer": "7f96a5d010b7", 
                        "time": 1626374400.205233, 
                        "process_name": "ed", 
                        "pid": 2065, 
                        "arguments": {
                            "p0": "6"
                        }
                    }, 
                    {
                        "status": "ENOENT", 
                        "raw": "Thu Jul 15 18:40:00 2021.205247 ed@7f96a5cfc2d9[2065] access(\"/etc/ld.so.nohwcap\", F_OK) = -2 (ENOENT)\n", 
                        "api": "access", 
                        "return_value": "-2", 
                        "instruction_pointer": "7f96a5cfc2d9", 
                        "time": 1626374400.205247, 
                        "process_name": "ed", 
                        "pid": 2065, 
                        "arguments": {
                            "p0": "/etc/ld.so.nohwcap", 
                            "p1": "F_OK"
                        }
                    }, 
                    {
                        "status": "", 
                        "raw": "Thu Jul 15 18:40:00 2021.205275 ed@7f96a5d00ebd[2065] openat(AT_FDCWD, \"/lib/x86_64-linux-gnu/libc.so.6\", O_RDONLY|O_CLOEXEC) = 6\n", 
                        "api": "openat", 
                        "return_value": "6", 
                        "instruction_pointer": "7f96a5d00ebd", 
                        "time": 1626374400.205275, 
                        "process_name": "ed", 
                        "pid": 2065, 
                        "arguments": {
                            "p2": "O_RDONLY|O_CLOEXEC", 
                            "p0": "AT_FDCWD", 
                            "p1": "/lib/x86_64-linux-gnu/libc.so.6"
                        }
                    }, 
                    {
                        "status": "", 
                        "raw": "Thu Jul 15 18:40:00 2021.205297 ed@7f96a5d00f84[2065] read(6, 0x7ffd14666f68, 832) = 832\n", 
                        "api": "read", 
                        "return_value": "832", 
                        "instruction_pointer": "7f96a5d00f84", 
                        "time": 1626374400.205297, 
                        "process_name": "ed", 
                        "pid": 2065, 
                        "arguments": {
                            "p2": "832", 
                            "p0": "6", 
                            "p1": "0x7ffd14666f68"
                        }
                    }, 
                    {
                        "status": "", 
                        "raw": "Thu Jul 15 18:40:00 2021.205308 ed@7f96a5d00e23[2065] fstat(6, 0x7ffd14666e00) = 0\n", 
                        "api": "fstat", 
                        "return_value": "0", 
                        "instruction_pointer": "7f96a5d00e23", 
                        "time": 1626374400.205308, 
                        "process_name": "ed", 
                        "pid": 2065, 
                        "arguments": {
                            "p0": "6", 
                            "p1": "0x7ffd14666e00"
                        }
                    }, 
                    {
                        "status": "", 
                        "raw": "Thu Jul 15 18:40:00 2021.205411 ed@7f96a5d01123[2065] mmap2(0x0, 8192, PROT_READ|PROT_WRITE, MAP_PRIVATE|MAP_ANONYMOUS, -1, 0) = 0x7f96a5ef6000\n", 
                        "api": "mmap2", 
                        "return_value": "0x7f96a5ef6000", 
                        "instruction_pointer": "7f96a5d01123", 
                        "time": 1626374400.205411, 
                        "process_name": "ed", 
                        "pid": 2065, 
                        "arguments": {
                            "p2": "PROT_READ|PROT_WRITE", 
                            "p3": "MAP_PRIVATE|MAP_ANONYMOUS", 
                            "p0": "0x0", 
                            "p1": "8192", 
                            "p4": "-1", 
                            "p5": "0"
                        }
                    }, 
                    {
                        "status": "", 
                        "raw": "Thu Jul 15 18:40:00 2021.205430 ed@7f96a5d01123[2065] mmap2(0x0, 4131552, PROT_READ|PROT_EXEC, MAP_PRIVATE|MAP_DENYWRITE, 6, 0) = 0x7f96a58f3000\n", 
                        "api": "mmap2", 
                        "return_value": "0x7f96a58f3000", 
                        "instruction_pointer": "7f96a5d01123", 
                        "time": 1626374400.20543, 
                        "process_name": "ed", 
                        "pid": 2065, 
                        "arguments": {
                            "p2": "PROT_READ|PROT_EXEC", 
                            "p3": "MAP_PRIVATE|MAP_DENYWRITE", 
                            "p0": "0x0", 
                            "p1": "4131552", 
                            "p4": "6", 
                            "p5": "0"
                        }
                    }, 
                    {
                        "status": "", 
                        "raw": "Thu Jul 15 18:40:00 2021.205458 ed@7f96a5d011d7[2065] mprotect(0x7f96a5ada000, 2097152, PROT_NONE) = 0\n", 
                        "api": "mprotect", 
                        "return_value": "0", 
                        "instruction_pointer": "7f96a5d011d7", 
                        "time": 1626374400.205458, 
                        "process_name": "ed", 
                        "pid": 2065, 
                        "arguments": {
                            "p2": "PROT_NONE", 
                            "p0": "0x7f96a5ada000", 
                            "p1": "2097152"
                        }
                    }, 
                    {
                        "status": "", 
                        "raw": "Thu Jul 15 18:40:00 2021.205474 ed@7f96a5d01123[2065] mmap2(0x7f96a5cda000, 24576, PROT_READ|PROT_WRITE, MAP_PRIVATE|MAP_FIXED|MAP_DENYWRITE, 6, 1994752) = 0x7f96a5cda000\n", 
                        "api": "mmap2", 
                        "return_value": "0x7f96a5cda000", 
                        "instruction_pointer": "7f96a5d01123", 
                        "time": 1626374400.205474, 
                        "process_name": "ed", 
                        "pid": 2065, 
                        "arguments": {
                            "p2": "PROT_READ|PROT_WRITE", 
                            "p3": "MAP_PRIVATE|MAP_FIXED|MAP_DENYWRITE", 
                            "p0": "0x7f96a5cda000", 
                            "p1": "24576", 
                            "p4": "6", 
                            "p5": "1994752"
                        }
                    }, 
                    {
                        "status": "", 
                        "raw": "Thu Jul 15 18:40:00 2021.205493 ed@7f96a5d01123[2065] mmap2(0x7f96a5ce0000, 15072, PROT_READ|PROT_WRITE, MAP_PRIVATE|MAP_FIXED|MAP_ANONYMOUS, -1, 0) = 0x7f96a5ce0000\n", 
                        "api": "mmap2", 
                        "return_value": "0x7f96a5ce0000", 
                        "instruction_pointer": "7f96a5d01123", 
                        "time": 1626374400.205493, 
                        "process_name": "ed", 
                        "pid": 2065, 
                        "arguments": {
                            "p2": "PROT_READ|PROT_WRITE", 
                            "p3": "MAP_PRIVATE|MAP_FIXED|MAP_ANONYMOUS", 
                            "p0": "0x7f96a5ce0000", 
                            "p1": "15072", 
                            "p4": "-1", 
                            "p5": "0"
                        }
                    }, 
                    {
                        "status": "", 
                        "raw": "Thu Jul 15 18:40:00 2021.205519 ed@7f96a5d010b7[2065] close(6) = 0\n", 
                        "api": "close", 
                        "return_value": "0", 
                        "instruction_pointer": "7f96a5d010b7", 
                        "time": 1626374400.205519, 
                        "process_name": "ed", 
                        "pid": 2065, 
                        "arguments": {
                            "p0": "6"
                        }
                    }, 
                    {
                        "status": "", 
                        "raw": "Thu Jul 15 18:40:00 2021.205543 ed@7f96a5ce5024[2065] arch_prctl(ARCH_SET_FS, 140285005755712) = 0\n", 
                        "api": "arch_prctl", 
                        "return_value": "0", 
                        "instruction_pointer": "7f96a5ce5024", 
                        "time": 1626374400.205543, 
                        "process_name": "ed", 
                        "pid": 2065, 
                        "arguments": {
                            "p0": "ARCH_SET_FS", 
                            "p1": "140285005755712"
                        }
                    }, 
                    {
                        "status": "", 
                        "raw": "Thu Jul 15 18:40:00 2021.205601 ed@7f96a5d011d7[2065] mprotect(0x7f96a5cda000, 16384, PROT_READ) = 0\n", 
                        "api": "mprotect", 
                        "return_value": "0", 
                        "instruction_pointer": "7f96a5d011d7", 
                        "time": 1626374400.205601, 
                        "process_name": "ed", 
                        "pid": 2065, 
                        "arguments": {
                            "p2": "PROT_READ", 
                            "p0": "0x7f96a5cda000", 
                            "p1": "16384"
                        }
                    }, 
                    {
                        "status": "", 
                        "raw": "Thu Jul 15 18:40:00 2021.205631 ed@7f96a5d011d7[2065] mprotect(0x55c4dc3c2000, 4096, PROT_READ) = 0\n", 
                        "api": "mprotect", 
                        "return_value": "0", 
                        "instruction_pointer": "7f96a5d011d7", 
                        "time": 1626374400.205631, 
                        "process_name": "ed", 
                        "pid": 2065, 
                        "arguments": {
                            "p2": "PROT_READ", 
                            "p0": "0x55c4dc3c2000", 
                            "p1": "4096"
                        }
                    }, 
                    {
                        "status": "", 
                        "raw": "Thu Jul 15 18:40:00 2021.205647 ed@7f96a5d011d7[2065] mprotect(0x7f96a5f0d000, 4096, PROT_READ) = 0\n", 
                        "api": "mprotect", 
                        "return_value": "0", 
                        "instruction_pointer": "7f96a5d011d7", 
                        "time": 1626374400.205647, 
                        "process_name": "ed", 
                        "pid": 2065, 
                        "arguments": {
                            "p2": "PROT_READ", 
                            "p0": "0x7f96a5f0d000", 
                            "p1": "4096"
                        }
                    }, 
                    {
                        "status": "", 
                        "raw": "Thu Jul 15 18:40:00 2021.205662 ed@7f96a5d011b7[2065] munmap(0x7f96a5ef8000, 85414) = 0\n", 
                        "api": "munmap", 
                        "return_value": "0", 
                        "instruction_pointer": "7f96a5d011b7", 
                        "time": 1626374400.205662, 
                        "process_name": "ed", 
                        "pid": 2065, 
                        "arguments": {
                            "p0": "0x7f96a5ef8000", 
                            "p1": "85414"
                        }
                    }, 
                    {
                        "status": "", 
                        "raw": "Thu Jul 15 18:40:00 2021.205761 ed@7f96a5a091f9[2065] brk(0x0) = 94304010768384\n", 
                        "api": "brk", 
                        "return_value": "94304010768384", 
                        "instruction_pointer": "7f96a5a091f9", 
                        "time": 1626374400.205761, 
                        "process_name": "ed", 
                        "pid": 2065, 
                        "arguments": {
                            "p0": "0x0"
                        }
                    }, 
                    {
                        "status": "", 
                        "raw": "Thu Jul 15 18:40:00 2021.205771 ed@7f96a5a091f9[2065] brk(0x55c4dd122000) = 94304010903552\n", 
                        "api": "brk", 
                        "return_value": "94304010903552", 
                        "instruction_pointer": "7f96a5a091f9", 
                        "time": 1626374400.205771, 
                        "process_name": "ed", 
                        "pid": 2065, 
                        "arguments": {
                            "p0": "0x55c4dd122000"
                        }
                    }, 
                    {
                        "status": "", 
                        "raw": "Thu Jul 15 18:40:00 2021.205790 ed@7f96a5a02e81[2065] openat(AT_FDCWD, \"/usr/lib/locale/locale-archive\", O_RDONLY|O_CLOEXEC) = 6\n", 
                        "api": "openat", 
                        "return_value": "6", 
                        "instruction_pointer": "7f96a5a02e81", 
                        "time": 1626374400.20579, 
                        "process_name": "ed", 
                        "pid": 2065, 
                        "arguments": {
                            "p2": "O_RDONLY|O_CLOEXEC", 
                            "p0": "AT_FDCWD", 
                            "p1": "/usr/lib/locale/locale-archive"
                        }
                    }, 
                    {
                        "status": "", 
                        "raw": "Thu Jul 15 18:40:00 2021.205804 ed@7f96a5a02893[2065] fstat(6, 0x7f96a5cdfac0) = 0\n", 
                        "api": "fstat", 
                        "return_value": "0", 
                        "instruction_pointer": "7f96a5a02893", 
                        "time": 1626374400.205804, 
                        "process_name": "ed", 
                        "pid": 2065, 
                        "arguments": {
                            "p0": "6", 
                            "p1": "0x7f96a5cdfac0"
                        }
                    }, 
                    {
                        "status": "", 
                        "raw": "Thu Jul 15 18:40:00 2021.205815 ed@7f96a5a0e813[2065] mmap2(0x0, 3339216, PROT_READ, MAP_PRIVATE, 6, 0) = 0x7f96a55c3000\n", 
                        "api": "mmap2", 
                        "return_value": "0x7f96a55c3000", 
                        "instruction_pointer": "7f96a5a0e813", 
                        "time": 1626374400.205815, 
                        "process_name": "ed", 
                        "pid": 2065, 
                        "arguments": {
                            "p2": "PROT_READ", 
                            "p3": "MAP_PRIVATE", 
                            "p0": "0x0", 
                            "p1": "3339216", 
                            "p4": "6", 
                            "p5": "0"
                        }
                    }, 
                    {
                        "status": "", 
                        "raw": "Thu Jul 15 18:40:00 2021.205831 ed@7f96a5a03a17[2065] close(6) = 0\n", 
                        "api": "close", 
                        "return_value": "0", 
                        "instruction_pointer": "7f96a5a03a17", 
                        "time": 1626374400.205831, 
                        "process_name": "ed", 
                        "pid": 2065, 
                        "arguments": {
                            "p0": "6"
                        }
                    }, 
                    {
                        "status": "", 
                        "raw": "Thu Jul 15 18:40:00 2021.205888 ed@7f96a5a02d5e[2065] openat(AT_FDCWD, \"/tmp\", O_RDWR|O_EXCL|O_DIRECTORY|0x400000) = 6\n", 
                        "api": "openat", 
                        "return_value": "6", 
                        "instruction_pointer": "7f96a5a02d5e", 
                        "time": 1626374400.205888, 
                        "process_name": "ed", 
                        "pid": 2065, 
                        "arguments": {
                            "p2": "O_RDWR|O_EXCL|O_DIRECTORY|0x400000", 
                            "p0": "AT_FDCWD", 
                            "p1": "/tmp"
                        }
                    }, 
                    {
                        "status": "", 
                        "raw": "Thu Jul 15 18:40:00 2021.205920 ed@7f96a5a036c1[2065] fcntl(6, F_GETFL, 0x410082) = 4292610\n", 
                        "api": "fcntl", 
                        "return_value": "4292610", 
                        "instruction_pointer": "7f96a5a036c1", 
                        "time": 1626374400.20592, 
                        "process_name": "ed", 
                        "pid": 2065, 
                        "arguments": {
                            "p2": "0x410082", 
                            "p0": "6", 
                            "p1": "F_GETFL"
                        }
                    }, 
                    {
                        "status": "ENOTTY", 
                        "raw": "Thu Jul 15 18:40:00 2021.205933 ed@7f96a5a09317[2065] ioctl(0, 21523, 0x7ffd146675c0) = -25 (ENOTTY)\n", 
                        "api": "ioctl", 
                        "return_value": "-25", 
                        "instruction_pointer": "7f96a5a09317", 
                        "time": 1626374400.205933, 
                        "process_name": "ed", 
                        "pid": 2065, 
                        "arguments": {
                            "p2": "0x7ffd146675c0", 
                            "p0": "0", 
                            "p1": "21523"
                        }
                    }, 
                    {
                        "status": "ENOTTY", 
                        "raw": "Thu Jul 15 18:40:00 2021.205944 ed@7f96a5a089e8[2065] ioctl(0, 21505, 0x7ffd14667540) = -25 (ENOTTY)\n", 
                        "api": "ioctl", 
                        "return_value": "-25", 
                        "instruction_pointer": "7f96a5a089e8", 
                        "time": 1626374400.205944, 
                        "process_name": "ed", 
                        "pid": 2065, 
                        "arguments": {
                            "p2": "0x7ffd14667540", 
                            "p0": "0", 
                            "p1": "21505"
                        }
                    }, 
                    {
                        "status": "", 
                        "raw": "Thu Jul 15 18:40:00 2021.205955 ed@7f96a593210d[2065] rt_sigaction(SIGHUP, {0x55c4dc1bf700, SA_RESTART|SA_RESTORER, 0x7f96a5932040, [EMPTY]}, 0x0, 8) = 0\n", 
                        "api": "rt_sigaction", 
                        "return_value": "0", 
                        "instruction_pointer": "7f96a593210d", 
                        "time": 1626374400.205955, 
                        "process_name": "ed", 
                        "pid": 2065, 
                        "arguments": {
                            "p2": "0x0", 
                            "p3": "8", 
                            "p0": "SIGHUP", 
                            "p1": [
                                "0x55c4dc1bf700", 
                                "SA_RESTART|SA_RESTORER", 
                                "0x7f96a5932040", 
                                [
                                    "EMPTY]"
                                ]
                            ]
                        }
                    }, 
                    {
                        "status": "", 
                        "raw": "Thu Jul 15 18:40:00 2021.205966 ed@7f96a593210d[2065] rt_sigaction(SIGQUIT, {SIG_IGN}, 0x0, 8) = 0\n", 
                        "api": "rt_sigaction", 
                        "return_value": "0", 
                        "instruction_pointer": "7f96a593210d", 
                        "time": 1626374400.205966, 
                        "process_name": "ed", 
                        "pid": 2065, 
                        "arguments": {
                            "p2": "0x0", 
                            "p3": "8", 
                            "p0": "SIGQUIT", 
                            "p1": [
                                "SIG_IGN"
                            ]
                        }
                    }, 
                    {
                        "status": "", 
                        "raw": "Thu Jul 15 18:40:00 2021.205976 ed@7f96a593210d[2065] rt_sigaction(SIGINT, {0x55c4dc1bf730, SA_RESTART|SA_RESTORER, 0x7f96a5932040, [EMPTY]}, 0x0, 8) = 0\n", 
                        "api": "rt_sigaction", 
                        "return_value": "0", 
                        "instruction_pointer": "7f96a593210d", 
                        "time": 1626374400.205976, 
                        "process_name": "ed", 
                        "pid": 2065, 
                        "arguments": {
                            "p2": "0x0", 
                            "p3": "8", 
                            "p0": "SIGINT", 
                            "p1": [
                                "0x55c4dc1bf730", 
                                "SA_RESTART|SA_RESTORER", 
                                "0x7f96a5932040", 
                                [
                                    "EMPTY]"
                                ]
                            ]
                        }
                    }, 
                    {
                        "status": "", 
                        "raw": "Thu Jul 15 18:40:00 2021.205987 ed@7f96a5a03151[2065] read(0, 0x7f96a5cdea83, 1) = 0\n", 
                        "api": "read", 
                        "return_value": "0", 
                        "instruction_pointer": "7f96a5a03151", 
                        "time": 1626374400.205987, 
                        "process_name": "ed", 
                        "pid": 2065, 
                        "arguments": {
                            "p2": "1", 
                            "p0": "0", 
                            "p1": "0x7f96a5cdea83"
                        }
                    }, 
                    {
                        "status": "", 
                        "raw": "Thu Jul 15 18:40:00 2021.206003 ed@7f96a59d7bd6[2065] exit_group(0)\n", 
                        "api": "exit_group", 
                        "return_value": "", 
                        "instruction_pointer": "7f96a59d7bd6", 
                        "time": 1626374400.206003, 
                        "process_name": "ed", 
                        "pid": 2065, 
                        "arguments": {
                            "p0": "0"
                        }
                    }
                ], 
                "pid": 2065, 
                "process_name": "ed", 
                "command_line": "/tmp/ed", 
                "first_seen": 1626374400.204989, 
                "ppid": 2064, 
                "type": "process"
            }
        ], 
        "processtree": [
            {
                "track": true, 
                "pid": 2065, 
                "process_name": "ed", 
                "command_line": "/tmp/ed", 
                "first_seen": 1626374400.204989, 
                "ppid": 2064, 
                "children": []
            }
        ]
    }, 
    "debug": {
        "action": [], 
        "dbgview": [], 
        "errors": [], 
        "log": [
            "2021-07-15 20:39:56,007 [root] DEBUG: Starting analyzer from: /tmpOWf7ji\n", 
            "2021-07-15 20:39:56,008 [root] DEBUG: Storing results at: /tmp/vngMWQFgc\n", 
            "2021-07-15 20:39:56,009 [root] DEBUG: BIANCA DEBUG: \n", 
            "2021-07-15 20:39:56,009 [root] DEBUG: No analysis package specified, trying to detect it automagically.\n", 
            "2021-07-15 20:39:56,009 [root] INFO: Automatically selected analysis package \"generic\"\n", 
            "2021-07-15 20:39:56,056 [root] DEBUG: Bianca DEBUG[<class 'modules.auxiliary.stap.STAP'>]\n", 
            "2021-07-15 20:39:56,056 [modules.auxiliary.stap] WARNING: BIANCA DEBUG: IT GOT TO STAP INIT\n", 
            "2021-07-15 20:39:56,056 [modules.auxiliary.stap] WARNING: BIANCA DEBUG: STAP STARTEDDDDDDDDDDDD\n", 
            "2021-07-15 20:39:56,057 [modules.auxiliary.stap] WARNING: BIANCAAAA stap path: /root/.cuckoo/stap_.ko\n", 
            "2021-07-15 20:39:56,057 [modules.auxiliary.stap] WARNING: HELLO DARKNESS MY OLD FRIENDDD\n", 
            "2021-07-15 20:39:56,064 [modules.auxiliary.stap] WARNING: IT STARTED NOW NOW NOW\n", 
            "2021-07-15 20:40:00,197 [modules.auxiliary.stap] DEBUG: STAP aux module startup took 4.14 seconds\n", 
            "2021-07-15 20:40:00,198 [root] DEBUG: Started auxiliary module STAP\n", 
            "2021-07-15 20:40:00,203 [root] INFO: Added new process to list with pid: 2064\n", 
            "2021-07-15 20:40:01,205 [root] INFO: Process with pid 2064 has terminated\n", 
            "2021-07-15 20:40:01,205 [root] INFO: Process list is empty, terminating analysis.\n", 
            "2021-07-15 20:40:02,206 [modules.auxiliary.stap] DEBUG: stap subprocess retval None\n", 
            "2021-07-15 20:40:02,206 [modules.auxiliary.stap] DEBUG: BIANCA SEND FILE FROM STRAP: stap.log -> logs/all.stap\n", 
            "2021-07-15 20:40:02,210 [root] INFO: Analysis completed.\n"
        ], 
        "cuckoo": [
            "2021-07-15 20:39:56,644 [cuckoo.core.scheduler] INFO: Task #38: acquired machine cuc (label=cuc)\n", 
            "2021-07-15 20:39:56,645 [cuckoo.core.resultserver] DEBUG: Now tracking machine 192.168.56.101 for task #38\n", 
            "2021-07-15 20:39:56,645 [cuckoo.core.plugins] DEBUG: Started auxiliary module: Replay\n", 
            "2021-07-15 20:39:56,650 [cuckoo.auxiliary.sniffer] INFO: Started sniffer with PID 29459 (interface=vboxnet0, host=192.168.56.101)\n", 
            "2021-07-15 20:39:56,651 [cuckoo.core.plugins] DEBUG: Started auxiliary module: Sniffer\n", 
            "2021-07-15 20:39:56,767 [cuckoo.machinery.virtualbox] DEBUG: Starting vm cuc\n", 
            "2021-07-15 20:39:56,950 [cuckoo.machinery.virtualbox] DEBUG: Restoring virtual machine cuc to final_3\n", 
            "2021-07-15 20:40:03,498 [cuckoo.core.guest] INFO: Starting analysis #38 on guest (id=cuc, ip=192.168.56.101)\n", 
            "2021-07-15 20:40:04,501 [cuckoo.core.guest] DEBUG: cuc: not ready yet\n", 
            "2021-07-15 20:40:05,505 [cuckoo.core.guest] DEBUG: cuc: not ready yet\n", 
            "2021-07-15 20:40:06,508 [cuckoo.core.guest] DEBUG: cuc: not ready yet\n", 
            "2021-07-15 20:40:07,511 [cuckoo.core.guest] DEBUG: cuc: not ready yet\n", 
            "2021-07-15 20:40:08,514 [cuckoo.core.guest] DEBUG: cuc: not ready yet\n", 
            "2021-07-15 20:40:09,518 [cuckoo.core.guest] DEBUG: cuc: not ready yet\n", 
            "2021-07-15 20:40:10,521 [cuckoo.core.guest] DEBUG: cuc: not ready yet\n", 
            "2021-07-15 20:40:11,524 [cuckoo.core.guest] DEBUG: cuc: not ready yet\n", 
            "2021-07-15 20:40:12,528 [cuckoo.core.guest] DEBUG: cuc: not ready yet\n", 
            "2021-07-15 20:40:13,531 [cuckoo.core.guest] DEBUG: cuc: not ready yet\n", 
            "2021-07-15 20:40:14,535 [cuckoo.core.guest] DEBUG: cuc: not ready yet\n", 
            "2021-07-15 20:40:14,563 [cuckoo.core.guest] INFO: Guest is running Cuckoo Agent 0.10 (id=cuc, ip=192.168.56.101)\n", 
            "2021-07-15 20:40:14,569 [cuckoo.core.guest] DEBUG: Uploading analyzer to guest (id=cuc, ip=192.168.56.101, monitor=latest, size=31337)\n", 
            "2021-07-15 20:40:14,719 [cuckoo.core.resultserver] DEBUG: Task #38: live log analysis.log initialized.\n", 
            "2021-07-15 20:40:19,727 [cuckoo.core.guest] DEBUG: cuc: analysis #38 still processing\n", 
            "2021-07-15 20:40:20,936 [cuckoo.core.resultserver] DEBUG: Task #38: File upload for 'logs/all.stap'\n", 
            "2021-07-15 20:40:20,938 [cuckoo.core.resultserver] DEBUG: Task #38 uploaded file length: 10498\n", 
            "2021-07-15 20:40:24,778 [cuckoo.core.guest] DEBUG: cuc: analysis #38 still processing\n", 
            "2021-07-15 20:40:29,809 [cuckoo.core.guest] DEBUG: cuc: analysis #38 still processing\n", 
            "2021-07-15 20:40:34,835 [cuckoo.core.guest] DEBUG: cuc: analysis #38 still processing\n", 
            "2021-07-15 20:40:39,862 [cuckoo.core.guest] DEBUG: cuc: analysis #38 still processing\n", 
            "2021-07-15 20:40:44,888 [cuckoo.core.guest] DEBUG: cuc: analysis #38 still processing\n", 
            "2021-07-15 20:40:49,919 [cuckoo.core.guest] DEBUG: cuc: analysis #38 still processing\n", 
            "2021-07-15 20:40:54,947 [cuckoo.core.guest] DEBUG: cuc: analysis #38 still processing\n", 
            "2021-07-15 20:40:59,973 [cuckoo.core.guest] DEBUG: cuc: analysis #38 still processing\n", 
            "2021-07-15 20:41:04,998 [cuckoo.core.guest] DEBUG: cuc: analysis #38 still processing\n", 
            "2021-07-15 20:41:10,024 [cuckoo.core.guest] DEBUG: cuc: analysis #38 still processing\n", 
            "2021-07-15 20:41:15,051 [cuckoo.core.guest] DEBUG: cuc: analysis #38 still processing\n", 
            "2021-07-15 20:41:20,080 [cuckoo.core.guest] DEBUG: cuc: analysis #38 still processing\n", 
            "2021-07-15 20:41:25,106 [cuckoo.core.guest] DEBUG: cuc: analysis #38 still processing\n", 
            "2021-07-15 20:41:30,133 [cuckoo.core.guest] DEBUG: cuc: analysis #38 still processing\n", 
            "2021-07-15 20:41:35,160 [cuckoo.core.guest] DEBUG: cuc: analysis #38 still processing\n", 
            "2021-07-15 20:41:40,189 [cuckoo.core.guest] DEBUG: cuc: analysis #38 still processing\n", 
            "2021-07-15 20:41:45,216 [cuckoo.core.guest] DEBUG: cuc: analysis #38 still processing\n", 
            "2021-07-15 20:41:50,242 [cuckoo.core.guest] DEBUG: cuc: analysis #38 still processing\n", 
            "2021-07-15 20:41:55,270 [cuckoo.core.guest] DEBUG: cuc: analysis #38 still processing\n", 
            "2021-07-15 20:42:00,296 [cuckoo.core.guest] DEBUG: cuc: analysis #38 still processing\n", 
            "2021-07-15 20:42:05,323 [cuckoo.core.guest] DEBUG: cuc: analysis #38 still processing\n", 
            "2021-07-15 20:42:10,350 [cuckoo.core.guest] DEBUG: cuc: analysis #38 still processing\n", 
            "2021-07"
        ]
    }, 
    "strings": [
        "/lib64/ld-linux-x86-64.so.2", 
        "libc.so.6", 
        "fflush", 
        "__printf_chk", 
        "pathconf", 
        "_IO_putc", 
        "setlocale", 
        "strncmp", 
        "__longjmp_chk", 
        "regexec", 
        "strncpy", 
        "sigprocmask", 
        "regfree", 
        "__stack_chk_fail", 
        "realloc", 
        "memchr", 
        "strtol", 
        "isatty", 
        "strlen", 
        "tmpfile", 
        "sigemptyset", 
        "__errno_location", 
        "clearerr", 
        "_setjmp", 
        "__fprintf_chk", 
        "sigaddset", 
        "stdout", 
        "regerror", 
        "memcpy", 
        "fclose", 
        "malloc", 
        "__ctype_b_loc", 
        "getenv", 
        "regcomp", 
        "stderr", 
        "system", 
        "__fxstat", 
        "pclose", 
        "fwrite", 
        "sigaction", 
        "strchr", 
        "__cxa_finalize", 
        "setvbuf", 
        "_IO_getc", 
        "strerror", 
        "__libc_start_main", 
        "ferror", 
        "_edata", 
        "__bss_start", 
        "_IO_stdin_used", 
        "jmp_state", 
        "_ITM_deregisterTMCloneTable", 
        "__gmon_start__", 
        "_Jv_RegisterClasses", 
        "_ITM_registerTMCloneTable", 
        "GLIBC_2.3", 
        "GLIBC_2.11", 
        "GLIBC_2.3.4", 
        "GLIBC_2.14", 
        "GLIBC_2.4", 
        "GLIBC_2.2.5", 
        "[]A\\A]", 
        "AWAVAUATI", 
        "[]A\\A]A^A_", 
        "[]A\\A]A^A_", 
        "[]A\\A]", 
        "[]A\\A]", 
        "[]A\\A]", 
        "dH3<%(", 
        "[]A\\A]", 
        "[]A\\A]A^", 
        "AVAUATUA", 
        "[]A\\A]A^", 
        "[]A\\A]A^", 
        "[]A\\A]A^A_", 
        "AUATE1", 
        "[]A\\A]A^A_", 
        "[]A\\A]A^A_", 
        "[]A\\A]", 
        "[]A\\A]", 
        "AUATUSH", 
        "[]A\\A]", 
        "[]A\\A]", 
        "[]A\\A]", 
        "[]A\\A]", 
        "[]A\\A]A^A_", 
        "[]A\\A]A^A_", 
        "AUATUSH", 
        "T$pt3H", 
        "|$xdH3<%(", 
        "[]A\\A]A^A_", 
        "ttLc|$@H", 
        "HcD$@H", 
        "AUATUS", 
        "abfnrtv\\", 
        "t H+T$", 
        "H9D$ H", 
        "L$XdH3", 
        "h[]A\\A]A^A_", 
        "[]A\\A]", 
        "AWAVAUATA", 
        "dH34%(", 
        "([]A\\A]A^A_", 
        "AWAVAUATUSH", 
        "8[]A\\A]A^A_", 
        "L$(9L$", 
        "t$(9t$", 
        "L$(9L$", 
        "8[]A\\A]A^A_", 
        "AUATUSH", 
        "A]A^A_", 
        "([]A\\A]A^A_", 
        "AWAVE1", 
        "Invalid H", 
        "address", 
        "L$(dH3", 
        "8[]A\\A]A^A_", 
        "Invalid H", 
        "mark chaH", 
        "racter", 
        "Invalid H", 
        "address", 
        "Shell acH", 
        "cess resH", 
        "tricted", 
        "dH3<%(", 
        "[]A\\A]", 
        "No curreH", 
        "nt filenH", 
        "No previH", 
        "ous commH", 
        "dH3<%(", 
        "No curreH", 
        "nt filenH", 
        "FilenameH", 
        " too lonH", 
        "UnexpectH", 
        "ed commaH", 
        "nd suffiH", 
        "]A\\A]A^", 
        "Invalid 1", 
        "address", 
        "DestinatH", 
        "ion expeH", 
        "<nt$<pu(", 
        "Invalid H", 
        "command H", 
        "suffix", 
        "UnexpectH", 
        "ed addreH", 
        "AWAVAUATA", 
        "L$(dH3", 
        "8[]A\\A]A^A_", 
        "Unknown H", 
        "command", 
        "Invalid H", 
        "pattern H", 
        "delimiteH", 
        "Invalid H", 
        "mark chaH", 
        "racter", 
        "Invalid H", 
        "address", 
        "Invalid H", 
        "command H", 
        "suffix", 
        "No previH", 
        "ous subsH", 
        "titution", 
        "Cannot nH", 
        "est globH", 
        "al commaH", 
        "t,H9:u", 
        "AVAUATUSH", 
        "Warning:I", 
        " buffer ", 
        "UnexpectH", 
        "ed end-oH", 
        "f-file", 
        "modified1", 
        "L$(dH3", 
        "0[]A\\A]A^", 
        "InterrupH", 
        "modified1", 
        "AUATUSH", 
        "|$XdH3<%(", 
        "h[]A\\A]", 
        "AWAVAUATUSH", 
        "[]A\\A]A^A_", 
        "[]A\\A]A^A_", 
        "[]A\\A]A^A_", 
        "AWAVAUATI", 
        "L$(dH3", 
        "8[]A\\A]A^A_", 
        "AVAUATU", 
        "]A\\A]A^", 
        "[]A\\A]A^", 
        "AWAVAUATUS", 
        "HcT$DH", 
        "Lcl$,H", 
        "<&t!<\\u", 
        "x?HcT$DH", 
        "[]A\\A]A^A_", 
        "D$(;D$0", 
        "AVAUATUSH", 
        "dH3<%(", 
        "[]A\\A]", 
        "[]A\\A]A^A_", 
        "Memory exhausted", 
        "Invalid address", 
        "Cannot seek temp file", 
        "Cannot read temp file", 
        "Cannot open temp file", 
        "Line too long", 
        "Cannot write temp file", 
        "Cannot close temp file", 
        "Nothing to put", 
        "Nothing to undo", 
        "' is ambiguous", 
        "unrecognized option '", 
        "option '--", 
        "' doesn't allow an argument", 
        "' requires an argument", 
        "invalid option -- ", 
        "option requires an argument -- ", 
        "Cannot read stdin", 
        "Unexpected end-of-file", 
        "Cannot open input file", 
        "Cannot read input file", 
        "Newline inserted", 
        "Newline appended", 
        "Cannot close input file", 
        "Cannot open output file", 
        "Cannot write file", 
        "Cannot close output file", 
        "Shell access restricted", 
        "%s: %s", 
        "Memory exhausted.", 
        "GNU Ed", 
        "%s - The GNU line editor.", 
        "Usage: %s [options] [file]", 
        "Invalid filename", 
        "traditional", 
        "loose-exit-status", 
        "prompt", 
        "silent", 
        "verbose", 
        "version", 
        "Try '%s --help' for more information.", 
        "Options:", 
        "  -h, --help                 display this help and exit", 
        "  -V, --version              output version information and exit", 
        "  -G, --traditional          run in compatibility mode", 
        "  -l, --loose-exit-status    exit with 0 status even if a command fails", 
        "  -p, --prompt=STRING        use STRING as an interactive prompt", 
        "  -r, --restricted           run in restricted mode", 
        "  -s, --quiet, --silent      suppress diagnostics", 
        "  -v, --verbose              be verbose", 
        "Start edit by reading in 'file' if given.", 
        "If 'file' begins with a '!', read output of shell command.", 
        "Exit status: 0 for a normal exit, 1 for environmental problems (file", 
        "not found, invalid flags, I/O errors, etc), 2 to indicate a corrupt or", 
        "invalid input file, 3 for an internal consistency error (eg, bug) which", 
        "caused ed to panic.", 
        "Report bugs to bug-ed@gnu.org", 
        "Ed home page: http://www.gnu.org/software/ed/ed.html", 
        "General help using GNU software: http://www.gnu.org/gethelp", 
        "Copyright (C) 1994 Andrew L. Moore.", 
        "Copyright (C) %s Free Software Foundation, Inc.", 
        "License GPLv3+: GNU GPL version 3 or later <http://gnu.org/licenses/gpl.html>", 
        "This is free software: you are free to change and redistribute it.", 
        "There is NO WARRANTY, to the extent permitted by law.", 
        "internal error: uncaught option.", 
        "No current filename", 
        "Invalid redirection", 
        "No previous command", 
        "Invalid destination", 
        "Can't create shell process", 
        "script, line %d: %s", 
        "Invalid pattern delimiter", 
        "No previous pattern", 
        "Trailing backslash (\\)", 
        "Unbalanced brackets ([])", 
        "No previous substitution", 
        "No match", 
        "Infinite substitution loop", 
        "Bad numerical result", 
        "Numerical result out of range", 
        ".shstrtab", 
        ".interp", 
        ".note.ABI-tag", 
        ".note.gnu.build-id", 
        ".gnu.hash", 
        ".dynsym", 
        ".dynstr", 
        ".gnu.version", 
        ".gnu.version_r", 
        ".rela.dyn", 
        ".plt.got", 
        ".rodata", 
        ".eh_frame_hdr", 
        ".eh_frame", 
        ".init_array", 
        ".fini_array", 
        ".dynamic", 
        ".gnu_debuglink"
    ], 
    "metadata": {
        "output": {
            "pcap": {
                "basename": "dump.pcap", 
                "sha256": "6e1806c7cf80a519e502dd950184119671bb445d5f8410021204c3e6cbb26f82", 
                "dirname": ""
            }
        }
    }
}