{"started_on": {"$dt": "2021-07-15T20:07:01.702391"}, "duration": 192, "sample_id": 29, "owner": null, "id": 32, "category": "file", "priority": 1, "guest": {"status": "stopped", "name": "cuc", "label": "cuc", "manager": "VirtualBox", "started_on": "2021-07-15 20:07:01", "shutdown_on": "2021-07-15 20:10:14"}, "clock": {"$dt": "2021-07-15T20:07:01.054035"}, "custom": null, "machine": null, "platform": null, "memory": false, "status": "completed", "tags": [], "processing": null, "enforce_timeout": false, "completed_on": {"$dt": "2021-07-15T20:10:14.513311"}, "target": "/home/cuckoo/Desktop/apps/bin/dd", "package": "", "route": "none", "timeout": 0, "submit_id": null, "options": {}, "added_on": {"$dt": "2021-07-15T20:07:01.054050"}}