{"started_on": {"$dt": "2021-07-15T20:57:28.593474"}, "duration": 193, "sample_id": 39, "owner": null, "id": 42, "category": "file", "priority": 1, "guest": {"status": "stopped", "name": "cuc", "label": "cuc", "manager": "VirtualBox", "started_on": "2021-07-15 20:57:28", "shutdown_on": "2021-07-15 21:00:41"}, "clock": {"$dt": "2021-07-15T20:57:28.339402"}, "custom": null, "machine": null, "platform": null, "memory": false, "status": "completed", "tags": [], "processing": null, "enforce_timeout": false, "completed_on": {"$dt": "2021-07-15T21:00:41.597558"}, "target": "/home/cuckoo/Desktop/apps/bin/fgrep", "package": "", "route": "none", "timeout": 0, "submit_id": null, "options": {}, "added_on": {"$dt": "2021-07-15T20:57:28.339418"}}