{
    "info": {
        "added": 1626377200.98684, 
        "started": 1626377201.432038, 
        "duration": 193, 
        "ended": 1626377394.58702, 
        "owner": null, 
        "score": 0.0, 
        "id": 24, 
        "category": "file", 
        "git": {
            "head": "13cbe0d9e457be3673304533043e992ead1ea9b2", 
            "fetch_head": "13cbe0d9e457be3673304533043e992ead1ea9b2"
        }, 
        "monitor": "2deb9ccd75d5a7a3fe05b2625b03a8639d6ee36b", 
        "package": "", 
        "route": "none", 
        "custom": null, 
        "machine": {
            "status": "stopped", 
            "name": "cuc", 
            "label": "cuc", 
            "manager": "VirtualBox", 
            "started_on": "2021-07-15 19:26:41", 
            "shutdown_on": "2021-07-15 19:29:54"
        }, 
        "platform": null, 
        "version": "2.0.7", 
        "options": ""
    }, 
    "signatures": [], 
    "target": {
        "category": "file", 
        "file": {
            "yara": [], 
            "sha1": "29ae1bf83eb4f06d5ea16330cc322428f07e9d0f", 
            "name": "chgrp", 
            "type": "ELF 64-bit LSB shared object, x86-64, version 1 (SYSV), dynamically linked, interpreter /lib64/ld-linux-x86-64.so.2, for GNU/Linux 3.2.0, BuildID[sha1]=bf8113f4f7f257b5b8bc43e280474a6e916cf42b, stripped", 
            "sha256": "011a6b0d50d494a2d0c67c41f1cc362c6ad1d65edb7cfcede80507ebc434dc2b", 
            "urls": [
                "http://gnu.org/licenses/gpl.html", 
                "http://translationproject.org/team/", 
                "http://www.gnu.org/software/coreutils/", 
                "http://www.gnu.org/gethelp/"
            ], 
            "crc32": "5508F329", 
            "path": "/home/cuckoo/.cuckoo/storage/binaries/011a6b0d50d494a2d0c67c41f1cc362c6ad1d65edb7cfcede80507ebc434dc2b", 
            "ssdeep": null, 
            "size": 63672, 
            "sha512": "675acd9ccbbf3b0f2d226c3fe817b18143849ab70178df92a39050f1303b436c39e55fa786a0f8ec2b1bda6e2bddedf8551ca1a9eece4ec95454c555c96917ec", 
            "md5": "5940e9a9a152e4c5ef002813076fa5ea"
        }
    }, 
    "network": {
        "tls": [], 
        "udp": [
            {
                "src": "192.168.56.101", 
                "dst": "224.0.0.251", 
                "offset": 234, 
                "time": 0.3896908760070801, 
                "dport": 5353, 
                "sport": 5353
            }
        ], 
        "dns_servers": [
            "224.0.0.251"
        ], 
        "http": [], 
        "icmp": [], 
        "smtp": [], 
        "tcp": [], 
        "smtp_ex": [], 
        "mitm": [], 
        "hosts": [], 
        "pcap_sha256": "f6f1be75e0a8129360eaa5b68a3618ad37493641df6cb49e750eeb05fd5b96bb", 
        "dns": [
            {
                "type": "PTR", 
                "request": "_sane-port._tcp.local", 
                "answers": []
            }, 
            {
                "type": "PTR", 
                "request": "_ipps._tcp.local", 
                "answers": []
            }
        ], 
        "http_ex": [], 
        "domains": [
            {
                "ip": "", 
                "domain": "_ipps._tcp.local"
            }, 
            {
                "ip": "", 
                "domain": "_sane-port._tcp.local"
            }
        ], 
        "dead_hosts": [], 
        "sorted_pcap_sha256": "4628e03092b758eeadde931efda8a2a666cb2f157c72a67c9a57a861ac61483c", 
        "irc": [], 
        "https_ex": []
    }, 
    "behavior": {
        "generic": [
            {
                "process_path": null, 
                "process_name": "chgrp", 
                "pid": 1599, 
                "summary": {}, 
                "first_seen": 1626370004.053373, 
                "ppid": 1598
            }
        ], 
        "processes": [
            {
                "calls": [
                    {
                        "status": "", 
                        "raw": "Thu Jul 15 17:26:44 2021.053373 chgrp@7f04e9f4f0a9[1599] execve(\"/tmp/chgrp\", [\"/tmp/chgrp\"], [\"LC_TIME=de_CH.UTF-8\", \"HOME=/root\", \"LC_MONETARY=de_CH.UTF-8\", \"LOGNAME=root\", \"PATH=/usr/bin:/bin\", \"LC_ADDRESS=de_CH.UTF-8\", \"LANG=en_US.UTF-8\", \"LC_TELEPHONE=de_CH.UTF-8\", \"LC_NAME=de_CH.UTF-8\", \"SHELL=/bin/sh\", \"LC_MEASUREMENT=de_CH.UTF-8\", \"LC_IDENTIFICATION=de_CH.UTF-8\", \"PWD=/tmpl0avAL\", \"LC_NUMERIC=de_CH.UTF-8\", \"LC_PAPER=de_CH.UTF-8\"])\n", 
                        "api": "execve", 
                        "return_value": "", 
                        "instruction_pointer": "7f04e9f4f0a9", 
                        "time": 1626370004.053373, 
                        "process_name": "chgrp", 
                        "pid": 1599, 
                        "arguments": {
                            "p2": [
                                "LC_TIME=de_CH.UTF-8", 
                                "HOME=/root", 
                                "LC_MONETARY=de_CH.UTF-8", 
                                "LOGNAME=root", 
                                "PATH=/usr/bin:/bin", 
                                "LC_ADDRESS=de_CH.UTF-8", 
                                "LANG=en_US.UTF-8", 
                                "LC_TELEPHONE=de_CH.UTF-8", 
                                "LC_NAME=de_CH.UTF-8", 
                                "SHELL=/bin/sh", 
                                "LC_MEASUREMENT=de_CH.UTF-8", 
                                "LC_IDENTIFICATION=de_CH.UTF-8", 
                                "PWD=/tmpl0avAL", 
                                "LC_NUMERIC=de_CH.UTF-8", 
                                "LC_PAPER=de_CH.UTF-8"
                            ], 
                            "p0": "/tmp/chgrp", 
                            "p1": [
                                "/tmp/chgrp"
                            ]
                        }
                    }, 
                    {
                        "status": "", 
                        "raw": "Thu Jul 15 17:26:44 2021.053578 chgrp@7f04e9f4f0a9[1599] brk(0x0) = 93968806641664\n", 
                        "api": "brk", 
                        "return_value": "93968806641664", 
                        "instruction_pointer": "7f04e9f4f0a9", 
                        "time": 1626370004.053578, 
                        "process_name": "chgrp", 
                        "pid": 1599, 
                        "arguments": {
                            "p0": "0x0"
                        }
                    }, 
                    {
                        "status": "ENOENT", 
                        "raw": "Thu Jul 15 17:26:44 2021.053613 chgrp@7f04e9f4296e[1599] access(\"/etc/ld.so.nohwcap\", F_OK) = -2 (ENOENT)\n", 
                        "api": "access", 
                        "return_value": "-2", 
                        "instruction_pointer": "7f04e9f4296e", 
                        "time": 1626370004.053613, 
                        "process_name": "chgrp", 
                        "pid": 1599, 
                        "arguments": {
                            "p0": "/etc/ld.so.nohwcap", 
                            "p1": "F_OK"
                        }
                    }, 
                    {
                        "status": "ENOENT", 
                        "raw": "Thu Jul 15 17:26:44 2021.053630 chgrp@7f04e9f50007[1599] access(\"/etc/ld.so.preload\", R_OK) = -2 (ENOENT)\n", 
                        "api": "access", 
                        "return_value": "-2", 
                        "instruction_pointer": "7f04e9f50007", 
                        "time": 1626370004.05363, 
                        "process_name": "chgrp", 
                        "pid": 1599, 
                        "arguments": {
                            "p0": "/etc/ld.so.preload", 
                            "p1": "R_OK"
                        }
                    }, 
                    {
                        "status": "", 
                        "raw": "Thu Jul 15 17:26:44 2021.053647 chgrp@7f04e9f4febd[1599] openat(AT_FDCWD, \"/etc/ld.so.cache\", O_RDONLY|O_CLOEXEC) = 6\n", 
                        "api": "openat", 
                        "return_value": "6", 
                        "instruction_pointer": "7f04e9f4febd", 
                        "time": 1626370004.053647, 
                        "process_name": "chgrp", 
                        "pid": 1599, 
                        "arguments": {
                            "p2": "O_RDONLY|O_CLOEXEC", 
                            "p0": "AT_FDCWD", 
                            "p1": "/etc/ld.so.cache"
                        }
                    }, 
                    {
                        "status": "", 
                        "raw": "Thu Jul 15 17:26:44 2021.053661 chgrp@7f04e9f4fe23[1599] fstat(6, 0x7fff9e0d7c70) = 0\n", 
                        "api": "fstat", 
                        "return_value": "0", 
                        "instruction_pointer": "7f04e9f4fe23", 
                        "time": 1626370004.053661, 
                        "process_name": "chgrp", 
                        "pid": 1599, 
                        "arguments": {
                            "p0": "6", 
                            "p1": "0x7fff9e0d7c70"
                        }
                    }, 
                    {
                        "status": "", 
                        "raw": "Thu Jul 15 17:26:44 2021.053672 chgrp@7f04e9f50123[1599] mmap2(0x0, 85414, PROT_READ, MAP_PRIVATE, 6, 0) = 0x7f04ea147000\n", 
                        "api": "mmap2", 
                        "return_value": "0x7f04ea147000", 
                        "instruction_pointer": "7f04e9f50123", 
                        "time": 1626370004.053672, 
                        "process_name": "chgrp", 
                        "pid": 1599, 
                        "arguments": {
                            "p2": "PROT_READ", 
                            "p3": "MAP_PRIVATE", 
                            "p0": "0x0", 
                            "p1": "85414", 
                            "p4": "6", 
                            "p5": "0"
                        }
                    }, 
                    {
                        "status": "", 
                        "raw": "Thu Jul 15 17:26:44 2021.053684 chgrp@7f04e9f500b7[1599] close(6) = 0\n", 
                        "api": "close", 
                        "return_value": "0", 
                        "instruction_pointer": "7f04e9f500b7", 
                        "time": 1626370004.053684, 
                        "process_name": "chgrp", 
                        "pid": 1599, 
                        "arguments": {
                            "p0": "6"
                        }
                    }, 
                    {
                        "status": "ENOENT", 
                        "raw": "Thu Jul 15 17:26:44 2021.053698 chgrp@7f04e9f4b2d9[1599] access(\"/etc/ld.so.nohwcap\", F_OK) = -2 (ENOENT)\n", 
                        "api": "access", 
                        "return_value": "-2", 
                        "instruction_pointer": "7f04e9f4b2d9", 
                        "time": 1626370004.053698, 
                        "process_name": "chgrp", 
                        "pid": 1599, 
                        "arguments": {
                            "p0": "/etc/ld.so.nohwcap", 
                            "p1": "F_OK"
                        }
                    }, 
                    {
                        "status": "", 
                        "raw": "Thu Jul 15 17:26:44 2021.053715 chgrp@7f04e9f4febd[1599] openat(AT_FDCWD, \"/lib/x86_64-linux-gnu/libc.so.6\", O_RDONLY|O_CLOEXEC) = 6\n", 
                        "api": "openat", 
                        "return_value": "6", 
                        "instruction_pointer": "7f04e9f4febd", 
                        "time": 1626370004.053715, 
                        "process_name": "chgrp", 
                        "pid": 1599, 
                        "arguments": {
                            "p2": "O_RDONLY|O_CLOEXEC", 
                            "p0": "AT_FDCWD", 
                            "p1": "/lib/x86_64-linux-gnu/libc.so.6"
                        }
                    }, 
                    {
                        "status": "", 
                        "raw": "Thu Jul 15 17:26:44 2021.053729 chgrp@7f04e9f4ff84[1599] read(6, 0x7fff9e0d7e38, 832) = 832\n", 
                        "api": "read", 
                        "return_value": "832", 
                        "instruction_pointer": "7f04e9f4ff84", 
                        "time": 1626370004.053729, 
                        "process_name": "chgrp", 
                        "pid": 1599, 
                        "arguments": {
                            "p2": "832", 
                            "p0": "6", 
                            "p1": "0x7fff9e0d7e38"
                        }
                    }, 
                    {
                        "status": "", 
                        "raw": "Thu Jul 15 17:26:44 2021.053740 chgrp@7f04e9f4fe23[1599] fstat(6, 0x7fff9e0d7cd0) = 0\n", 
                        "api": "fstat", 
                        "return_value": "0", 
                        "instruction_pointer": "7f04e9f4fe23", 
                        "time": 1626370004.05374, 
                        "process_name": "chgrp", 
                        "pid": 1599, 
                        "arguments": {
                            "p0": "6", 
                            "p1": "0x7fff9e0d7cd0"
                        }
                    }, 
                    {
                        "status": "", 
                        "raw": "Thu Jul 15 17:26:44 2021.053750 chgrp@7f04e9f50123[1599] mmap2(0x0, 8192, PROT_READ|PROT_WRITE, MAP_PRIVATE|MAP_ANONYMOUS, -1, 0) = 0x7f04ea145000\n", 
                        "api": "mmap2", 
                        "return_value": "0x7f04ea145000", 
                        "instruction_pointer": "7f04e9f50123", 
                        "time": 1626370004.05375, 
                        "process_name": "chgrp", 
                        "pid": 1599, 
                        "arguments": {
                            "p2": "PROT_READ|PROT_WRITE", 
                            "p3": "MAP_PRIVATE|MAP_ANONYMOUS", 
                            "p0": "0x0", 
                            "p1": "8192", 
                            "p4": "-1", 
                            "p5": "0"
                        }
                    }, 
                    {
                        "status": "", 
                        "raw": "Thu Jul 15 17:26:44 2021.053765 chgrp@7f04e9f50123[1599] mmap2(0x0, 4131552, PROT_READ|PROT_EXEC, MAP_PRIVATE|MAP_DENYWRITE, 6, 0) = 0x7f04e9b42000\n", 
                        "api": "mmap2", 
                        "return_value": "0x7f04e9b42000", 
                        "instruction_pointer": "7f04e9f50123", 
                        "time": 1626370004.053765, 
                        "process_name": "chgrp", 
                        "pid": 1599, 
                        "arguments": {
                            "p2": "PROT_READ|PROT_EXEC", 
                            "p3": "MAP_PRIVATE|MAP_DENYWRITE", 
                            "p0": "0x0", 
                            "p1": "4131552", 
                            "p4": "6", 
                            "p5": "0"
                        }
                    }, 
                    {
                        "status": "", 
                        "raw": "Thu Jul 15 17:26:44 2021.053778 chgrp@7f04e9f501d7[1599] mprotect(0x7f04e9d29000, 2097152, PROT_NONE) = 0\n", 
                        "api": "mprotect", 
                        "return_value": "0", 
                        "instruction_pointer": "7f04e9f501d7", 
                        "time": 1626370004.053778, 
                        "process_name": "chgrp", 
                        "pid": 1599, 
                        "arguments": {
                            "p2": "PROT_NONE", 
                            "p0": "0x7f04e9d29000", 
                            "p1": "2097152"
                        }
                    }, 
                    {
                        "status": "", 
                        "raw": "Thu Jul 15 17:26:44 2021.053794 chgrp@7f04e9f50123[1599] mmap2(0x7f04e9f29000, 24576, PROT_READ|PROT_WRITE, MAP_PRIVATE|MAP_FIXED|MAP_DENYWRITE, 6, 1994752) = 0x7f04e9f29000\n", 
                        "api": "mmap2", 
                        "return_value": "0x7f04e9f29000", 
                        "instruction_pointer": "7f04e9f50123", 
                        "time": 1626370004.053794, 
                        "process_name": "chgrp", 
                        "pid": 1599, 
                        "arguments": {
                            "p2": "PROT_READ|PROT_WRITE", 
                            "p3": "MAP_PRIVATE|MAP_FIXED|MAP_DENYWRITE", 
                            "p0": "0x7f04e9f29000", 
                            "p1": "24576", 
                            "p4": "6", 
                            "p5": "1994752"
                        }
                    }, 
                    {
                        "status": "", 
                        "raw": "Thu Jul 15 17:26:44 2021.053812 chgrp@7f04e9f50123[1599] mmap2(0x7f04e9f2f000, 15072, PROT_READ|PROT_WRITE, MAP_PRIVATE|MAP_FIXED|MAP_ANONYMOUS, -1, 0) = 0x7f04e9f2f000\n", 
                        "api": "mmap2", 
                        "return_value": "0x7f04e9f2f000", 
                        "instruction_pointer": "7f04e9f50123", 
                        "time": 1626370004.053812, 
                        "process_name": "chgrp", 
                        "pid": 1599, 
                        "arguments": {
                            "p2": "PROT_READ|PROT_WRITE", 
                            "p3": "MAP_PRIVATE|MAP_FIXED|MAP_ANONYMOUS", 
                            "p0": "0x7f04e9f2f000", 
                            "p1": "15072", 
                            "p4": "-1", 
                            "p5": "0"
                        }
                    }, 
                    {
                        "status": "", 
                        "raw": "Thu Jul 15 17:26:44 2021.053831 chgrp@7f04e9f500b7[1599] close(6) = 0\n", 
                        "api": "close", 
                        "return_value": "0", 
                        "instruction_pointer": "7f04e9f500b7", 
                        "time": 1626370004.053831, 
                        "process_name": "chgrp", 
                        "pid": 1599, 
                        "arguments": {
                            "p0": "6"
                        }
                    }, 
                    {
                        "status": "", 
                        "raw": "Thu Jul 15 17:26:44 2021.053854 chgrp@7f04e9f34024[1599] arch_prctl(ARCH_SET_FS, 139659083801920) = 0\n", 
                        "api": "arch_prctl", 
                        "return_value": "0", 
                        "instruction_pointer": "7f04e9f34024", 
                        "time": 1626370004.053854, 
                        "process_name": "chgrp", 
                        "pid": 1599, 
                        "arguments": {
                            "p0": "ARCH_SET_FS", 
                            "p1": "139659083801920"
                        }
                    }, 
                    {
                        "status": "", 
                        "raw": "Thu Jul 15 17:26:44 2021.053914 chgrp@7f04e9f501d7[1599] mprotect(0x7f04e9f29000, 16384, PROT_READ) = 0\n", 
                        "api": "mprotect", 
                        "return_value": "0", 
                        "instruction_pointer": "7f04e9f501d7", 
                        "time": 1626370004.053914, 
                        "process_name": "chgrp", 
                        "pid": 1599, 
                        "arguments": {
                            "p2": "PROT_READ", 
                            "p0": "0x7f04e9f29000", 
                            "p1": "16384"
                        }
                    }, 
                    {
                        "status": "", 
                        "raw": "Thu Jul 15 17:26:44 2021.053949 chgrp@7f04e9f501d7[1599] mprotect(0x5576cfbd6000, 4096, PROT_READ) = 0\n", 
                        "api": "mprotect", 
                        "return_value": "0", 
                        "instruction_pointer": "7f04e9f501d7", 
                        "time": 1626370004.053949, 
                        "process_name": "chgrp", 
                        "pid": 1599, 
                        "arguments": {
                            "p2": "PROT_READ", 
                            "p0": "0x5576cfbd6000", 
                            "p1": "4096"
                        }
                    }, 
                    {
                        "status": "", 
                        "raw": "Thu Jul 15 17:26:44 2021.053964 chgrp@7f04e9f501d7[1599] mprotect(0x7f04ea15c000, 4096, PROT_READ) = 0\n", 
                        "api": "mprotect", 
                        "return_value": "0", 
                        "instruction_pointer": "7f04e9f501d7", 
                        "time": 1626370004.053964, 
                        "process_name": "chgrp", 
                        "pid": 1599, 
                        "arguments": {
                            "p2": "PROT_READ", 
                            "p0": "0x7f04ea15c000", 
                            "p1": "4096"
                        }
                    }, 
                    {
                        "status": "", 
                        "raw": "Thu Jul 15 17:26:44 2021.053979 chgrp@7f04e9f501b7[1599] munmap(0x7f04ea147000, 85414) = 0\n", 
                        "api": "munmap", 
                        "return_value": "0", 
                        "instruction_pointer": "7f04e9f501b7", 
                        "time": 1626370004.053979, 
                        "process_name": "chgrp", 
                        "pid": 1599, 
                        "arguments": {
                            "p0": "0x7f04ea147000", 
                            "p1": "85414"
                        }
                    }, 
                    {
                        "status": "", 
                        "raw": "Thu Jul 15 17:26:44 2021.054074 chgrp@7f04e9c581f9[1599] brk(0x0) = 93968806641664\n", 
                        "api": "brk", 
                        "return_value": "93968806641664", 
                        "instruction_pointer": "7f04e9c581f9", 
                        "time": 1626370004.054074, 
                        "process_name": "chgrp", 
                        "pid": 1599, 
                        "arguments": {
                            "p0": "0x0"
                        }
                    }, 
                    {
                        "status": "", 
                        "raw": "Thu Jul 15 17:26:44 2021.054084 chgrp@7f04e9c581f9[1599] brk(0x5576d1591000) = 93968806776832\n", 
                        "api": "brk", 
                        "return_value": "93968806776832", 
                        "instruction_pointer": "7f04e9c581f9", 
                        "time": 1626370004.054084, 
                        "process_name": "chgrp", 
                        "pid": 1599, 
                        "arguments": {
                            "p0": "0x5576d1591000"
                        }
                    }, 
                    {
                        "status": "", 
                        "raw": "Thu Jul 15 17:26:44 2021.054102 chgrp@7f04e9c51e81[1599] openat(AT_FDCWD, \"/usr/lib/locale/locale-archive\", O_RDONLY|O_CLOEXEC) = 6\n", 
                        "api": "openat", 
                        "return_value": "6", 
                        "instruction_pointer": "7f04e9c51e81", 
                        "time": 1626370004.054102, 
                        "process_name": "chgrp", 
                        "pid": 1599, 
                        "arguments": {
                            "p2": "O_RDONLY|O_CLOEXEC", 
                            "p0": "AT_FDCWD", 
                            "p1": "/usr/lib/locale/locale-archive"
                        }
                    }, 
                    {
                        "status": "", 
                        "raw": "Thu Jul 15 17:26:44 2021.054117 chgrp@7f04e9c51893[1599] fstat(6, 0x7f04e9f2eac0) = 0\n", 
                        "api": "fstat", 
                        "return_value": "0", 
                        "instruction_pointer": "7f04e9c51893", 
                        "time": 1626370004.054117, 
                        "process_name": "chgrp", 
                        "pid": 1599, 
                        "arguments": {
                            "p0": "6", 
                            "p1": "0x7f04e9f2eac0"
                        }
                    }, 
                    {
                        "status": "", 
                        "raw": "Thu Jul 15 17:26:44 2021.054127 chgrp@7f04e9c5d813[1599] mmap2(0x0, 3339216, PROT_READ, MAP_PRIVATE, 6, 0) = 0x7f04e9812000\n", 
                        "api": "mmap2", 
                        "return_value": "0x7f04e9812000", 
                        "instruction_pointer": "7f04e9c5d813", 
                        "time": 1626370004.054127, 
                        "process_name": "chgrp", 
                        "pid": 1599, 
                        "arguments": {
                            "p2": "PROT_READ", 
                            "p3": "MAP_PRIVATE", 
                            "p0": "0x0", 
                            "p1": "3339216", 
                            "p4": "6", 
                            "p5": "0"
                        }
                    }, 
                    {
                        "status": "", 
                        "raw": "Thu Jul 15 17:26:44 2021.054144 chgrp@7f04e9c52a17[1599] close(6) = 0\n", 
                        "api": "close", 
                        "return_value": "0", 
                        "instruction_pointer": "7f04e9c52a17", 
                        "time": 1626370004.054144, 
                        "process_name": "chgrp", 
                        "pid": 1599, 
                        "arguments": {
                            "p0": "6"
                        }
                    }, 
                    {
                        "status": "", 
                        "raw": "Thu Jul 15 17:26:44 2021.054203 chgrp@7f04e9c51e81[1599] openat(AT_FDCWD, \"/usr/share/locale/locale.alias\", O_RDONLY|O_CLOEXEC) = 6\n", 
                        "api": "openat", 
                        "return_value": "6", 
                        "instruction_pointer": "7f04e9c51e81", 
                        "time": 1626370004.054203, 
                        "process_name": "chgrp", 
                        "pid": 1599, 
                        "arguments": {
                            "p2": "O_RDONLY|O_CLOEXEC", 
                            "p0": "AT_FDCWD", 
                            "p1": "/usr/share/locale/locale.alias"
                        }
                    }, 
                    {
                        "status": "", 
                        "raw": "Thu Jul 15 17:26:44 2021.054218 chgrp@7f04e9c51893[1599] fstat(6, 0x7fff9e0d7f20) = 0\n", 
                        "api": "fstat", 
                        "return_value": "0", 
                        "instruction_pointer": "7f04e9c51893", 
                        "time": 1626370004.054218, 
                        "process_name": "chgrp", 
                        "pid": 1599, 
                        "arguments": {
                            "p0": "6", 
                            "p1": "0x7fff9e0d7f20"
                        }
                    }, 
                    {
                        "status": "", 
                        "raw": "Thu Jul 15 17:26:44 2021.054229 chgrp@7f04e9c521e4[1599] read(6, 0x5576d1572730, 4096) = 2995\n", 
                        "api": "read", 
                        "return_value": "2995", 
                        "instruction_pointer": "7f04e9c521e4", 
                        "time": 1626370004.054229, 
                        "process_name": "chgrp", 
                        "pid": 1599, 
                        "arguments": {
                            "p2": "4096", 
                            "p0": "6", 
                            "p1": "0x5576d1572730"
                        }
                    }, 
                    {
                        "status": "", 
                        "raw": "Thu Jul 15 17:26:44 2021.054250 chgrp@7f04e9c521e4[1599] read(6, 0x5576d1572730, 4096) = 0\n", 
                        "api": "read", 
                        "return_value": "0", 
                        "instruction_pointer": "7f04e9c521e4", 
                        "time": 1626370004.05425, 
                        "process_name": "chgrp", 
                        "pid": 1599, 
                        "arguments": {
                            "p2": "4096", 
                            "p0": "6", 
                            "p1": "0x5576d1572730"
                        }
                    }, 
                    {
                        "status": "", 
                        "raw": "Thu Jul 15 17:26:44 2021.054259 chgrp@7f04e9c52a17[1599] close(6) = 0\n", 
                        "api": "close", 
                        "return_value": "0", 
                        "instruction_pointer": "7f04e9c52a17", 
                        "time": 1626370004.054259, 
                        "process_name": "chgrp", 
                        "pid": 1599, 
                        "arguments": {
                            "p0": "6"
                        }
                    }, 
                    {
                        "status": "ENOENT", 
                        "raw": "Thu Jul 15 17:26:44 2021.054377 chgrp@7f04e9c51e81[1599] openat(AT_FDCWD, \"/usr/share/locale/en_US.UTF-8/LC_MESSAGES/coreutils.mo\", O_RDONLY) = -2 (ENOENT)\n", 
                        "api": "openat", 
                        "return_value": "-2", 
                        "instruction_pointer": "7f04e9c51e81", 
                        "time": 1626370004.054377, 
                        "process_name": "chgrp", 
                        "pid": 1599, 
                        "arguments": {
                            "p2": "O_RDONLY", 
                            "p0": "AT_FDCWD", 
                            "p1": "/usr/share/locale/en_US.UTF-8/LC_MESSAGES/coreutils.mo"
                        }
                    }, 
                    {
                        "status": "ENOENT", 
                        "raw": "Thu Jul 15 17:26:44 2021.054398 chgrp@7f04e9c51e81[1599] openat(AT_FDCWD, \"/usr/share/locale/en_US.utf8/LC_MESSAGES/coreutils.mo\", O_RDONLY) = -2 (ENOENT)\n", 
                        "api": "openat", 
                        "return_value": "-2", 
                        "instruction_pointer": "7f04e9c51e81", 
                        "time": 1626370004.054398, 
                        "process_name": "chgrp", 
                        "pid": 1599, 
                        "arguments": {
                            "p2": "O_RDONLY", 
                            "p0": "AT_FDCWD", 
                            "p1": "/usr/share/locale/en_US.utf8/LC_MESSAGES/coreutils.mo"
                        }
                    }, 
                    {
                        "status": "ENOENT", 
                        "raw": "Thu Jul 15 17:26:44 2021.054414 chgrp@7f04e9c51e81[1599] openat(AT_FDCWD, \"/usr/share/locale/en_US/LC_MESSAGES/coreutils.mo\", O_RDONLY) = -2 (ENOENT)\n", 
                        "api": "openat", 
                        "return_value": "-2", 
                        "instruction_pointer": "7f04e9c51e81", 
                        "time": 1626370004.054414, 
                        "process_name": "chgrp", 
                        "pid": 1599, 
                        "arguments": {
                            "p2": "O_RDONLY", 
                            "p0": "AT_FDCWD", 
                            "p1": "/usr/share/locale/en_US/LC_MESSAGES/coreutils.mo"
                        }
                    }, 
                    {
                        "status": "ENOENT", 
                        "raw": "Thu Jul 15 17:26:44 2021.054429 chgrp@7f04e9c51e81[1599] openat(AT_FDCWD, \"/usr/share/locale/en.UTF-8/LC_MESSAGES/coreutils.mo\", O_RDONLY) = -2 (ENOENT)\n", 
                        "api": "openat", 
                        "return_value": "-2", 
                        "instruction_pointer": "7f04e9c51e81", 
                        "time": 1626370004.054429, 
                        "process_name": "chgrp", 
                        "pid": 1599, 
                        "arguments": {
                            "p2": "O_RDONLY", 
                            "p0": "AT_FDCWD", 
                            "p1": "/usr/share/locale/en.UTF-8/LC_MESSAGES/coreutils.mo"
                        }
                    }, 
                    {
                        "status": "ENOENT", 
                        "raw": "Thu Jul 15 17:26:44 2021.054444 chgrp@7f04e9c51e81[1599] openat(AT_FDCWD, \"/usr/share/locale/en.utf8/LC_MESSAGES/coreutils.mo\", O_RDONLY) = -2 (ENOENT)\n", 
                        "api": "openat", 
                        "return_value": "-2", 
                        "instruction_pointer": "7f04e9c51e81", 
                        "time": 1626370004.054444, 
                        "process_name": "chgrp", 
                        "pid": 1599, 
                        "arguments": {
                            "p2": "O_RDONLY", 
                            "p0": "AT_FDCWD", 
                            "p1": "/usr/share/locale/en.utf8/LC_MESSAGES/coreutils.mo"
                        }
                    }, 
                    {
                        "status": "ENOENT", 
                        "raw": "Thu Jul 15 17:26:44 2021.054460 chgrp@7f04e9c51e81[1599] openat(AT_FDCWD, \"/usr/share/locale/en/LC_MESSAGES/coreutils.mo\", O_RDONLY) = -2 (ENOENT)\n", 
                        "api": "openat", 
                        "return_value": "-2", 
                        "instruction_pointer": "7f04e9c51e81", 
                        "time": 1626370004.05446, 
                        "process_name": "chgrp", 
                        "pid": 1599, 
                        "arguments": {
                            "p2": "O_RDONLY", 
                            "p0": "AT_FDCWD", 
                            "p1": "/usr/share/locale/en/LC_MESSAGES/coreutils.mo"
                        }
                    }, 
                    {
                        "status": "ENOENT", 
                        "raw": "Thu Jul 15 17:26:44 2021.054477 chgrp@7f04e9c51e81[1599] openat(AT_FDCWD, \"/usr/share/locale-langpack/en_US.UTF-8/LC_MESSAGES/coreutils.mo\", O_RDONLY) = -2 (ENOENT)\n", 
                        "api": "openat", 
                        "return_value": "-2", 
                        "instruction_pointer": "7f04e9c51e81", 
                        "time": 1626370004.054477, 
                        "process_name": "chgrp", 
                        "pid": 1599, 
                        "arguments": {
                            "p2": "O_RDONLY", 
                            "p0": "AT_FDCWD", 
                            "p1": "/usr/share/locale-langpack/en_US.UTF-8/LC_MESSAGES/coreutils.mo"
                        }
                    }, 
                    {
                        "status": "ENOENT", 
                        "raw": "Thu Jul 15 17:26:44 2021.054493 chgrp@7f04e9c51e81[1599] openat(AT_FDCWD, \"/usr/share/locale-langpack/en_US.utf8/LC_MESSAGES/coreutils.mo\", O_RDONLY) = -2 (ENOENT)\n", 
                        "api": "openat", 
                        "return_value": "-2", 
                        "instruction_pointer": "7f04e9c51e81", 
                        "time": 1626370004.054493, 
                        "process_name": "chgrp", 
                        "pid": 1599, 
                        "arguments": {
                            "p2": "O_RDONLY", 
                            "p0": "AT_FDCWD", 
                            "p1": "/usr/share/locale-langpack/en_US.utf8/LC_MESSAGES/coreutils.mo"
                        }
                    }, 
                    {
                        "status": "ENOENT", 
                        "raw": "Thu Jul 15 17:26:44 2021.054509 chgrp@7f04e9c51e81[1599] openat(AT_FDCWD, \"/usr/share/locale-langpack/en_US/LC_MESSAGES/coreutils.mo\", O_RDONLY) = -2 (ENOENT)\n", 
                        "api": "openat", 
                        "return_value": "-2", 
                        "instruction_pointer": "7f04e9c51e81", 
                        "time": 1626370004.054509, 
                        "process_name": "chgrp", 
                        "pid": 1599, 
                        "arguments": {
                            "p2": "O_RDONLY", 
                            "p0": "AT_FDCWD", 
                            "p1": "/usr/share/locale-langpack/en_US/LC_MESSAGES/coreutils.mo"
                        }
                    }, 
                    {
                        "status": "ENOENT", 
                        "raw": "Thu Jul 15 17:26:44 2021.054527 chgrp@7f04e9c51e81[1599] openat(AT_FDCWD, \"/usr/share/locale-langpack/en.UTF-8/LC_MESSAGES/coreutils.mo\", O_RDONLY) = -2 (ENOENT)\n", 
                        "api": "openat", 
                        "return_value": "-2", 
                        "instruction_pointer": "7f04e9c51e81", 
                        "time": 1626370004.054527, 
                        "process_name": "chgrp", 
                        "pid": 1599, 
                        "arguments": {
                            "p2": "O_RDONLY", 
                            "p0": "AT_FDCWD", 
                            "p1": "/usr/share/locale-langpack/en.UTF-8/LC_MESSAGES/coreutils.mo"
                        }
                    }, 
                    {
                        "status": "ENOENT", 
                        "raw": "Thu Jul 15 17:26:44 2021.054543 chgrp@7f04e9c51e81[1599] openat(AT_FDCWD, \"/usr/share/locale-langpack/en.utf8/LC_MESSAGES/coreutils.mo\", O_RDONLY) = -2 (ENOENT)\n", 
                        "api": "openat", 
                        "return_value": "-2", 
                        "instruction_pointer": "7f04e9c51e81", 
                        "time": 1626370004.054543, 
                        "process_name": "chgrp", 
                        "pid": 1599, 
                        "arguments": {
                            "p2": "O_RDONLY", 
                            "p0": "AT_FDCWD", 
                            "p1": "/usr/share/locale-langpack/en.utf8/LC_MESSAGES/coreutils.mo"
                        }
                    }, 
                    {
                        "status": "", 
                        "raw": "Thu Jul 15 17:26:44 2021.054559 chgrp@7f04e9c51e81[1599] openat(AT_FDCWD, \"/usr/share/locale-langpack/en/LC_MESSAGES/coreutils.mo\", O_RDONLY) = 6\n", 
                        "api": "openat", 
                        "return_value": "6", 
                        "instruction_pointer": "7f04e9c51e81", 
                        "time": 1626370004.054559, 
                        "process_name": "chgrp", 
                        "pid": 1599, 
                        "arguments": {
                            "p2": "O_RDONLY", 
                            "p0": "AT_FDCWD", 
                            "p1": "/usr/share/locale-langpack/en/LC_MESSAGES/coreutils.mo"
                        }
                    }, 
                    {
                        "status": "", 
                        "raw": "Thu Jul 15 17:26:44 2021.054572 chgrp@7f04e9c51893[1599] fstat(6, 0x7fff9e0d8280) = 0\n", 
                        "api": "fstat", 
                        "return_value": "0", 
                        "instruction_pointer": "7f04e9c51893", 
                        "time": 1626370004.054572, 
                        "process_name": "chgrp", 
                        "pid": 1599, 
                        "arguments": {
                            "p0": "6", 
                            "p1": "0x7fff9e0d8280"
                        }
                    }, 
                    {
                        "status": "", 
                        "raw": "Thu Jul 15 17:26:44 2021.054582 chgrp@7f04e9c5d813[1599] mmap2(0x0, 578, PROT_READ, MAP_PRIVATE, 6, 0) = 0x7f04ea15b000\n", 
                        "api": "mmap2", 
                        "return_value": "0x7f04ea15b000", 
                        "instruction_pointer": "7f04e9c5d813", 
                        "time": 1626370004.054582, 
                        "process_name": "chgrp", 
                        "pid": 1599, 
                        "arguments": {
                            "p2": "PROT_READ", 
                            "p3": "MAP_PRIVATE", 
                            "p0": "0x0", 
                            "p1": "578", 
                            "p4": "6", 
                            "p5": "0"
                        }
                    }, 
                    {
                        "status": "", 
                        "raw": "Thu Jul 15 17:26:44 2021.054602 chgrp@7f04e9c52a17[1599] close(6) = 0\n", 
                        "api": "close", 
                        "return_value": "0", 
                        "instruction_pointer": "7f04e9c52a17", 
                        "time": 1626370004.054602, 
                        "process_name": "chgrp", 
                        "pid": 1599, 
                        "arguments": {
                            "p0": "6"
                        }
                    }, 
                    {
                        "status": "", 
                        "raw": "Thu Jul 15 17:26:44 2021.054634 chgrp@7f04e9c52224[1599] write(2, \"/tmp/chgrp: \", 12) = 12\n", 
                        "api": "write", 
                        "return_value": "12", 
                        "instruction_pointer": "7f04e9c52224", 
                        "time": 1626370004.054634, 
                        "process_name": "chgrp", 
                        "pid": 1599, 
                        "arguments": {
                            "p2": "12", 
                            "p0": "2", 
                            "p1": "/tmp/chgrp: "
                        }
                    }, 
                    {
                        "status": "", 
                        "raw": "Thu Jul 15 17:26:44 2021.054658 chgrp@7f04e9c52224[1599] write(2, \"missing operand\", 15) = 15\n", 
                        "api": "write", 
                        "return_value": "15", 
                        "instruction_pointer": "7f04e9c52224", 
                        "time": 1626370004.054658, 
                        "process_name": "chgrp", 
                        "pid": 1599, 
                        "arguments": {
                            "p2": "15", 
                            "p0": "2", 
                            "p1": "missing operand"
                        }
                    }, 
                    {
                        "status": "", 
                        "raw": "Thu Jul 15 17:26:44 2021.054671 chgrp@7f04e9c52224[1599] write(2, \"\\n\", 1) = 1\n", 
                        "api": "write", 
                        "return_value": "1", 
                        "instruction_pointer": "7f04e9c52224", 
                        "time": 1626370004.054671, 
                        "process_name": "chgrp", 
                        "pid": 1599, 
                        "arguments": {
                            "p2": "1", 
                            "p0": "2", 
                            "p1": "\n"
                        }
                    }, 
                    {
                        "status": "", 
                        "raw": "Thu Jul 15 17:26:44 2021.054691 chgrp@7f04e9c52224[1599] write(2, \"Try '/tmp/chgrp --help' for more information.\\n\", 46) = 46\n", 
                        "api": "write", 
                        "return_value": "46", 
                        "instruction_pointer": "7f04e9c52224", 
                        "time": 1626370004.054691, 
                        "process_name": "chgrp", 
                        "pid": 1599, 
                        "arguments": {
                            "p2": "46", 
                            "p0": "2", 
                            "p1": "Try '/tmp/chgrp --help' for more information.\n"
                        }
                    }, 
                    {
                        "status": "", 
                        "raw": "Thu Jul 15 17:26:44 2021.054704 chgrp@7f04e9c52a17[1599] close(1) = 0\n", 
                        "api": "close", 
                        "return_value": "0", 
                        "instruction_pointer": "7f04e9c52a17", 
                        "time": 1626370004.054704, 
                        "process_name": "chgrp", 
                        "pid": 1599, 
                        "arguments": {
                            "p0": "1"
                        }
                    }, 
                    {
                        "status": "", 
                        "raw": "Thu Jul 15 17:26:44 2021.054713 chgrp@7f04e9c52a17[1599] close(2) = 0\n", 
                        "api": "close", 
                        "return_value": "0", 
                        "instruction_pointer": "7f04e9c52a17", 
                        "time": 1626370004.054713, 
                        "process_name": "chgrp", 
                        "pid": 1599, 
                        "arguments": {
                            "p0": "2"
                        }
                    }, 
                    {
                        "status": "", 
                        "raw": "Thu Jul 15 17:26:44 2021.054724 chgrp@7f04e9c26bd6[1599] exit_group(1)\n", 
                        "api": "exit_group", 
                        "return_value": "", 
                        "instruction_pointer": "7f04e9c26bd6", 
                        "time": 1626370004.054724, 
                        "process_name": "chgrp", 
                        "pid": 1599, 
                        "arguments": {
                            "p0": "1"
                        }
                    }
                ], 
                "pid": 1599, 
                "process_name": "chgrp", 
                "command_line": "/tmp/chgrp", 
                "first_seen": 1626370004.053373, 
                "ppid": 1598, 
                "type": "process"
            }
        ], 
        "processtree": [
            {
                "track": true, 
                "pid": 1599, 
                "process_name": "chgrp", 
                "command_line": "/tmp/chgrp", 
                "first_seen": 1626370004.053373, 
                "ppid": 1598, 
                "children": []
            }
        ]
    }, 
    "debug": {
        "action": [], 
        "dbgview": [], 
        "errors": [], 
        "log": [
            "2021-07-15 19:26:40,031 [root] DEBUG: Starting analyzer from: /tmpl0avAL\n", 
            "2021-07-15 19:26:40,032 [root] DEBUG: Storing results at: /tmp/TeqQSV\n", 
            "2021-07-15 19:26:40,032 [root] DEBUG: BIANCA DEBUG: \n", 
            "2021-07-15 19:26:40,032 [root] DEBUG: No analysis package specified, trying to detect it automagically.\n", 
            "2021-07-15 19:26:40,032 [root] INFO: Automatically selected analysis package \"generic\"\n", 
            "2021-07-15 19:26:40,086 [root] DEBUG: Bianca DEBUG[<class 'modules.auxiliary.stap.STAP'>]\n", 
            "2021-07-15 19:26:40,102 [modules.auxiliary.stap] WARNING: BIANCA DEBUG: IT GOT TO STAP INIT\n", 
            "2021-07-15 19:26:40,102 [modules.auxiliary.stap] WARNING: BIANCA DEBUG: STAP STARTEDDDDDDDDDDDD\n", 
            "2021-07-15 19:26:40,103 [modules.auxiliary.stap] WARNING: BIANCAAAA stap path: /root/.cuckoo/stap_.ko\n", 
            "2021-07-15 19:26:40,103 [modules.auxiliary.stap] WARNING: HELLO DARKNESS MY OLD FRIENDDD\n", 
            "2021-07-15 19:26:40,109 [modules.auxiliary.stap] WARNING: IT STARTED NOW NOW NOW\n", 
            "2021-07-15 19:26:44,048 [modules.auxiliary.stap] DEBUG: STAP aux module startup took 3.94 seconds\n", 
            "2021-07-15 19:26:44,048 [root] DEBUG: Started auxiliary module STAP\n", 
            "2021-07-15 19:26:44,051 [root] INFO: Added new process to list with pid: 1598\n", 
            "2021-07-15 19:26:45,056 [root] INFO: Process with pid 1598 has terminated\n", 
            "2021-07-15 19:26:45,056 [root] INFO: Process list is empty, terminating analysis.\n", 
            "2021-07-15 19:26:46,058 [modules.auxiliary.stap] DEBUG: stap subprocess retval None\n", 
            "2021-07-15 19:26:46,059 [modules.auxiliary.stap] DEBUG: BIANCA SEND FILE FROM STRAP: stap.log -> logs/all.stap\n", 
            "2021-07-15 19:26:46,062 [root] INFO: Analysis completed.\n"
        ], 
        "cuckoo": [
            "2021-07-15 19:26:41,642 [cuckoo.core.scheduler] INFO: Task #24: acquired machine cuc (label=cuc)\n", 
            "2021-07-15 19:26:41,642 [cuckoo.core.resultserver] DEBUG: Now tracking machine 192.168.56.101 for task #24\n", 
            "2021-07-15 19:26:41,643 [cuckoo.core.plugins] DEBUG: Started auxiliary module: Replay\n", 
            "2021-07-15 19:26:41,648 [cuckoo.auxiliary.sniffer] INFO: Started sniffer with PID 26366 (interface=vboxnet0, host=192.168.56.101)\n", 
            "2021-07-15 19:26:41,649 [cuckoo.core.plugins] DEBUG: Started auxiliary module: Sniffer\n", 
            "2021-07-15 19:26:41,769 [cuckoo.machinery.virtualbox] DEBUG: Starting vm cuc\n", 
            "2021-07-15 19:26:41,948 [cuckoo.machinery.virtualbox] DEBUG: Restoring virtual machine cuc to final_3\n", 
            "2021-07-15 19:26:48,621 [cuckoo.core.guest] INFO: Starting analysis #24 on guest (id=cuc, ip=192.168.56.101)\n", 
            "2021-07-15 19:26:49,628 [cuckoo.core.guest] DEBUG: cuc: not ready yet\n", 
            "2021-07-15 19:26:50,635 [cuckoo.core.guest] DEBUG: cuc: not ready yet\n", 
            "2021-07-15 19:26:51,640 [cuckoo.core.guest] DEBUG: cuc: not ready yet\n", 
            "2021-07-15 19:26:51,648 [cuckoo.core.guest] INFO: Guest is running Cuckoo Agent 0.10 (id=cuc, ip=192.168.56.101)\n", 
            "2021-07-15 19:26:51,656 [cuckoo.core.guest] DEBUG: Uploading analyzer to guest (id=cuc, ip=192.168.56.101, monitor=latest, size=31337)\n", 
            "2021-07-15 19:26:51,854 [cuckoo.core.resultserver] DEBUG: Task #24: live log analysis.log initialized.\n", 
            "2021-07-15 19:26:56,846 [cuckoo.core.guest] DEBUG: cuc: analysis #24 still processing\n", 
            "2021-07-15 19:26:57,923 [cuckoo.core.resultserver] DEBUG: Task #24: File upload for 'logs/all.stap'\n", 
            "2021-07-15 19:26:57,925 [cuckoo.core.resultserver] DEBUG: Task #24 uploaded file length: 12781\n", 
            "2021-07-15 19:27:01,874 [cuckoo.core.guest] DEBUG: cuc: analysis #24 still processing\n", 
            "2021-07-15 19:27:06,905 [cuckoo.core.guest] DEBUG: cuc: analysis #24 still processing\n", 
            "2021-07-15 19:27:11,935 [cuckoo.core.guest] DEBUG: cuc: analysis #24 still processing\n", 
            "2021-07-15 19:27:16,961 [cuckoo.core.guest] DEBUG: cuc: analysis #24 still processing\n", 
            "2021-07-15 19:27:21,986 [cuckoo.core.guest] DEBUG: cuc: analysis #24 still processing\n", 
            "2021-07-15 19:27:27,012 [cuckoo.core.guest] DEBUG: cuc: analysis #24 still processing\n", 
            "2021-07-15 19:27:32,039 [cuckoo.core.guest] DEBUG: cuc: analysis #24 still processing\n", 
            "2021-07-15 19:27:37,066 [cuckoo.core.guest] DEBUG: cuc: analysis #24 still processing\n", 
            "2021-07-15 19:27:42,090 [cuckoo.core.guest] DEBUG: cuc: analysis #24 still processing\n", 
            "2021-07-15 19:27:47,116 [cuckoo.core.guest] DEBUG: cuc: analysis #24 still processing\n", 
            "2021-07-15 19:27:52,141 [cuckoo.core.guest] DEBUG: cuc: analysis #24 still processing\n", 
            "2021-07-15 19:27:57,167 [cuckoo.core.guest] DEBUG: cuc: analysis #24 still processing\n", 
            "2021-07-15 19:28:02,193 [cuckoo.core.guest] DEBUG: cuc: analysis #24 still processing\n", 
            "2021-07-15 19:28:07,220 [cuckoo.core.guest] DEBUG: cuc: analysis #24 still processing\n", 
            "2021-07-15 19:28:12,246 [cuckoo.core.guest] DEBUG: cuc: analysis #24 still processing\n", 
            "2021-07-15 19:28:17,273 [cuckoo.core.guest] DEBUG: cuc: analysis #24 still processing\n", 
            "2021-07-15 19:28:22,301 [cuckoo.core.guest] DEBUG: cuc: analysis #24 still processing\n", 
            "2021-07-15 19:28:27,326 [cuckoo.core.guest] DEBUG: cuc: analysis #24 still processing\n", 
            "2021-07-15 19:28:32,353 [cuckoo.core.guest] DEBUG: cuc: analysis #24 still processing\n", 
            "2021-07-15 19:28:37,379 [cuckoo.core.guest] DEBUG: cuc: analysis #24 still processing\n", 
            "2021-07-15 19:28:42,406 [cuckoo.core.guest] DEBUG: cuc: analysis #24 still processing\n", 
            "2021-07-15 19:28:47,432 [cuckoo.core.guest] DEBUG: cuc: analysis #24 still processing\n", 
            "2021-07-15 19:28:52,458 [cuckoo.core.guest] DEBUG: cuc: analysis #24 still processing\n", 
            "2021-07-15 19:28:57,488 [cuckoo.core.guest] DEBUG: cuc: analysis #24 still processing\n", 
            "2021-07-15 19:29:02,515 [cuckoo.core.guest] DEBUG: cuc: analysis #24 still processing\n", 
            "2021-07-15 19:29:07,543 [cuckoo.core.guest] DEBUG: cuc: analysis #24 still processing\n", 
            "2021-07-15 19:29:12,569 [cuckoo.core.guest] DEBUG: cuc: analysis #24 still processing\n", 
            "2021-07-15 19:29:17,596 [cuckoo.core.guest] DEBUG: cuc: analysis #24 still processing\n", 
            "2021-07-15 19:29:22,624 [cuckoo.core.guest] DEBUG: "
        ]
    }, 
    "strings": [
        "/lib64/ld-linux-x86-64.so.2", 
        "libc.so.6", 
        "fflush", 
        "strcpy", 
        "__printf_chk", 
        "readdir", 
        "setlocale", 
        "mbrtowc", 
        "strncmp", 
        "optind", 
        "strrchr", 
        "dcgettext", 
        "getpwuid", 
        "closedir", 
        "fchdir", 
        "getgrgid", 
        "__stack_chk_fail", 
        "__lxstat", 
        "iswprint", 
        "realloc", 
        "fstatfs", 
        "program_invocation_name", 
        "__assert_fail", 
        "__ctype_get_mb_cur_max", 
        "fts_close", 
        "calloc", 
        "strlen", 
        "ungetc", 
        "memset", 
        "__errno_location", 
        "memcmp", 
        "endgrent", 
        "__fprintf_chk", 
        "getgrnam", 
        "fchown", 
        "stdout", 
        "fts_read", 
        "memcpy", 
        "fclose", 
        "strtoul", 
        "malloc", 
        "fdopendir", 
        "__openat_2", 
        "mbsinit", 
        "__uflow", 
        "nl_langinfo", 
        "__ctype_b_loc", 
        "getenv", 
        "fts_set", 
        "optarg", 
        "__freading", 
        "stderr", 
        "fchownat", 
        "fscanf", 
        "getopt_long", 
        "__fxstat", 
        "fileno", 
        "fwrite", 
        "__fpending", 
        "strchr", 
        "program_invocation_short_name", 
        "fdopen", 
        "__cxa_finalize", 
        "fts_open", 
        "openat", 
        "__xstat", 
        "memmove", 
        "bindtextdomain", 
        "__fxstatat", 
        "fts_children", 
        "strcmp", 
        "__libc_start_main", 
        "stpcpy", 
        "fseeko", 
        "fputs_unlocked", 
        "__progname", 
        "__progname_full", 
        "__cxa_atexit", 
        "quote_quoting_options", 
        "Version", 
        "_IO_stdin_used", 
        "quoting_style_vals", 
        "quoting_style_args", 
        "exit_failure", 
        "program_name", 
        "version_etc_copyright", 
        "GLIBC_2.3", 
        "GLIBC_2.3.4", 
        "GLIBC_2.14", 
        "GLIBC_2.7", 
        "GLIBC_2.4", 
        "GLIBC_2.2.5", 
        "_ITM_deregisterTMCloneTable", 
        "__gmon_start__", 
        "_ITM_registerTMCloneTable", 
        "[]A\\A]A^A_", 
        "ATUStOH", 
        "AWAVAUATE", 
        "[]A\\A]A^A_", 
        "A9t$ A", 
        "[]A\\A]A^A_", 
        "D$(u-H", 
        "[]A\\A]A^A_", 
        "AWAVLc", 
        "[]A\\A]A^A_", 
        "8[]A\\A]A^A_", 
        "8[]A\\A]A^A_", 
        "L$8dH3", 
        "T$8dH3", 
        "t$8dH34%(", 
        "L$8dH3", 
        ")D$ t2H", 
        "|$8dH3<%(", 
        "AWAVAUATM", 
        "AQAUATAWAVL", 
        "([]A\\A]A^A_", 
        "[]A\\A]A^A_H", 
        "[]A\\A]A^A_1", 
        "[]A\\A]A^A_", 
        "([]A\\A]A^A_", 
        "ATAWAVL", 
        "([]A\\A]A^A_", 
        "AUATAWAVL", 
        "D$XdH3", 
        "D$xdH3", 
        "TUUUUUUUI", 
        "SUUUUUUUH9", 
        "AWAVAUATUSH", 
        "dH3<%(", 
        "([]A\\A]A^A_", 
        "[]A\\A]", 
        "[]A\\A]", 
        "[]A\\A]", 
        "t4~%H=OAFSt*H=BSFXt-H=sIeRt%", 
        "dH3<%(", 
        "[]A\\A]A^A_", 
        "Sp[]A\\", 
        "H91tKH", 
        "AUATUSH", 
        "H;\\$8H", 
        "U H;T$(", 
        "M0H+L$", 
        "H;\\$8L", 
        "h[]A\\A]A^A_", 
        "[]A\\A]A^A_", 
        "AWAVAUATUSH", 
        "[]A\\A]A^A_", 
        "AVAUATUSH", 
        "]A\\A]A^", 
        "]A\\A]A^", 
        "[]A\\A]A^", 
        "AVAUATUA", 
        "[]A\\A]A^", 
        "]A\\A]A^", 
        "]A\\A]A^", 
        "[]A\\A]", 
        "t9[]A\\", 
        "]A\\A]A^", 
        "[]A\\A]A^", 
        "]A\\A]A^", 
        "AWAVAUATUSH", 
        "[]A\\A]A^A_", 
        "[]A\\A]A^A_", 
        "[]A\\A]H", 
        "AWAVAUATUSH", 
        "[]A\\A]A^A_", 
        "[]A\\A]A^A_", 
        "L$XdH3", 
        "AUATUSH", 
        "[]A\\A]", 
        "AUATUSH", 
        "[]A\\A]A^A_", 
        "charset.", 
        "aliafA", 
        "dH34%(", 
        "AUATUS", 
        "[]A\\A]", 
        "u0[]A\\", 
        "G H9G(u", 
        "[]A\\A]A^A_", 
        "test invocation", 
        "Multi-call invocation", 
        "sha224sum", 
        "sha2 utilities", 
        "sha256sum", 
        "sha384sum", 
        "sha512sum", 
        "%s online help: <%s>", 
        "GNU coreutils", 
        "/usr/share/locale", 
        "Jim Meyering", 
        "David MacKenzie", 
        "HLPRcfhv", 
        "missing operand", 
        "missing operand after %s", 
        "invalid group: %s", 
        "recursive", 
        "changes", 
        "no-dereference", 
        "no-preserve-root", 
        "silent", 
        "verbose", 
        "version", 
        "Try '%s --help' for more information.", 
        "Usage: %s [OPTION]... GROUP FILE...", 
        "  or:  %s [OPTION]... --reference=RFILE FILE...", 
        "Change the group of each FILE to GROUP.", 
        "With --reference, change the group of each FILE to that of RFILE.", 
        "  -c, --changes          like verbose but report only when a change is made", 
        "  -f, --silent, --quiet  suppress most error messages", 
        "  -v, --verbose          output a diagnostic for every file processed", 
        "      --dereference      affect the referent of each symbolic link (this is", 
        "                         the default), rather than the symbolic link itself", 
        "  -h, --no-dereference   affect symbolic links instead of any referenced file", 
        "                         (useful only on systems that can change the", 
        "                         ownership of a symlink)", 
        "      --no-preserve-root  do not treat '/' specially (the default)", 
        "      --preserve-root    fail to operate recursively on '/'", 
        "      --reference=RFILE  use RFILE's group rather than specifying a", 
        "                         GROUP value", 
        "  -R, --recursive        operate on files and directories recursively", 
        "The following options modify how a hierarchy is traversed when the -R", 
        "option is also specified.  If more than one is specified, only the final", 
        "one takes effect.", 
        "  -H                     if a command line argument is a symbolic link", 
        "                         to a directory, traverse it", 
        "  -L                     traverse every symbolic link to a directory", 
        "                         encountered", 
        "  -P                     do not traverse any symbolic links (default)", 
        "      --help     display this help and exit", 
        "      --version  output version information and exit", 
        "Examples:", 
        "  %s staff /u      Change the group of /u to \"staff\".", 
        "  %s -hR staff /u  Change the group of /u and subfiles to \"staff\".", 
        "http://www.gnu.org/software/coreutils/", 
        "Report %s translation bugs to <http://translationproject.org/team/>", 
        "Full documentation at: <%s%s>", 
        "or available locally via: info '(coreutils) %s%s'", 
        "-R --dereference requires either -H or -L", 
        "failed to get attributes of %s", 
        "cannot access %s", 
        "cannot read directory %s", 
        "cannot dereference %s", 
        "changing ownership of %s", 
        "changing group of %s", 
        "no change to ownership of %s", 
        "group of %s retained as %s", 
        "ownership of %s retained", 
        "fts_read failed", 
        "fts_close failed", 
        "it is dangerous to operate recursively on %s", 
        "it is dangerous to operate recursively on %s (same as %s)", 
        "use --no-preserve-root to override this failsafe", 
        "WARNING: Circular directory structure.", 
        "This almost certainly means that you have a corrupted file system.", 
        "NOTIFY YOUR SYSTEM MANAGER.", 
        "The following directory is part of the cycle:", 
        "changed ownership of %s from %s to %s", 
        "changed group of %s from %s to %s", 
        "failed to change ownership of %s from %s to %s", 
        "failed to change group of %s from %s to %s", 
        "failed to change ownership of %s", 
        "failed to change ownership of %s to %s", 
        "failed to change group of %s to %s", 
        "ownership of %s retained as %s", 
        "neither symbolic link %s nor referent has been changed", 
        "write error", 
        "%s: %s", 
        "A NULL argv[0] was passed through an exec system call.", 
        "/.libs/", 
        "literal", 
        "shell-always", 
        "shell-escape", 
        "shell-escape-always", 
        "c-maybe", 
        "clocale", 
        "%s (%s) %s", 
        "Written by %s.", 
        "Written by %s and %s.", 
        "Written by %s, %s, and %s.", 
        "Report bugs to: %s", 
        "bug-coreutils@gnu.org", 
        "%s home page: <%s>", 
        "License GPLv3+: GNU GPL version 3 or later <http://gnu.org/licenses/gpl.html>.", 
        "This is free software: you are free to change and redistribute it.", 
        "There is NO WARRANTY, to the extent permitted by law.", 
        "Written by %s, %s, %s,", 
        "and %s.", 
        "Written by %s, %s, %s,", 
        "%s, and %s.", 
        "Written by %s, %s, %s,", 
        "%s, %s, and %s.", 
        "Written by %s, %s, %s,", 
        "%s, %s, %s, and %s.", 
        "Written by %s, %s, %s,", 
        "%s, %s, %s, %s,", 
        "and %s.", 
        "Written by %s, %s, %s,", 
        "%s, %s, %s, %s,", 
        "%s, and %s.", 
        "Written by %s, %s, %s,", 
        "%s, %s, %s, %s,", 
        "%s, %s, and others.", 
        "General help using GNU software: <http://www.gnu.org/gethelp/>", 
        "Copyright %s %d Free Software Foundation, Inc.", 
        "memory exhausted", 
        "lib/xfts.c", 
        "errno != EINVAL", 
        "xfts_open", 
        "lib/xstrtol.c", 
        "0 <= strtol_base && strtol_base <= 36", 
        "xstrtoul", 
        "lib/cycle-check.c", 
        "state->magic == 9827862", 
        "cycle_check", 
        "# entries:         %lu", 
        "# buckets:         %lu", 
        "max bucket length: %lu", 
        "# buckets used:    %lu (%.2f%%)", 
        "Y@ASCII", 
        "/usr/lib/x86_64-linux-gnu", 
        "CHARSETALIASDIR", 
        "%50s %50s", 
        "8113f4f7f257b5b8bc43e280474a6e916cf42b.debug", 
        ".shstrtab", 
        ".interp", 
        ".note.ABI-tag", 
        ".note.gnu.build-id", 
        ".gnu.hash", 
        ".dynsym", 
        ".dynstr", 
        ".gnu.version", 
        ".gnu.version_r", 
        ".rela.dyn", 
        ".rela.plt", 
        ".plt.got", 
        ".rodata", 
        ".eh_frame_hdr", 
        ".eh_frame", 
        ".init_array", 
        ".fini_array", 
        ".data.rel.ro", 
        ".dynamic", 
        ".gnu_debuglink"
    ], 
    "metadata": {
        "output": {
            "pcap": {
                "basename": "dump.pcap", 
                "sha256": "f6f1be75e0a8129360eaa5b68a3618ad37493641df6cb49e750eeb05fd5b96bb", 
                "dirname": ""
            }
        }
    }
}