{"started_on": {"$dt": "2021-07-15T17:15:23.738034"}, "duration": 202, "sample_id": 9, "owner": null, "id": 10, "category": "file", "priority": 2, "guest": {"status": "stopped", "name": "cuc", "label": "cuc", "manager": "VirtualBox", "started_on": "2021-07-15 17:15:25", "shutdown_on": "2021-07-15 17:18:46"}, "clock": {"$dt": "2021-07-15T17:15:22.815608"}, "custom": null, "machine": null, "platform": "linux", "memory": false, "status": "completed", "tags": [], "processing": null, "enforce_timeout": false, "completed_on": {"$dt": "2021-07-15T17:18:46.475416"}, "target": "/tmp/cuckoo-tmp-cuckoo/tmpYzxlsS/vlc.sh", "package": "generic", "route": "none", "timeout": 120, "submit_id": 10, "options": {"procmemdump": "yes", "route": "none"}, "added_on": {"$dt": "2021-07-15T17:15:22.815691"}}